venue,pool,created_at,result,reason,observed_swap_count,activity_replay_complete,symbol,lp_protection,liquidity_usd,quote_principal_usd,dex_swap_fee_percentage
uniswap-v4,0xa1753c657976b161a7734827c7a780a8930b35d09b78bf699a45fb7b94659a11,2026-09-20T09:32:33+00:00,unresolved,activity_gap_and_other_conditions_unverified,0,False,,,,,
uniswap-v4,0x9f9990f5c5716deee5bc7f99ef3a64785dc5ee64986ee3f9f132c70f23d5b2d7,2026-09-20T09:32:37+00:00,unresolved,activity_gap_and_other_conditions_unverified,0,False,,,,,
uniswap-v4,0xfb6b9963910509970ffb2cdfebf67c3e4791b9370f08e7ff9b01b5aeea77f1e6,2026-09-20T09:33:29+00:00,unresolved,activity_gap_and_other_conditions_unverified,220,False,,,,,
uniswap-v4,0x6c676a65d32d7706fdc65da51b798ff59ef6831499cc58e1facfe7a80affbda0,2026-09-20T09:33:45+00:00,unresolved,activity_gap_and_other_conditions_unverified,85,False,,,,,
uniswap-v4,0x125165f563c41adda7a71faf3c6922d5d929f8221e023e8248dbd5e6f711b4d0,2026-09-20T09:33:49+00:00,unresolved,activity_gap_and_other_conditions_unverified,0,False,,,,,
uniswap-v4,0x515d13aeafe386c3dda83ec9de71fb6a9f1e530efff78c11aa85b81dec9e94e8,2026-09-20T09:33:57+00:00,unresolved,activity_gap_and_other_conditions_unverified,0,False,,,,,
uniswap-v4,0x83dcc43baf33fcc614ad4280da14d9ff62f30aac00925553fa6a0feb3c4896b7,2026-09-20T09:35:21+00:00,unresolved,activity_gap_and_other_conditions_unverified,2,False,,,,,
uniswap-v4,0x2016400f29bb0a9c06e021cc1c7fe80f61c373d0749b81d28972a6862798d4b6,2026-09-20T09:35:23+00:00,unresolved,activity_gap_and_other_conditions_unverified,0,False,,,,,
uniswap-v4,0x727ac60800d5f03bb2b2df888c407088cb9a75cedda2e0666283c9c2aba8b91f,2026-09-20T09:37:37+00:00,unresolved,activity_gap_and_other_conditions_unverified,0,False,,,,,
uniswap-v4,0x544890060812abe179460f224c2d0db351417dd23cdd2bce0d23e96a3dbcb364,2026-09-20T09:38:05+00:00,unresolved,activity_gap_and_other_conditions_unverified,131,False,,,,,
uniswap-v4,0xd6180e6c91ea54fac55f720f0598e0b4b99313b8983773f2263e1eda812251da,2026-09-20T09:38:09+00:00,unresolved,activity_gap_and_other_conditions_unverified,0,False,,,,,
uniswap-v4,0x133e3d57d5d6997ac4a1fc59dc1ea315ea2c37fa46fe21cdee50bb23ad2f1184,2026-09-20T09:38:31+00:00,unresolved,activity_gap_and_other_conditions_unverified,0,False,,,,,
uniswap-v4,0x45d9d159f6f2b5c2487a29a655717897b1a89c6e22606da5776e0a471d3b6daf,2026-09-20T09:38:37+00:00,unresolved,activity_gap_and_other_conditions_unverified,1,False,,,,,
uniswap-v4,0x17ee13140c7a9de7000b0189748d2f6211e2024e21c00c79f7f432de9e55756b,2026-09-20T09:38:45+00:00,unresolved,activity_gap_and_other_conditions_unverified,2,False,,,,,
uniswap-v4,0xe99f4e6488cae510527009d7c43e20a879e1380bd645aceee6a86fc45a479cd8,2026-09-20T09:39:23+00:00,unresolved,activity_gap_and_other_conditions_unverified,0,False,,,,,
uniswap-v4,0x7ac38595179ba51d289ce43416477cebe6ed0565defb209ea7957aa2444354ac,2026-09-20T09:39:41+00:00,unresolved,activity_gap_and_other_conditions_unverified,3,False,,,,,
uniswap-v4,0xe6b9bacae483a085d90f2053b4d65648885d78f8f8d69ec578d05dc2b88b2338,2026-09-20T09:39:43+00:00,unresolved,activity_gap_and_other_conditions_unverified,2,False,,,,,
uniswap-v4,0x8335a72a2f7f2c4aa81dd48df8af1b5bcf67dd86203b1e8b712b1e9a88e2ba50,2026-09-20T09:39:45+00:00,unresolved,activity_gap_and_other_conditions_unverified,0,False,,,,,
uniswap-v4,0x0c947b9f7a524d5f2b617462921e84a0f2fa59a40ed64ffc167343fc67e30f11,2026-09-20T09:40:41+00:00,unresolved,activity_gap_and_other_conditions_unverified,1,False,,,,,
uniswap-v4,0xf4d4e0277fb5b9a89e901d84035006eae67a74e392f666049654955014803254,2026-09-20T09:41:29+00:00,unresolved,activity_gap_and_other_conditions_unverified,1,False,,,,,
uniswap-v4,0xd442f7096f876b728a0a1f6e44d4f4c3f6d5ae1fcb68022e71b247da32232f0e,2026-09-20T09:42:13+00:00,unresolved,activity_gap_and_other_conditions_unverified,1,False,,,,,
uniswap-v4,0x73c8f4bd9066bb2cf6935842db15c12b49227fb88a4cf36364d5a2a27f14fbf6,2026-09-20T09:42:19+00:00,unresolved,activity_gap_and_other_conditions_unverified,230,False,,,,,
uniswap-v4,0x58ebec1bde215c864fda0dd56ce06524b35b1199bb279dc60987bf7c8ba6dd42,2026-09-20T09:44:49+00:00,unresolved,activity_gap_and_other_conditions_unverified,40,False,,,,,
uniswap-v4,0xa15475bde45ded7b39af4a16b7f51db30686d67f4e4fcd786ef57f7e8a9b9a91,2026-09-20T09:44:53+00:00,unresolved,activity_gap_and_other_conditions_unverified,0,False,,,,,
uniswap-v4,0xeb86cda7012c0810857e24f74416877a0caf24459d0ee565e6d7ec7e563aeeaf,2026-09-20T09:45:15+00:00,unresolved,activity_gap_and_other_conditions_unverified,3,False,,,,,
uniswap-v4,0x7eeab1d6703f7d614ec7df8c819037a7d7a50d1d04d14bb2dacf1aad632af4f1,2026-09-20T09:45:31+00:00,unresolved,activity_gap_and_other_conditions_unverified,192,False,,,,,
uniswap-v4,0xd40387d51485c19423434f2cfbb1a7a24eb76f762745e55cf61bb1d936800912,2026-09-20T09:45:45+00:00,unresolved,activity_gap_and_other_conditions_unverified,83,False,,,,,
uniswap-v4,0x29731b9400a39d7cb6b33b7efd5bd05865bc14b6d12d0fd637f522c3b3cb844e,2026-09-20T09:45:49+00:00,unresolved,activity_gap_and_other_conditions_unverified,0,False,,,,,
uniswap-v4,0xcdc86ccc08dbdd2b1a5e4e0415097baea6be51a3ed07992b6333a3700cd6a0ef,2026-09-20T09:46:11+00:00,unresolved,activity_gap_and_other_conditions_unverified,0,False,,,,,
uniswap-v4,0x21a87a0a680ea92a53c5ddf6aa48ea3235d4fdfef77c0bcd1b9b8218274e6941,2026-09-20T09:46:15+00:00,unresolved,activity_gap_and_other_conditions_unverified,0,False,,,,,
uniswap-v4,0x7cd013c006c35dbd333ad474f5c783c662aa8e892cfa0f59b0e1dd3c4169a0f6,2026-09-20T09:46:15+00:00,unresolved,activity_gap_and_other_conditions_unverified,0,False,,,,,
uniswap-v4,0x6168e011e6e63c798c1cea88dc4d648337ad0a59553c90e7ff5bf70ea0c8d2ab,2026-09-20T09:50:07+00:00,unresolved,activity_gap_and_other_conditions_unverified,2,False,,,,,
uniswap-v4,0xc62406ac86a91c253a98a32c928eae2720b0b32955c9712908049f3212ff241a,2026-09-20T09:50:11+00:00,unresolved,activity_gap_and_other_conditions_unverified,0,False,,,,,
uniswap-v4,0x3127bc4c02e1d7608acb5cc2ead30b7d33312ed50921033f452dba3c7df38cd8,2026-09-20T09:53:53+00:00,unresolved,activity_gap_and_other_conditions_unverified,1,False,,,,,
uniswap-v4,0x709d3162f5de23e8529e432fc9be8b40ae6dac0ac35850dab6fb7eb26916d058,2026-09-20T09:54:25+00:00,unresolved,activity_gap_and_other_conditions_unverified,0,False,,,,,
uniswap-v4,0x33253516c2daed8bf898f1446930ba87941c2ce2722d0a63b0b9b74d31cee05f,2026-09-20T09:56:25+00:00,unresolved,activity_gap_and_other_conditions_unverified,0,False,,,,,
uniswap-v4,0x9fc2c041a26f7af0d093ed20e1c0fc4481668147411343a353a91a60f0a692c9,2026-09-20T09:57:13+00:00,unresolved,activity_gap_and_other_conditions_unverified,1,False,,,,,
uniswap-v4,0x955fa878e27483d2f5a1e64df38a0216fe266690618fddb5774268ca102fd585,2026-09-20T09:57:27+00:00,unresolved,activity_gap_and_other_conditions_unverified,0,False,,,,,
uniswap-v4,0x549a52ab0492798b36458ace0ef1e31a63bdacc2addea304a3cae298924580a8,2026-09-20T09:57:27+00:00,unresolved,activity_gap_and_other_conditions_unverified,261,False,,,,,
uniswap-v4,0x94573575458b47ba62889974aa9032baa9e949ff9cfbdddf8882c189e63373fc,2026-09-20T09:57:33+00:00,unresolved,activity_gap_and_other_conditions_unverified,131,False,,,,,
uniswap-v4,0xfab057d66db1d11710dfdb05ab0b855484e437fddef6121fd81ebc2a00e039b1,2026-09-20T09:57:37+00:00,unresolved,activity_gap_and_other_conditions_unverified,0,False,,,,,
uniswap-v4,0x2f20eec5945b32624fb6ccb8ba8716aabea99bc7d8e8590b5a863c283042601a,2026-09-20T09:57:47+00:00,unresolved,activity_gap_and_other_conditions_unverified,0,False,,,,,
uniswap-v4,0x43d31789963792680758026070c5ee50845ac68b02832e56e095ec9016b35553,2026-09-20T09:58:03+00:00,unresolved,activity_gap_and_other_conditions_unverified,212,False,,,,,
uniswap-v4,0x0c49666ac67af67f6fff6fc08650bd8813deed2a2fe52d001fe6317b2a19f085,2026-09-20T09:58:13+00:00,unresolved,activity_gap_and_other_conditions_unverified,1,False,,,,,
uniswap-v4,0x60dab7d3705e72a401cbda52314050b4a8b1e02d324e3c8763f29a4e630c4671,2026-09-20T09:59:23+00:00,unresolved,activity_gap_and_other_conditions_unverified,0,False,,,,,
uniswap-v4,0xc946a3d2bf9d801e7836ad0c393b0e53a628ce98ec77b0dd82a0e281ae605eb2,2026-09-20T09:59:39+00:00,unresolved,activity_gap_and_other_conditions_unverified,0,False,,,,,
uniswap-v4,0xf800210cdad87e6816a5ebd22a6df35b7b018fc5aa50f111068db3af05163bc7,2026-09-20T10:00:13+00:00,unresolved,activity_gap_and_other_conditions_unverified,1,False,,,,,
uniswap-v4,0x9d5e647d9870581f1ede99b233c925c309393823ae10c2b93baca4c9f566a202,2026-09-20T10:00:17+00:00,unresolved,activity_gap_and_other_conditions_unverified,28,False,,,,,
uniswap-v4,0xfd03d5907e3cdf1042b99aeee33e99502b8e2c75d96698daecd6d038932892d1,2026-09-20T10:00:21+00:00,unresolved,activity_gap_and_other_conditions_unverified,0,False,,,,,
uniswap-v4,0xf82f8aef5852ec384252c94e7b0b6f90c6793ac9b5bab21000f2ac361db46a92,2026-09-20T10:00:25+00:00,unresolved,activity_gap_and_other_conditions_unverified,2,False,,,,,
uniswap-v4,0x8aa1e2661b50a45fd657f10754d9f339582e7fab1fdcc81b7e10f228d0046660,2026-09-20T10:00:35+00:00,unresolved,activity_gap_and_other_conditions_unverified,0,False,,,,,
uniswap-v4,0xdb6002d5f45681f1f8e3b77d11ea70cddeaeee5490de1d82d77df7709f353a60,2026-09-20T10:00:39+00:00,unresolved,activity_gap_and_other_conditions_unverified,85,False,,,,,
uniswap-v4,0xb8de888a519bb527fd4254a2e62e93ca93ddf253c5f44cd49df09e43caa2e379,2026-09-20T10:00:43+00:00,unresolved,activity_gap_and_other_conditions_unverified,0,False,,,,,
uniswap-v4,0x0e8f3f22be5507e88c63fe72bb6fc01e568d25b5b7fe88707fa14d0b1ce00c81,2026-09-20T10:01:15+00:00,unresolved,activity_gap_and_other_conditions_unverified,2,False,,,,,
uniswap-v4,0x208669a0a85676c1a95999c0ffb6e762f8acd072ac42a0dd016163473d293b43,2026-09-20T10:01:31+00:00,unresolved,activity_gap_and_other_conditions_unverified,0,False,,,,,
uniswap-v4,0xb6a67eebc893f7bdf91a427010650190902e48ec44344e32f66a85975e8c8124,2026-09-20T10:01:39+00:00,unresolved,activity_gap_and_other_conditions_unverified,2,False,,,,,
uniswap-v4,0x6bd4e0aeb45f0d00c02accd245e81183697aa5862333fa829e007a5fd0c3741d,2026-09-20T10:03:57+00:00,unresolved,activity_gap_and_other_conditions_unverified,1,False,,,,,
uniswap-v4,0x89a6f9b67e18c8053ecb83a2bbc49d5f654541cdaf2d8c79842e1d1338830eb5,2026-09-20T10:04:19+00:00,unresolved,activity_gap_and_other_conditions_unverified,278,False,,,,,
uniswap-v4,0x25dd8590d22b166e1269189413bbb883cc945387f42c61eab16a2b1bd993557e,2026-09-20T10:04:23+00:00,unresolved,activity_gap_and_other_conditions_unverified,0,False,,,,,
uniswap-v4,0x4bdcc19c13c586d0a2084a944cb348e3e9e9af55e36adb2beb6027a40f455ba0,2026-09-20T10:07:29+00:00,unresolved,activity_gap_and_other_conditions_unverified,0,False,,,,,
uniswap-v4,0x1986c2ff5a2f989936b534f037aaab2874ad1e36fe73413d7501521740f95d5b,2026-09-20T10:07:33+00:00,unresolved,activity_gap_and_other_conditions_unverified,2,False,,,,,
uniswap-v4,0xdf75141065cadff222b2f28de7db98e0a7202680c0df0b58ab028306fd8cf9d4,2026-09-20T10:07:39+00:00,unresolved,activity_gap_and_other_conditions_unverified,0,False,,,,,
uniswap-v4,0x6b0053005ace270815419ba444bcae061bbe484073430204f5d33150c939f9e6,2026-09-20T10:08:27+00:00,unresolved,activity_gap_and_other_conditions_unverified,0,False,,,,,
uniswap-v4,0x282891ef3ebf04fb9e3500107e7a99d656afdc4481e836846af7c703a46af96e,2026-09-20T10:08:41+00:00,unresolved,activity_gap_and_other_conditions_unverified,1,False,,,,,
uniswap-v4,0xf687639a85b300c706a1188d549fb7029454fef90a8553a66ace4b5b62f195da,2026-09-20T10:09:49+00:00,unresolved,activity_gap_and_other_conditions_unverified,0,False,,,,,
uniswap-v4,0x11d997a3487bf14013faa97701808258c23ee00de0b011755c9dea2947a97b5e,2026-09-20T10:10:23+00:00,unresolved,activity_gap_and_other_conditions_unverified,185,False,,,,,
uniswap-v4,0x65b48bdaa078e7445ffc21ef841919010db79bf2f30e75ba98e960fefd1e7947,2026-09-20T10:10:31+00:00,unresolved,activity_gap_and_other_conditions_unverified,0,False,,,,,
uniswap-v4,0x8ba24d77a6117df1d4f3c011ea597dc391343e90b29619f9f1ff4980fbdd8875,2026-09-20T10:10:39+00:00,unresolved,activity_gap_and_other_conditions_unverified,19,False,,,,,
uniswap-v4,0x9f6fa190fe66ebda29cd73cec0f2cdde4e0ff80b482069929ef74374f7b6b76b,2026-09-20T10:11:59+00:00,unresolved,activity_gap_and_other_conditions_unverified,1,False,,,,,
uniswap-v4,0x2b77a6f10b097c71d638ba6a5d3e2f61a0de6e9903e05c4286ac5ade002817e5,2026-09-20T10:12:13+00:00,unresolved,activity_gap_and_other_conditions_unverified,1,False,,,,,
uniswap-v4,0x752acfede7b90ca7fbecd2658edcb492db3783becda28d8215de9acbca0339c9,2026-09-20T10:12:33+00:00,unresolved,activity_gap_and_other_conditions_unverified,53,False,,,,,
uniswap-v4,0xccfd5fb4847e62edabc86689c7efcfa30cbd006a73a93749e28781152393161c,2026-09-20T10:12:49+00:00,unresolved,activity_gap_and_other_conditions_unverified,84,False,,,,,
uniswap-v4,0x86f52c679acd1e4f9a34af2569dca171e124ad0dd9ff85965fc25470fb6e437e,2026-09-20T10:12:53+00:00,unresolved,activity_gap_and_other_conditions_unverified,0,False,,,,,
uniswap-v4,0x618519dd42befe689eae24e99cb4ee31252888fc3cc67a96c8b4f619cf81349a,2026-09-20T10:15:15+00:00,unresolved,activity_gap_and_other_conditions_unverified,1,False,,,,,
uniswap-v4,0x2e614f2036ae4f4852dc71f05f34188924e453928e871a84f49e164c9379f1bf,2026-09-20T10:15:31+00:00,unresolved,activity_gap_and_other_conditions_unverified,1,False,,,,,
uniswap-v4,0x334462a28dc372983a3f485987d715420a0d2ab56980cb50f2f7527a2fdf956f,2026-09-20T10:17:01+00:00,unresolved,activity_gap_and_other_conditions_unverified,269,False,,,,,
uniswap-v4,0x19e8a361f6dbb6760c08814077c454346ef62012e94e900eec8061dee6cfe6cb,2026-09-20T10:17:07+00:00,unresolved,activity_gap_and_other_conditions_unverified,0,False,,,,,
uniswap-v4,0xfada22631282f3ae5fe4675cc8977d13d38dbfa92991ea1088365da92780e9c1,2026-09-20T10:17:09+00:00,unresolved,activity_gap_and_other_conditions_unverified,127,False,,,,,
uniswap-v4,0x736655fa36b68cc9ae85288183fbd108a488ea6d2790e3beb68c74d8d95d8ea8,2026-09-20T10:17:13+00:00,unresolved,activity_gap_and_other_conditions_unverified,0,False,,,,,
uniswap-v4,0xdf6dfd534c8bf49638db339e8ae0c681b3206495b92a28e2990224433d6d5d35,2026-09-20T10:18:53+00:00,unresolved,liquidity_history_gap,3,False,,,,,
uniswap-v4,0x458636356a5d597216a9657e12fdea74574cdc74d99f5676f86b3fdce7ef1a6a,2026-09-20T10:20:45+00:00,unresolved,activity_gap_and_other_conditions_unverified,91,False,,,,,
uniswap-v4,0x482da825e7b3aef9ed4d38f69f6de437398a828ac112ab7f069e97652ecfe5f0,2026-09-20T10:22:33+00:00,unresolved,activity_gap_and_other_conditions_unverified,31,False,,,,,
uniswap-v4,0x9343d01b1a0dc662f25dff67fcb17f1c034249ddd4bf9934ee8b55452238dad2,2026-09-20T10:22:45+00:00,unresolved,activity_gap_and_other_conditions_unverified,6,False,,,,,
uniswap-v4,0x63d057c131a6c55752931388ea82e3fa1b24eb7711115b271a880c244bed0be7,2026-09-20T10:22:53+00:00,unresolved,activity_gap_and_other_conditions_unverified,6,False,,,,,
uniswap-v4,0xd136521b04f6beace03b6fb1e456416fd1b6f49487ee4010ce3452595225ce4e,2026-09-20T10:23:03+00:00,unresolved,activity_gap_and_other_conditions_unverified,1,False,,,,,
uniswap-v4,0xd911f6cd48b003e05cab1005506f66237ebcff20ce61c63c13a8c34029d49b14,2026-09-20T10:24:45+00:00,unresolved,activity_gap_and_other_conditions_unverified,71,False,,,,,
uniswap-v4,0x47d014edebb6c90d6ff2e7f6b94a52a4d3882cebb1a3ea318efd61000bd728f4,2026-09-20T10:24:49+00:00,unresolved,activity_gap_and_other_conditions_unverified,0,False,,,,,
uniswap-v3,0xa7f83d9bffb29e2f7f4d17b24493047637dd432b,2026-09-20T10:25:13+00:00,excluded,no_swap_in_complete_creation_to_snapshot_history,0,True,,,,,
uniswap-v4,0x34fb3524398891a6bdafb6c3785d90e0fac4a91b169eb37642ed8a53174959b3,2026-09-20T10:25:33+00:00,unresolved,activity_gap_and_other_conditions_unverified,200,False,,,,,
uniswap-v4,0x57f5fec4b5ee186c1bb2da81c27522b58190b2b5e7d65742b4b7a704730c0d66,2026-09-20T10:26:39+00:00,unresolved,activity_gap_and_other_conditions_unverified,13,False,,,,,
uniswap-v4,0x2eb9038a7d252bff9d035114a2a215f68c5cd4356df706543c67253804f0966c,2026-09-20T10:26:43+00:00,unresolved,activity_gap_and_other_conditions_unverified,1,False,,,,,
uniswap-v4,0xfef9f8cba598ba24c20589db195af7e5e055a4bc027e49374001df413ebf0a77,2026-09-20T10:26:55+00:00,unresolved,activity_gap_and_other_conditions_unverified,0,False,,,,,
uniswap-v4,0x4564325c2f910363a43c43acbc8b41ee3e5b05fbe35bc17ce997e292d5c46624,2026-09-20T10:27:11+00:00,unresolved,activity_gap_and_other_conditions_unverified,1,False,,,,,
uniswap-v4,0xf5d9933b4b2c1ba444b36898572f88261d2b82d42423551a5b9c7de9781aacb6,2026-09-20T10:28:07+00:00,unresolved,activity_gap_and_other_conditions_unverified,1,False,,,,,
uniswap-v4,0x3b2a799fcf129af7d0e097eb511f39b3bb9d22f3aee548bfcc165ee268d7f6dc,2026-09-20T10:30:19+00:00,unresolved,activity_gap_and_other_conditions_unverified,1,False,,,,,
uniswap-v4,0x7902ae0ffb2b3a96d6eaecb38f5b5d7afebfdbd00d2840fb4b696a29ddfedcc3,2026-09-20T10:31:01+00:00,unresolved,activity_gap_and_other_conditions_unverified,7,False,,,,,
uniswap-v4,0x8a979300875f4dc9859815f48c0e6979d0beb117b743edfc0f0ef667b0667929,2026-09-20T10:32:13+00:00,unresolved,activity_gap_and_other_conditions_unverified,56,False,,,,,
uniswap-v4,0xf030bc1c5b35331c4ebdd647085cc8ef71e00196202ed8ba91315d349bf19d98,2026-09-20T10:33:41+00:00,unresolved,activity_gap_and_other_conditions_unverified,1,False,,,,,
uniswap-v4,0xa57fa1a47a403ed1108bc8d15de598405545a45806bfe9b828c75ac407bc58ef,2026-09-20T10:35:15+00:00,unresolved,activity_gap_and_other_conditions_unverified,95,False,,,,,
uniswap-v4,0x1b4af2a1508229a368b7c53e56807769beee9cc26c3e899d7b3f82dbc39bbd17,2026-09-20T10:36:25+00:00,unresolved,activity_gap_and_other_conditions_unverified,12,False,,,,,
uniswap-v4,0xdcd79d92f237c9809025cc3a5050fa5cf7246edba7dec4a30f425cf30261dbf6,2026-09-20T10:36:45+00:00,unresolved,activity_gap_and_other_conditions_unverified,0,False,,,,,
uniswap-v4,0x05c23cc7b27f3b01893474899d9ca590077aa29fa150ec0a3e0deb2cb0f5308d,2026-09-20T10:36:49+00:00,unresolved,activity_gap_and_other_conditions_unverified,0,False,,,,,
uniswap-v4,0x67f54bd16b3a77187947a1e16e8d2da4b8635ae6c8483b6b322633c0c3ffc012,2026-09-20T10:37:47+00:00,unresolved,activity_gap_and_other_conditions_unverified,0,False,,,,,
uniswap-v4,0x21feab7318dea4778490f44c83001eca5b6f79219fda8a355839a0f02230580d,2026-09-20T10:37:51+00:00,unresolved,activity_gap_and_other_conditions_unverified,217,False,,,,,
uniswap-v4,0x507bb0f59fc1b7a02730fbf1a4a49ade1456086886f1ddce0fe48796b718ae57,2026-09-20T10:38:45+00:00,unresolved,activity_gap_and_other_conditions_unverified,1,False,,,,,
uniswap-v4,0xe24eae25303698182856d84784827fe13714dc9ff4db09b284d5edd97661720c,2026-09-20T10:40:15+00:00,unresolved,activity_gap_and_other_conditions_unverified,239,False,,,,,
uniswap-v4,0x8c2a1875a437d49ee4042149acce7b6826c531814efe18806eb813957b8d3240,2026-09-20T10:40:15+00:00,unresolved,activity_gap_and_other_conditions_unverified,0,False,,,,,
uniswap-v4,0x13684f1f9a9cf119d23061409bfa1e6f8c0daac6ff15c7d7c09c9f4075c2bc8b,2026-09-20T10:41:51+00:00,unresolved,activity_gap_and_other_conditions_unverified,18,False,,,,,
uniswap-v4,0xfa7f8754a0ae4cf7a68dc4776b0b432d01c8d23fac6443fe5b681b39fadec842,2026-09-20T10:41:53+00:00,unresolved,activity_gap_and_other_conditions_unverified,1,False,,,,,
uniswap-v4,0xfc6b735a08f56a197e0755516a3d06e1880792930ddfc3ac3cd5c1bf62693475,2026-09-20T10:41:55+00:00,unresolved,activity_gap_and_other_conditions_unverified,0,False,,,,,
uniswap-v4,0x09dc2c29652113646e33e16bcaa360ede9a006732235b0cc0d31616b3f4463e0,2026-09-20T10:42:13+00:00,unresolved,activity_gap_and_other_conditions_unverified,1,False,,,,,
uniswap-v4,0x4fdf97fefcf00e9128ad6f27cb31396dc72a8056e504a4e80c43780912e7c0a8,2026-09-20T10:43:27+00:00,unresolved,activity_gap_and_other_conditions_unverified,0,False,,,,,
uniswap-v4,0x1ea29b3cfc9daa1e4baa4314f3857a949a18a62bc57c7e0306a78889b88385e5,2026-09-20T10:43:35+00:00,unresolved,activity_gap_and_other_conditions_unverified,13,False,,,,,
uniswap-v4,0x7cf89bceb0856d16e2e601052ccdc2fca8fd5d8ebc6991515c04d754e9566680,2026-09-20T10:44:01+00:00,unresolved,activity_gap_and_other_conditions_unverified,0,False,,,,,
uniswap-v4,0xa8f5fc352a15309c2dcbf961aeeaff179891131af4442dc3875abf5d6981b614,2026-09-20T10:44:13+00:00,unresolved,activity_gap_and_other_conditions_unverified,0,False,,,,,
uniswap-v4,0x684ae14f2798b3bead94f352f502992fd4a5e914f9aec053e3b273cea02d41a3,2026-09-20T10:44:17+00:00,unresolved,activity_gap_and_other_conditions_unverified,0,False,,,,,
uniswap-v4,0xf0ca60d6738995e173238506ea81377c38850cabe3cb60425cb7f93bfacbe805,2026-09-20T10:44:35+00:00,excluded,positive_lp_share_withdrawal_succeeded,2,False,,,,,
uniswap-v4,0x6fcb55b6ad27ac79c8246f4335e7d809b00314fdcad6c9ea6942af37da861d25,2026-09-20T10:45:15+00:00,unresolved,activity_gap_and_other_conditions_unverified,1,False,,,,,
uniswap-v4,0x463f2497c2c9ee61ca9f7c4bdbfc4dfc155c5f702184d4d2a1b34daf59466574,2026-09-20T10:45:59+00:00,unresolved,activity_gap_and_other_conditions_unverified,0,False,,,,,
uniswap-v4,0x57e4391a1fc232a23537b418e3a7a498066b505efcb973f2debc028eafb03344,2026-09-20T10:46:03+00:00,unresolved,activity_gap_and_other_conditions_unverified,0,False,,,,,
uniswap-v4,0x069c219b761922c42a080f174a6287e4996c9ae8e16538318dc18b819ce31a83,2026-09-20T10:46:43+00:00,unresolved,activity_gap_and_other_conditions_unverified,0,False,,,,,
uniswap-v4,0x06baf849de9ff49c2cb54bbadefdb5c7526accf4c450dd49d9775e14943a8328,2026-09-20T10:47:27+00:00,unresolved,activity_gap_and_other_conditions_unverified,45,False,,,,,
uniswap-v4,0x5854da6ef9f59b5573dd1cf949951f70e1615d38f4f4324bd6f06a655690547c,2026-09-20T10:48:03+00:00,unresolved,activity_gap_and_other_conditions_unverified,0,False,,,,,
uniswap-v4,0x765726c3b753f8ea8df6cda5871af8f4cfbb20d55784438515152f8cda0e67f6,2026-09-20T10:48:07+00:00,unresolved,activity_gap_and_other_conditions_unverified,0,False,,,,,
uniswap-v4,0xd277af61f75822453ac3432f128cca58d74bebab47c1b019d60728ab570419bf,2026-09-20T10:49:19+00:00,unresolved,activity_gap_and_other_conditions_unverified,0,False,,,,,
uniswap-v4,0x59c5dd2d62805c35789570c63ff0d7901d822cc871a8234b6013a2774b2897ec,2026-09-20T10:49:29+00:00,unresolved,activity_gap_and_other_conditions_unverified,0,False,,,,,
uniswap-v4,0x19f4b503b94596af22624f622011d2cf9533f2c97a2efcd40258d19062756396,2026-09-20T10:49:33+00:00,unresolved,activity_gap_and_other_conditions_unverified,0,False,,,,,
uniswap-v4,0x6d71a078f6cf800c37d772dd2f17afc7539c675b8ea9c745d24400bb7f31608f,2026-09-20T10:49:43+00:00,unresolved,activity_gap_and_other_conditions_unverified,1,False,,,,,
uniswap-v4,0xb2af0c02044f7e8b8ab244bd3e9bad4228fe1d82697e4095cc7d134ada524c24,2026-09-20T10:50:07+00:00,unresolved,activity_gap_and_other_conditions_unverified,155,False,,,,,
uniswap-v4,0xd425aaa085116f647e21934512d8f2bc70b4cb2232db91adc261860b58f9cb5f,2026-09-20T10:50:25+00:00,unresolved,activity_gap_and_other_conditions_unverified,0,False,,,,,
uniswap-v4,0xe18b31d73d3a332f612a4fce98836bd4c81d0692ab725e7fc02a58a87c49087d,2026-09-20T10:51:19+00:00,unresolved,activity_gap_and_other_conditions_unverified,0,False,,,,,
uniswap-v4,0x0bd4ca2d74597eea282056790242f7f6efbec7cb29ddeaac23a9be50e58340f5,2026-09-20T10:53:31+00:00,unresolved,activity_gap_and_other_conditions_unverified,0,False,,,,,
uniswap-v4,0x79f5f45f7dfaf90305f650d11be3cd909a0e8ff891f17ff831662565cc9b659b,2026-09-20T10:53:35+00:00,unresolved,activity_gap_and_other_conditions_unverified,0,False,,,,,
uniswap-v4,0x56afa5041cf5855effa250ef9bdb29ad9b81103f0f7536f5cfc7bbdd693a95fb,2026-09-20T10:53:39+00:00,unresolved,activity_gap_and_other_conditions_unverified,0,False,,,,,
uniswap-v4,0xd9b0160126ce863a3e97d459f3646461f5b98979ec7c360f25fa70bb3d1e6b07,2026-09-20T10:55:31+00:00,unresolved,activity_gap_and_other_conditions_unverified,264,False,,,,,
uniswap-v4,0xbe37af1ddb2ec77af9b88ffdab7e04c3c3cde7865bd82670f6c011458f341b10,2026-09-20T10:55:41+00:00,unresolved,activity_gap_and_other_conditions_unverified,1,False,,,,,
uniswap-v4,0xda1f2a1c16671332e6943e5cc28c489de28fff4bf4350bfeaf565145bb5d375e,2026-09-20T10:56:47+00:00,unresolved,activity_gap_and_other_conditions_unverified,0,False,,,,,
uniswap-v4,0x33b2f760958fd17766fd0446324d3eb417fd65d6ffdc246e68ab86ca91353c27,2026-09-20T10:56:53+00:00,unresolved,activity_gap_and_other_conditions_unverified,0,False,,,,,
uniswap-v4,0x3849baba0aa0b677b976fd0d3180a32b5fba07dbfa261b62ad7089eb9bd5aa04,2026-09-20T10:56:57+00:00,unresolved,activity_gap_and_other_conditions_unverified,0,False,,,,,
uniswap-v4,0x07de8d1113cfa73a2c1337e5b6a94c0b49fcd2573be0e9be9479c1f4d77861ed,2026-09-20T10:57:13+00:00,unresolved,activity_gap_and_other_conditions_unverified,1,False,,,,,
uniswap-v4,0x0ba9131ca49b883fd0a08cc19b29374ca1af87e7bd70f751a0869e8b121eea9b,2026-09-20T10:57:35+00:00,unresolved,activity_gap_and_other_conditions_unverified,1,False,,,,,
aerodrome,0x39f197dc4c4adea97a4fd478e2015930ac2efbf1,2026-09-20T10:57:45+00:00,excluded,no_swap_in_complete_creation_to_snapshot_history,0,True,,,,,
aerodrome,0xb0bc332f85ab53f3a74a0e5cd713e373528ebb2e,2026-09-20T10:58:31+00:00,excluded,previous_same_block_mutable_lock_migration_authority,1,True,,,,,
uniswap-v4,0x7053265ca564ed8d0db8b0c9e194d4eb784d2053503f8dc736c89d8393ce6c1c,2026-09-20T10:58:59+00:00,unresolved,activity_gap_and_other_conditions_unverified,0,False,,,,,
uniswap-v4,0x8d6ddad87fa0420372590edd5664a762cc5fedeb578c8c4c8f0677e0fc784209,2026-09-20T10:59:11+00:00,unresolved,activity_gap_and_other_conditions_unverified,0,False,,,,,
uniswap-v4,0x5f4a54eeb360e78fbd551904f4a7e5e72f57a3c0d8b952272cd6b8fd6d81adc9,2026-09-20T10:59:57+00:00,unresolved,activity_gap_and_other_conditions_unverified,8,False,,,,,
uniswap-v3,0x4cb4d528a40fb386b9935bd30ef21c3ad76db06d,2026-09-20T11:00:07+00:00,excluded,no_remaining_lp_principal,1,True,,,,,
uniswap-v4,0xde1954ea8787c154c28d4139abc2651b231b6ded04e21b4d61da928bcf6af3d8,2026-09-20T11:00:09+00:00,unresolved,activity_gap_and_other_conditions_unverified,0,False,,,,,
uniswap-v4,0x21ebf366fcb89c01d5f68583ff3949c559d95d56bc2a1d9b46f5aeedb23a1ddf,2026-09-20T11:00:15+00:00,unresolved,activity_gap_and_other_conditions_unverified,0,False,,,,,
uniswap-v4,0x228cb5e35c9e4e7943658a1e2d4791df471ca64bf3a1385fac8f79b059da9e4b,2026-09-20T11:00:25+00:00,unresolved,activity_gap_and_other_conditions_unverified,1,False,,,,,
uniswap-v4,0x790f257956c5c688f8ab138c3170fdba2d17696eee9958efd1000b27c198b130,2026-09-20T11:02:17+00:00,unresolved,activity_gap_and_other_conditions_unverified,114,False,,,,,
uniswap-v3,0x4a99e64bc558447ee427ef63bb4f1eb232c4acac,2026-09-20T11:06:59+00:00,unresolved,token_lp_or_usd_conditions_unverified,2,True,,,,,
uniswap-v4,0x212b6caded8fa818af1aef94ec857a2a71e3b81b07a472928d1e34bc89b58536,2026-09-20T11:08:07+00:00,unresolved,activity_gap_and_other_conditions_unverified,0,False,,,,,
uniswap-v4,0x3550c705f9dc7f3f8b397fbc92265f04f291f0b179c616b8dd48d1edb7a7eee6,2026-09-20T11:08:11+00:00,unresolved,activity_gap_and_other_conditions_unverified,0,False,,,,,
uniswap-v4,0xd8af374a14d0fd30ec9e93c3da39b80d84633c99c3413c96b43b99d9097df4e6,2026-09-20T11:08:51+00:00,unresolved,activity_gap_and_other_conditions_unverified,1,False,,,,,
uniswap-v4,0x067336d06d18645b86f669ea4bbf8eeda21769135dba476fbe02fb6f37a8d551,2026-09-20T11:09:43+00:00,unresolved,activity_gap_and_other_conditions_unverified,0,False,,,,,
uniswap-v3,0x4ce5141895080c91365123e198341ae05c64f0aa,2026-09-20T11:10:11+00:00,excluded,positive_lp_share_withdrawal_succeeded,15,True,,,,,
uniswap-v4,0x221faeb1a09b56ec5f0df273216faa40020a9fc3f696872ae130718ecf89fbab,2026-09-20T11:10:49+00:00,unresolved,activity_gap_and_other_conditions_unverified,257,False,,,,,
uniswap-v4,0x5c79914c7f62e938f15f51dd86cbd73cd8ece52898f8fb395b84794e852114f4,2026-09-20T11:11:07+00:00,unresolved,activity_gap_and_other_conditions_unverified,0,False,,,,,
uniswap-v4,0x647deb4334bbe6be3d5f26a8127996b2899be6a73bf61ea5d0dfebc91805592c,2026-09-20T11:11:35+00:00,unresolved,activity_gap_and_other_conditions_unverified,0,False,,,,,
uniswap-v4,0x811bcb7c1991c611a0bf93de383cf34247e7d4973930389510ff54cb58ff9ba2,2026-09-20T11:12:13+00:00,unresolved,activity_gap_and_other_conditions_unverified,1,False,,,,,
uniswap-v4,0x800f1863c6e732c364460c936938a2c50624dc40d92dc842b604d0a7d04a67c7,2026-09-20T11:12:27+00:00,unresolved,activity_gap_and_other_conditions_unverified,0,False,,,,,
uniswap-v4,0xbbda58cab71b4755d4a1a48788980ba22828ed1858645f486f631206f2095006,2026-09-20T11:13:15+00:00,unresolved,activity_gap_and_other_conditions_unverified,0,False,,,,,
uniswap-v4,0xea064248ca1290906b9ab588b44a46a5dd40607bba1cbaf90544a98738fd31ea,2026-09-20T11:13:19+00:00,unresolved,activity_gap_and_other_conditions_unverified,0,False,,,,,
uniswap-v4,0xa0f8e371f8c90584cc0108316a0adc0b05c3d56964753765870207c55cbf396d,2026-09-20T11:13:57+00:00,unresolved,activity_gap_and_other_conditions_unverified,0,False,,,,,
uniswap-v4,0x6f4a76408168816317420c55bc1b46d91bbda8f78ade224b30e9ce5670ef3d9e,2026-09-20T11:14:51+00:00,unresolved,activity_gap_and_other_conditions_unverified,213,False,,,,,
uniswap-v4,0x113d71edf0eddedb339cf8aa3d7f5482df735c3642c85d73c3a561220724f30e,2026-09-20T11:15:15+00:00,unresolved,activity_gap_and_other_conditions_unverified,1,False,,,,,
uniswap-v4,0x2bf16936512d3d1dff5f62d9d6886bc546e223113718dbf5f8113dd39c2e3111,2026-09-20T11:15:31+00:00,unresolved,activity_gap_and_other_conditions_unverified,2,False,,,,,
uniswap-v4,0x9cd8e2a28a942f09790133bf26697d48c7f40b40b57b82db95f4986061a13f9c,2026-09-20T11:20:33+00:00,unresolved,activity_gap_and_other_conditions_unverified,0,False,,,,,
uniswap-v4,0x0213e34a8618bee96b82e84dc6439af1dafe51fd7df82690459d78621b22b7dc,2026-09-20T11:25:01+00:00,unresolved,activity_gap_and_other_conditions_unverified,0,False,,,,,
uniswap-v4,0x8d9fd755cef3ddcc89102537b35e3164af026ad55f905eff1d256aee56f957e7,2026-09-20T11:25:05+00:00,unresolved,activity_gap_and_other_conditions_unverified,1,False,,,,,
uniswap-v4,0xd4c1994de464cc86295a04f59c65f4d2a153ffd4642771ab607e677d695871f8,2026-09-20T11:25:53+00:00,unresolved,activity_gap_and_other_conditions_unverified,306,False,,,,,
uniswap-v4,0x61ad2ff7f2e5943f85f766ddc442029d863daa63dcdfe483f9a61b42d7d4098e,2026-09-20T11:26:59+00:00,unresolved,activity_gap_and_other_conditions_unverified,210,False,,,,,
uniswap-v4,0xf6a3baadbd16246ad203b705f5627ed23559ae6cd4c813d841dd1dc22638c4d0,2026-09-20T11:27:13+00:00,unresolved,activity_gap_and_other_conditions_unverified,1,False,,,,,
uniswap-v4,0x34e6b3f63e91020cd1eb1a6a5e6438146a91b089537f02d403ece683490366d2,2026-09-20T11:28:07+00:00,unresolved,activity_gap_and_other_conditions_unverified,0,False,,,,,
uniswap-v4,0xdb3fe2845b66ab9d3cbe3a48b55ae9a63b8f0f3fe4a886e6d58a7ff50a0a5b81,2026-09-20T11:29:11+00:00,unresolved,activity_gap_and_other_conditions_unverified,0,False,,,,,
uniswap-v4,0xb65948f1f6da6b09abfbfcf69b493d737ff2d32e1b2061332df38618931193ce,2026-09-20T11:29:13+00:00,unresolved,activity_gap_and_other_conditions_unverified,0,False,,,,,
uniswap-v4,0x2c24cd48b8def0a513045f725d7e5a977682eaf72c6cf8a4c46e544670b98336,2026-09-20T11:29:23+00:00,unresolved,liquidity_history_gap,2,False,,,,,
uniswap-v4,0x253c497ae9f2ef468c2acf1d66adcb7cd4acd84095a45d30a2960e6bd65fb843,2026-09-20T11:29:31+00:00,unresolved,activity_gap_and_other_conditions_unverified,1,False,,,,,
uniswap-v4,0xdc08eab6245473f27d5f89c5ba5b126a1ece892955f4240a7899a6bf04ce60aa,2026-09-20T11:30:19+00:00,unresolved,activity_gap_and_other_conditions_unverified,1,False,,,,,
uniswap-v4,0x78e6db26465d9ea93f634ed5c21ff229071cda9b784ee426b742afa73202e0b6,2026-09-20T11:30:45+00:00,unresolved,activity_gap_and_other_conditions_unverified,131,False,,,,,
uniswap-v4,0x2937dd9d5f40d7c6b2fc0e855647214dedc33f40421a5b7e478f6212ee1f7679,2026-09-20T11:30:49+00:00,unresolved,activity_gap_and_other_conditions_unverified,0,False,,,,,
uniswap-v4,0xcf697e611c5e2a420524ad8c091fc3c92a3516c5f22e9341cec937c4b383c97f,2026-09-20T11:30:49+00:00,unresolved,activity_gap_and_other_conditions_unverified,137,False,,,,,
uniswap-v4,0x230394736992f2229fba0b269c2ca4d407282a2ebe473703c9b7c7a475701306,2026-09-20T11:30:53+00:00,unresolved,activity_gap_and_other_conditions_unverified,0,False,,,,,
uniswap-v4,0xaedf6f79c32b4f8b093370c8b17b45f42a7e527e73589bfe85cfb8fe3b525ed0,2026-09-20T11:30:57+00:00,unresolved,activity_gap_and_other_conditions_unverified,0,False,,,,,
uniswap-v4,0x3de5c3a8e4fa0d5fa0a39a73290291c4ff0ed4f1e98bfb20ed434f27a3219c7d,2026-09-20T11:32:07+00:00,unresolved,activity_gap_and_other_conditions_unverified,0,False,,,,,
uniswap-v4,0x33b897f9c511d3ed39e32fcda496299ab2c0b07e836e37e7ce5636f32a35c5ff,2026-09-20T11:33:27+00:00,unresolved,activity_gap_and_other_conditions_unverified,1,False,,,,,
uniswap-v4,0x849733a0f3e1b183c36c38022d7e110b1ff8413e0fd3c18ee81476151e38eb05,2026-09-20T11:34:45+00:00,unresolved,activity_gap_and_other_conditions_unverified,0,False,,,,,
uniswap-v4,0x633c8f712c6ad8c6d88c67c656c9b9b1fa2244828c3d81c8fd42aa7f7c51ff30,2026-09-20T11:36:55+00:00,unresolved,activity_gap_and_other_conditions_unverified,0,False,,,,,
uniswap-v4,0x8c3cda154b3e8d8dd13c44723a49cd11cbf78a2e659071722925edb2a92047ae,2026-09-20T11:36:59+00:00,unresolved,activity_gap_and_other_conditions_unverified,0,False,,,,,
uniswap-v4,0x58b3f6c8002b3717da1c3b79bf9ea2d564313e83db4c80eec4446df908a05a38,2026-09-20T11:37:29+00:00,unresolved,activity_gap_and_other_conditions_unverified,0,False,,,,,
uniswap-v4,0x078a03bdaff2fa37aafd89b2abdd120af5ae67e31f9edcbe691b1f33c97f25f8,2026-09-20T11:37:33+00:00,unresolved,activity_gap_and_other_conditions_unverified,0,False,,,,,
uniswap-v4,0xd0a9ae7e8652c9675f978a3ea27904f755f5120bebaef4afee36273bd7ba08e2,2026-09-20T11:38:07+00:00,unresolved,activity_gap_and_other_conditions_unverified,0,False,,,,,
uniswap-v4,0x95ed2c388932c0b07e07b0230b941ba5921139fb4a50fa37e624fe5be3cd8d71,2026-09-20T11:38:45+00:00,unresolved,activity_gap_and_other_conditions_unverified,0,False,,,,,
uniswap-v4,0x9843dc851707c481d09e0cf048232ae01e7be1bc37f07aac9b64528974e060af,2026-09-20T11:38:57+00:00,unresolved,activity_gap_and_other_conditions_unverified,1,False,,,,,
uniswap-v4,0x597612a067f1e0c3cd20e3aa35c86b4e76f5c5288e3adaa38724cb7de6ad3867,2026-09-20T11:39:07+00:00,unresolved,activity_gap_and_other_conditions_unverified,166,False,,,,,
uniswap-v4,0x910a9abf7c136cb151e37d0183abcc361db43702d851c21a88686fc242c44666,2026-09-20T11:40:15+00:00,unresolved,activity_gap_and_other_conditions_unverified,31,False,,,,,
uniswap-v4,0xcd073a4e78397c5116d42cd1aaf41813588c23daba98a6d74c661f4e73997de0,2026-09-20T11:41:09+00:00,unresolved,activity_gap_and_other_conditions_unverified,225,False,,,,,
uniswap-v4,0x66e8225432fc4596ad61d6c4e9e1b3e8d7d3dd4b045e96239d885410ad071fdb,2026-09-20T11:41:15+00:00,unresolved,activity_gap_and_other_conditions_unverified,2,False,,,,,
uniswap-v4,0x6ca944f8e29452c639044fad956468c32cc577fe661bf915a1d0cb0756192361,2026-09-20T11:41:45+00:00,unresolved,activity_gap_and_other_conditions_unverified,0,False,,,,,
uniswap-v4,0x42a4274931902e8baab7cc1846f1cc673494915ceb74ee5c7a221170b4ce6815,2026-09-20T11:42:13+00:00,unresolved,activity_gap_and_other_conditions_unverified,1,False,,,,,
uniswap-v4,0xf2ff4f0b970d7c393b120b165d3e3bf44be8f2b45b8e91fd914e5652fab4b4d8,2026-09-20T11:42:29+00:00,unresolved,activity_gap_and_other_conditions_unverified,0,False,,,,,
uniswap-v4,0x9027edbff6998bb1cce8dab6ddb2a7d9ca20ad1847c8650646ea6413fbcc2d35,2026-09-20T11:43:19+00:00,unresolved,activity_gap_and_other_conditions_unverified,0,False,,,,,
uniswap-v4,0x2fc305883afeb455f40fa993c1bd7c21ace772e21c971b344ad4c1a5b6cf5721,2026-09-20T11:44:07+00:00,unresolved,activity_gap_and_other_conditions_unverified,0,False,,,,,
uniswap-v4,0xe1eae80ae3e5c6f02d5769dc1b61955d2f4b041b27ce2f8f6ca929e28482cdce,2026-09-20T11:44:15+00:00,unresolved,activity_gap_and_other_conditions_unverified,0,False,,,,,
uniswap-v4,0x1e4a15907ae08357e9ee98dd77f771064fe351466eede1f7456feeabab7b3125,2026-09-20T11:44:43+00:00,unresolved,activity_gap_and_other_conditions_unverified,0,False,,,,,
uniswap-v4,0x2201aada5869b63cf285e50038b23cf1314a5ff4938cbcbdf4feb00da9310353,2026-09-20T11:44:43+00:00,unresolved,activity_gap_and_other_conditions_unverified,0,False,,,,,
uniswap-v4,0x3ca09c08f7825a25fb38f4c29f4eb3e1a8dddf5a3bb8cef3e8f12baa227800e3,2026-09-20T11:45:15+00:00,unresolved,activity_gap_and_other_conditions_unverified,1,False,,,,,
uniswap-v4,0x7a5165526159b7ba29559164346ebf350c900e33d62e3b25549bc605d99c4e98,2026-09-20T11:45:39+00:00,unresolved,activity_gap_and_other_conditions_unverified,0,False,,,,,
uniswap-v4,0x4092dd5d9b4c1469d8fd3300bc074ff53e7017db1f4268bc82da28df216d74c7,2026-09-20T11:46:41+00:00,unresolved,activity_gap_and_other_conditions_unverified,0,False,,,,,
uniswap-v4,0xd97c05e710d66adb33b035853c420e120ff12334a5991c4341658e0e2a1242a5,2026-09-20T11:47:03+00:00,unresolved,activity_gap_and_other_conditions_unverified,0,False,,,,,
uniswap-v4,0xee0fa5708fd8308d139c157f4713954846aa2f356cb41bcf79f2dbbc766220c3,2026-09-20T11:49:27+00:00,unresolved,activity_gap_and_other_conditions_unverified,0,False,,,,,
uniswap-v4,0x53a351dc171437911bed815c91330cd0501632eb2331f75a85273174105556f3,2026-09-20T11:49:33+00:00,unresolved,activity_gap_and_other_conditions_unverified,137,False,,,,,
uniswap-v4,0xbbaa45b7d7f4b3701b96f8fe8d6476c22e72e13239f5b56ba72fae409c9bd6bc,2026-09-20T11:51:15+00:00,unresolved,activity_gap_and_other_conditions_unverified,200,False,,,,,
uniswap-v4,0xfacc03214827d52f75fb2a48bda4dff6e8f617a7a8f3f553f11cd73b5b523ba5,2026-09-20T11:51:41+00:00,unresolved,activity_gap_and_other_conditions_unverified,1,False,,,,,
uniswap-v4,0x3956efb0da11012efc5a4d53ad1af86fe0a0a1c682fe331dda035b65807a16bb,2026-09-20T11:52:43+00:00,unresolved,activity_gap_and_other_conditions_unverified,0,False,,,,,
uniswap-v4,0xfe4467bcce031151de8847d095e8f32bfd3296f117d39805b0ccf097a0a865a1,2026-09-20T11:53:29+00:00,unresolved,activity_gap_and_other_conditions_unverified,0,False,,,,,
uniswap-v4,0xc1337e3293d647518031533f541686209220c4593fe896948b2987a598f33caf,2026-09-20T11:53:33+00:00,unresolved,activity_gap_and_other_conditions_unverified,0,False,,,,,
uniswap-v4,0x025b9798e60bca1cc835a3c2806a8df105092db8a37842e7f1a17a657d9d533a,2026-09-20T11:54:01+00:00,unresolved,activity_gap_and_other_conditions_unverified,0,False,,,,,
uniswap-v4,0x163a59b9c5cf0baadd8a0c6e9ba9288eaa319969e17924172f8c4eeffbe1b57b,2026-09-20T11:55:03+00:00,unresolved,activity_gap_and_other_conditions_unverified,0,False,,,,,
uniswap-v4,0xa640a8ea479e78a8d7656413f56eceaeaac6e23ca5bc8475294e86c9a97294e7,2026-09-20T11:55:07+00:00,unresolved,activity_gap_and_other_conditions_unverified,0,False,,,,,
uniswap-v4,0x07da17453e89b2e8462338925a67ab101976eb9b16c9ff658fe6ed85d049f93c,2026-09-20T11:55:11+00:00,unresolved,activity_gap_and_other_conditions_unverified,0,False,,,,,
uniswap-v4,0x84c39a64f6b3c54e61dc4bbc3f3ceba7594bcb2b965979073049e31418bc4df0,2026-09-20T11:56:21+00:00,unresolved,activity_gap_and_other_conditions_unverified,300,False,,,,,
uniswap-v4,0x59d07acb878343f418b0abad7ed527258dd19309490d174666b2638a24646952,2026-09-20T11:57:13+00:00,unresolved,activity_gap_and_other_conditions_unverified,1,False,,,,,
uniswap-v4,0x4e46721016e7477c1f279573033a26cc5830a7d86f5275e4174c5038d1e82eb8,2026-09-20T11:57:39+00:00,unresolved,activity_gap_and_other_conditions_unverified,0,False,,,,,
uniswap-v4,0xc4592b6ae804b417547adfafe468bf50e57639a9ec951fbca3f7898bdbdb135c,2026-09-20T11:57:49+00:00,unresolved,activity_gap_and_other_conditions_unverified,15,False,,,,,
uniswap-v4,0xbb9dfbe079ede339f8732c38db86811c0fa230d9ac34f978dc6e46748789fe28,2026-09-20T11:57:53+00:00,unresolved,activity_gap_and_other_conditions_unverified,0,False,,,,,
uniswap-v3,0x4ee8a52d53f37751bf1432de5893c0731319dbf9,2026-09-20T11:58:11+00:00,excluded,positive_lp_share_withdrawal_succeeded,2,True,,,,,
uniswap-v4,0xc2e38b091ea8c595b8126f460655467c50311631ca315ce8e67c19f6d33c4feb,2026-09-20T12:00:25+00:00,unresolved,activity_gap_and_other_conditions_unverified,1,False,,,,,
uniswap-v4,0x54cc0fa2f195df432d6d68a9fd6f35ac0117ed79e9ea59a1c85862c4d44bef5e,2026-09-20T12:00:37+00:00,unresolved,activity_gap_and_other_conditions_unverified,0,False,,,,,
uniswap-v4,0x1f536de57b01b83caa779de26f170e211d11c215ecf7691eb2cc9691fed0e0fc,2026-09-20T12:02:41+00:00,unresolved,activity_gap_and_other_conditions_unverified,122,False,,,,,
uniswap-v4,0x34b96d4f47d197b2d588be6080b398dae86441f0e7221b76198877368d439f69,2026-09-20T12:02:45+00:00,unresolved,activity_gap_and_other_conditions_unverified,0,False,,,,,
uniswap-v4,0xc4dc2e129160b3745014bc32dd3fa89203cd431b80d69c13643900ff36b702bc,2026-09-20T12:02:53+00:00,unresolved,liquidity_history_gap,10,False,,,,,
uniswap-v4,0x9f6510b5576147c2ebe2fc1f302da52ef47d91b9e2690b7ed9372f1e152157bb,2026-09-20T12:03:01+00:00,unresolved,activity_gap_and_other_conditions_unverified,0,False,,,,,
uniswap-v4,0xb700cd5cc927aaa9c97237852897c28c45adb8580e38c575ebe820b2602d3add,2026-09-20T12:03:21+00:00,unresolved,activity_gap_and_other_conditions_unverified,0,False,,,,,
uniswap-v4,0x004467b7790e316f41a7549bd730ea89d6e99b5bb09c4bf69470fd1ff05b758c,2026-09-20T12:03:21+00:00,unresolved,activity_gap_and_other_conditions_unverified,140,False,,,,,
uniswap-v4,0x6cfc24707819b2b851885db62a793c57bf6a359a428c7e7206d0ef3e93ea5a5a,2026-09-20T12:03:25+00:00,unresolved,activity_gap_and_other_conditions_unverified,0,False,,,,,
uniswap-v4,0xcb1033749e5d6a7bd7151b71283a0cee1bd21d8d07fb916350acaf4b8c868291,2026-09-20T12:03:41+00:00,unresolved,activity_gap_and_other_conditions_unverified,199,False,,,,,
uniswap-v4,0xc26a555cc5cba13dd47ed064bb459650155d33b288eee5f4d82af2a7224cf555,2026-09-20T12:05:27+00:00,unresolved,activity_gap_and_other_conditions_unverified,7,False,,,,,
uniswap-v4,0xda192d18b1e8c1213a5ed8a6e166efb86695ebbacaef03512e5b36a1dbfc940b,2026-09-20T12:05:29+00:00,unresolved,activity_gap_and_other_conditions_unverified,0,False,,,,,
uniswap-v4,0xd210317c5459767d7902170247a3f6fb0e6003fbda0cef89c1328d9d9cc880e4,2026-09-20T12:06:11+00:00,unresolved,liquidity_history_gap,163,False,,,,,
uniswap-v4,0x4a117c74694a445395eea6353ac3f5805c7bcfbc1ffd6f0a90df63482bb9278c,2026-09-20T12:06:45+00:00,unresolved,activity_gap_and_other_conditions_unverified,0,False,,,,,
uniswap-v4,0x48a849cff169185662a293f534d2998ef2184dc733fbc61a96db0381568fe57a,2026-09-20T12:06:49+00:00,unresolved,activity_gap_and_other_conditions_unverified,0,False,,,,,
uniswap-v4,0x1a7364f63cef1d43fb515adb350cbc0e4c34607183ab1680e486713cb6d20f84,2026-09-20T12:06:59+00:00,unresolved,activity_gap_and_other_conditions_unverified,0,False,,,,,
uniswap-v4,0x1106f19708e2c750d7a0d0c3d2a6b76097003bde6336c923f1c28989b5e0f58c,2026-09-20T12:07:01+00:00,unresolved,activity_gap_and_other_conditions_unverified,0,False,,,,,
uniswap-v4,0xb9d949cad35816ce6b90499484f305ef4b136285457b65fbc4a53a55e60155c9,2026-09-20T12:08:09+00:00,unresolved,activity_gap_and_other_conditions_unverified,0,False,,,,,
uniswap-v3,0x894bf60e29ea6269468c5ba5ff4bd214b0ef4ca3,2026-09-20T12:08:21+00:00,excluded,positive_lp_share_withdrawal_succeeded,28,True,,,,,
uniswap-v4,0xfabbbead18f6b543da7f3b0660b7f26d25b7987deccbadb52f7a9713e9ede409,2026-09-20T12:08:55+00:00,unresolved,activity_gap_and_other_conditions_unverified,3,False,,,,,
uniswap-v4,0xbd2c8ff020ab7cc5dd611b33f05db1c131753d1d0cd5fae6dbff4f4e34e260ae,2026-09-20T12:08:59+00:00,unresolved,activity_gap_and_other_conditions_unverified,0,False,,,,,
uniswap-v4,0xddc503d7c0e76ccf3743c5770d97c74a01e614ec871cd03cb594135c0d866083,2026-09-20T12:09:03+00:00,unresolved,activity_gap_and_other_conditions_unverified,1,False,,,,,
uniswap-v4,0xb4ef25780eb96c8faf46efea79670bcbcda236ceab387cfa4a2d92346332b31c,2026-09-20T12:10:57+00:00,unresolved,activity_gap_and_other_conditions_unverified,0,False,,,,,
uniswap-v4,0x2b327b2a712e38059419a0cf34d2dd0983ecfe9e5f2b0ab91d95bb38f8d22720,2026-09-20T12:11:27+00:00,unresolved,activity_gap_and_other_conditions_unverified,272,False,,,,,
uniswap-v4,0x997156aa343960c460f1f809b3e4ad288bee1ffd0c96338ce1e35170666ab54b,2026-09-20T12:11:49+00:00,unresolved,activity_gap_and_other_conditions_unverified,0,False,,,,,
uniswap-v4,0x06f5221f4065f437cfdf1f0b3eb98817f06ea11c8c913b2eeea84d797a8742a2,2026-09-20T12:12:07+00:00,unresolved,activity_gap_and_other_conditions_unverified,0,False,,,,,
uniswap-v4,0x5dcd2d0894b49bc618ede91f173020d76dd83f530e3abf974cd5f3c67260ccb4,2026-09-20T12:12:13+00:00,unresolved,activity_gap_and_other_conditions_unverified,1,False,,,,,
uniswap-v4,0xcc2e82d49c3fd69a0487cabb0e3c33f607ea4296da244b180fcb5d4d01ce3a41,2026-09-20T12:12:21+00:00,unresolved,activity_gap_and_other_conditions_unverified,0,False,,,,,
uniswap-v4,0xd34d686738419e539d543d83162e277fbee3cd0ec334ffdba4fe82abd97bc9e6,2026-09-20T12:12:25+00:00,unresolved,activity_gap_and_other_conditions_unverified,0,False,,,,,
uniswap-v4,0xfc05be77c792ce83ffdc1f5e7d65d46e1cb2a2557bed7cd6ffd339b302d207e8,2026-09-20T12:13:33+00:00,unresolved,activity_gap_and_other_conditions_unverified,0,False,,,,,
uniswap-v4,0x822057b6139ef73d223afe8a454a398fa739a0b63aec71c43faed2511d930b7f,2026-09-20T12:13:47+00:00,unresolved,activity_gap_and_other_conditions_unverified,0,False,,,,,
uniswap-v4,0xf475d64a5a20da3d8f3562d1bb84f1d73bf1c48802a03562035b9bf615cc7b29,2026-09-20T12:13:51+00:00,unresolved,activity_gap_and_other_conditions_unverified,5,False,,,,,
uniswap-v4,0x3a29dcfc7c74b19fe4aadde29ac56c5081cbadc68e74f77e0c36754cb8946377,2026-09-20T12:13:55+00:00,unresolved,activity_gap_and_other_conditions_unverified,0,False,,,,,
uniswap-v4,0xe5540a0bcf5adaa37ebb189097e8afb058bdff113c58a82041a89e9b8b01e51e,2026-09-20T12:14:31+00:00,unresolved,activity_gap_and_other_conditions_unverified,6,False,,,,,
uniswap-v4,0x18eeeb887723dec39c302e49e8c62a890d114e7c6148ce0119c201b8a01a9a95,2026-09-20T12:14:35+00:00,unresolved,activity_gap_and_other_conditions_unverified,0,False,,,,,
uniswap-v4,0xc63512748b85b1d74b7fbdbb85f2b3428e66db184f611b38b9edcee81be03c58,2026-09-20T12:14:43+00:00,unresolved,activity_gap_and_other_conditions_unverified,42,False,,,,,
uniswap-v4,0xb9b30c48180e35b99569fb67a3fc52fa0a04ed391492fa9da58ce02624488112,2026-09-20T12:14:47+00:00,unresolved,activity_gap_and_other_conditions_unverified,0,False,,,,,
uniswap-v4,0x3a96df5e480e1f8800d1c8daa75d5a0f32fa72d4a2286971436043f08239f910,2026-09-20T12:15:15+00:00,unresolved,activity_gap_and_other_conditions_unverified,1,False,,,,,
uniswap-v4,0x3dac680d8f8a8b85d9b625e7fd90a53bb0fece9787b61034a1bf2d86fd9cbe1d,2026-09-20T12:15:21+00:00,unresolved,activity_gap_and_other_conditions_unverified,0,False,,,,,
uniswap-v4,0xa4f6adb401f1caac8bf3febd741e53ace0fcc610e199bc43c12ee9af7eb11a1f,2026-09-20T12:15:35+00:00,unresolved,activity_gap_and_other_conditions_unverified,2,False,,,,,
uniswap-v4,0x919956002e20957a482b7ad52b027f5f65496f5ba4b26a44a75d7fa7ec5fe092,2026-09-20T12:15:37+00:00,unresolved,activity_gap_and_other_conditions_unverified,0,False,,,,,
uniswap-v4,0x194244a01ba42a10133464535a49b6cd1469fc55511d0376be30194276f4dc24,2026-09-20T12:15:45+00:00,unresolved,activity_gap_and_other_conditions_unverified,244,False,,,,,
uniswap-v4,0x1f027e5e121393531d611dcb2994ddb18b66cf3031c3296f5127e94f8a77f28e,2026-09-20T12:17:33+00:00,unresolved,activity_gap_and_other_conditions_unverified,1,False,,,,,
uniswap-v4,0xc6c430e5d0b85592e98c88c92c699bba5431f1bc2155b7b9045e0465d7a32361,2026-09-20T12:17:35+00:00,unresolved,activity_gap_and_other_conditions_unverified,0,False,,,,,
uniswap-v4,0x6c5e0f0e130547fc29d43ee08c0dc3e68ab830b46cdaf03589d600d0695c1bcf,2026-09-20T12:17:55+00:00,unresolved,activity_gap_and_other_conditions_unverified,0,False,,,,,
uniswap-v4,0xb3056bda544040b52bd563a4fbf09b1798550009e39acf5e4b231fb9a6db28cf,2026-09-20T12:18:29+00:00,unresolved,activity_gap_and_other_conditions_unverified,0,False,,,,,
uniswap-v4,0x101ceca4ce48865edffb5418e34b1d1cd35da0aca96efefe12c9dbf12af8716d,2026-09-20T12:18:35+00:00,unresolved,activity_gap_and_other_conditions_unverified,0,False,,,,,
uniswap-v4,0x22d531ac6bc337dab0c0e6a4812ed1de896ea67e3c9a0aa3bf3a6b4e186633e8,2026-09-20T12:18:39+00:00,unresolved,activity_gap_and_other_conditions_unverified,0,False,,,,,
uniswap-v4,0x8d4e09e71993b7d7ea12d10fc5c463a7a3bc1bc967a7af41f26f19b08355a0db,2026-09-20T12:18:55+00:00,unresolved,activity_gap_and_other_conditions_unverified,0,False,,,,,
uniswap-v4,0x3ddcccb151dfe298b70f0095073f5580b18051c1a44aa9b65588e90c66d05aa4,2026-09-20T12:18:59+00:00,unresolved,activity_gap_and_other_conditions_unverified,0,False,,,,,
uniswap-v4,0x69661cef037b13963e15d9d39f5179efd956c75e0354adf7af6a77046517ec59,2026-09-20T12:19:23+00:00,unresolved,activity_gap_and_other_conditions_unverified,0,False,,,,,
uniswap-v3,0x18cb87b5db850f60c2c97277fa71465074add3ce,2026-09-20T12:19:57+00:00,excluded,positive_lp_share_withdrawal_succeeded,17,True,,,,,
uniswap-v3,0x55bbce0f44b51437472164ec95cc38f00fd21495,2026-09-20T12:20:57+00:00,excluded,positive_lp_share_withdrawal_succeeded,6,True,,,,,
uniswap-v4,0xb2c3aed35432e11c08074f9e53924fecea0aef8837ee2c9ec1421e99d3b0acf5,2026-09-20T12:21:05+00:00,unresolved,activity_gap_and_other_conditions_unverified,721,False,,,,,
uniswap-v4,0xe944b8cc5bb44c515248d3f064f7c44ffcfe4524022d85b12af82a6480a0a4f3,2026-09-20T12:21:09+00:00,unresolved,activity_gap_and_other_conditions_unverified,1150,False,,,,,
uniswap-v4,0x76344e799977d312e9ab6d569fe2420d7fb21befad1f332c3857aba4d809bd03,2026-09-20T12:21:13+00:00,unresolved,activity_gap_and_other_conditions_unverified,0,False,,,,,
uniswap-v4,0x85ef72ec5db10a8c950cb5ccc66afdcc70482b81776a62f5f0837b7143478b0e,2026-09-20T12:21:17+00:00,unresolved,activity_gap_and_other_conditions_unverified,0,False,,,,,
uniswap-v4,0xcddf1b640369ee1620bad6d6b40f69f27b4c58bae5d8aeea3d9c3a7eadc8d4c5,2026-09-20T12:21:39+00:00,unresolved,activity_gap_and_other_conditions_unverified,0,False,,,,,
uniswap-v4,0xbffd5dabf458c0df1df89ed8c7348846965c2e96c73cee5c054c6478a83106c9,2026-09-20T12:21:49+00:00,unresolved,activity_gap_and_other_conditions_unverified,12,False,,,,,
uniswap-v4,0xaab98661580bcb982e0ccda3bd9483885127cc60a4b0523cc57fbf2d7caf1abe,2026-09-20T12:23:29+00:00,unresolved,activity_gap_and_other_conditions_unverified,0,False,,,,,
uniswap-v4,0xde2baedf6c09eb85ccd4f7849a6bb1b97885213c2e823587947d4e60186c3f65,2026-09-20T12:24:13+00:00,unresolved,activity_gap_and_other_conditions_unverified,0,False,,,,,
uniswap-v4,0x99ec46f9645f5a1be7ec15b81918c0bd64d7cf7173ad193fa07d6e0d60c04147,2026-09-20T12:24:13+00:00,unresolved,activity_gap_and_other_conditions_unverified,0,False,,,,,
uniswap-v4,0x72d7588c9047d2bd0e1effa5d838a7a2d61b7e32e2d03094a7a22c0100857865,2026-09-20T12:25:07+00:00,unresolved,activity_gap_and_other_conditions_unverified,7,False,,,,,
uniswap-v4,0x5e3a824920a045394668c9a512a991dfa6f3797fefefc550205175a3d218e2a1,2026-09-20T12:25:37+00:00,unresolved,activity_gap_and_other_conditions_unverified,0,False,,,,,
uniswap-v4,0x0c8c70fb6fdfcf2f95ee0531abb0c3ab6762ea4205810ded4001d73a794fac5d,2026-09-20T12:26:33+00:00,unresolved,activity_gap_and_other_conditions_unverified,0,False,,,,,
uniswap-v4,0x5da1a4517a668fc0e237b5d2b24b32eb27377ec5956edb5c953c85fed6fa9f6c,2026-09-20T12:26:41+00:00,unresolved,liquidity_history_gap,12,False,,,,,
uniswap-v4,0x5f47df21caef6eb97f716f8d3ef00463260c59b6d880eda9e8ebe02a9cc08e8d,2026-09-20T12:26:53+00:00,unresolved,activity_gap_and_other_conditions_unverified,255,False,,,,,
uniswap-v4,0x8d92538e6b9cb11a9a186b323167a424ef76487671a4d408d73b28e6d562e458,2026-09-20T12:27:13+00:00,unresolved,activity_gap_and_other_conditions_unverified,1,False,,,,,
uniswap-v4,0x13be98d1ed3c085cf93af29977d3445d790c1463919d38ccf98f804e54ee0a41,2026-09-20T12:27:51+00:00,unresolved,activity_gap_and_other_conditions_unverified,166,False,,,,,
uniswap-v4,0xc046297bb950a96422121f35cb340b12b3d3570ca23d7854df5bece9173cceea,2026-09-20T12:28:45+00:00,unresolved,activity_gap_and_other_conditions_unverified,0,False,,,,,
uniswap-v4,0x5e940e25cbfe174eeb6fccfee98e8c493a2050cfaec1f5944ae722442198914b,2026-09-20T12:30:21+00:00,unresolved,activity_gap_and_other_conditions_unverified,1,False,,,,,
uniswap-v4,0x6cfc03f089dd77fa997d4eb961ff754a9e3ba1b5876a3f6666f422bd8a81e805,2026-09-20T12:31:33+00:00,unresolved,activity_gap_and_other_conditions_unverified,0,False,,,,,
uniswap-v4,0xe95966d7acde986e37054c4b1a86f02f9c8d204beaa81bbadeea89638a3e4e2b,2026-09-20T12:34:15+00:00,unresolved,activity_gap_and_other_conditions_unverified,0,False,,,,,
uniswap-v4,0x2be9847ae921c0cfaa133c1964cbb6680c0133b32f68630be40ef9e5d7d40669,2026-09-20T12:34:19+00:00,unresolved,activity_gap_and_other_conditions_unverified,0,False,,,,,
uniswap-v4,0x1e2cf6141d40b3906035031c6e0681f2fda44ab9017999549df8c0a1e0be7750,2026-09-20T12:34:35+00:00,unresolved,activity_gap_and_other_conditions_unverified,137,False,,,,,
uniswap-v4,0xf4d6c3dd3009e17db676def201d58d948867f8d0b321f427c8f57d202dd041f0,2026-09-20T12:34:37+00:00,unresolved,activity_gap_and_other_conditions_unverified,0,False,,,,,
uniswap-v4,0x39f6d4e603f36d8fb9fcabd99ee5edf235b7bfd3b2f96417fef1b1cb2b9da320,2026-09-20T12:35:05+00:00,unresolved,activity_gap_and_other_conditions_unverified,148,False,,,,,
uniswap-v4,0xf052ef077c80933dc681731fb429342e8279c8ca15b36a1a2667183e2cb45ea6,2026-09-20T12:35:09+00:00,unresolved,activity_gap_and_other_conditions_unverified,0,False,,,,,
uniswap-v4,0xa879f3411f8460d1f71225b4d1e54463fac73c0e5c3f1a2b379f7a3f712f7026,2026-09-20T12:35:15+00:00,unresolved,activity_gap_and_other_conditions_unverified,0,False,,,,,
uniswap-v4,0x092f75af9f83adb50d68e57c8de331a8ebfa1671aaf02824b287ca68e6bde892,2026-09-20T12:35:41+00:00,unresolved,activity_gap_and_other_conditions_unverified,0,False,,,,,
uniswap-v4,0x689d46ef6e4c28d9a852ed0989208ffabf5fd6b43eecb7b8dff0cb01ace0cd2b,2026-09-20T12:37:01+00:00,unresolved,activity_gap_and_other_conditions_unverified,0,False,,,,,
uniswap-v4,0x1edfe2f5feb32564260d8b1dd5f71730514276f5102f97d0c313bfe572b192c8,2026-09-20T12:37:13+00:00,unresolved,activity_gap_and_other_conditions_unverified,0,False,,,,,
uniswap-v4,0x5ad73e7d53572280ed67ef18ddd1fa1af3b6354180b5335b26462234c64592e1,2026-09-20T12:38:35+00:00,unresolved,activity_gap_and_other_conditions_unverified,0,False,,,,,
uniswap-v4,0xaba7c2b5d98f6d3253a31a6d0cd7647bc06766bf566adca80c9e3a4db1119a95,2026-09-20T12:39:07+00:00,unresolved,activity_gap_and_other_conditions_unverified,1,False,,,,,
aerodrome,0x2a7bc428a1b986ed5938a11878224ddb52039ac0,2026-09-20T12:39:41+00:00,excluded,no_remaining_lp_principal,188,True,,,,,
uniswap-v3,0x1cd5c92ded8643ad9a873d991f630426ef6b2707,2026-09-20T12:40:31+00:00,excluded,positive_lp_share_withdrawal_succeeded,8,True,,,,,
uniswap-v4,0x6051d57d1866f21f927a1bd5299050f6f016c5c5d5244fb0ad085f44a2f43db7,2026-09-20T12:40:39+00:00,unresolved,activity_gap_and_other_conditions_unverified,208,False,,,,,
uniswap-v4,0xe86aa375e532417c566eda787a92c038196b0017eea9c52fa1cbe669b3214e1c,2026-09-20T12:42:13+00:00,unresolved,activity_gap_and_other_conditions_unverified,1,False,,,,,
uniswap-v4,0xb0539e412b25eccf385dd66650c375a27b2908ed694d5dc2d8b4643058dcdc72,2026-09-20T12:42:13+00:00,unresolved,activity_gap_and_other_conditions_unverified,253,False,,,,,
uniswap-v4,0x0b8db7c91757cc659baa5966a56128f09795580879bf7aaafb5a46bcf0f1aeab,2026-09-20T12:43:11+00:00,unresolved,activity_gap_and_other_conditions_unverified,1,False,,,,,
uniswap-v4,0xdf40ff64062414bf0711b4f0e83cf0d86568a6f25fd58b0c155dea0951e378dc,2026-09-20T12:44:09+00:00,unresolved,activity_gap_and_other_conditions_unverified,0,False,,,,,
uniswap-v4,0x9e107a2f04c00144e3b5b1e1065f989b19aa123722a990b47976c7010ac6c182,2026-09-20T12:45:15+00:00,unresolved,activity_gap_and_other_conditions_unverified,1,False,,,,,
uniswap-v4,0xa475c70b751ec4d97dfe40d2a8f67a5f7c78806b5bf14d1cb8262865f691d55a,2026-09-20T12:45:45+00:00,unresolved,activity_gap_and_other_conditions_unverified,0,False,,,,,
uniswap-v4,0x21184eaf394bccc2e35e122656af9ea0e3a04076184e84b8b3c9b0963205429c,2026-09-20T12:46:25+00:00,unresolved,activity_gap_and_other_conditions_unverified,0,False,,,,,
uniswap-v4,0x3662d2fc67e54e5062801904db4be5feddbbf1cf3a2ad77cb5209e18fb2845ad,2026-09-20T12:46:29+00:00,unresolved,activity_gap_and_other_conditions_unverified,1082,False,,,,,
uniswap-v4,0x469738bad51af5c273ddcb35eebbcef2a68629a21b6ecbc4d5cfd8ff4d87b629,2026-09-20T12:48:43+00:00,unresolved,activity_gap_and_other_conditions_unverified,0,False,,,,,
uniswap-v4,0xfa09b8271f0abe48109aeb417c700abd5fa022f92ae2ed82dd08c821555b35a3,2026-09-20T12:49:01+00:00,unresolved,activity_gap_and_other_conditions_unverified,0,False,,,,,
uniswap-v3,0x5c68867ddb543a8fdadb3512fb145ed93958e60b,2026-09-20T12:50:59+00:00,excluded,positive_lp_share_withdrawal_succeeded,10,True,,,,,
uniswap-v4,0x534c27abdf57795f4d9052a11c29ba88daf9ef7ca068824e05410abea895c442,2026-09-20T12:51:31+00:00,unresolved,activity_gap_and_other_conditions_unverified,0,False,,,,,
uniswap-v4,0x52d802acbbb5236364b49e23530cc4bd2a7815be909e8443b185a00491b48f12,2026-09-20T12:51:49+00:00,unresolved,activity_gap_and_other_conditions_unverified,10305,False,,,,,
uniswap-v4,0xa9acaa21a217a3fce44aedec953ddef269ce99e08ea0cae271fd4f79a5b88339,2026-09-20T12:52:35+00:00,unresolved,activity_gap_and_other_conditions_unverified,0,False,,,,,
uniswap-v4,0xd0fb12cea47539d861f69fec6a7a94f179d70dbbbac46453980291ab50046254,2026-09-20T12:52:39+00:00,unresolved,activity_gap_and_other_conditions_unverified,0,False,,,,,
uniswap-v4,0x706a7767d7826816a6e347eef47c92c39910d4a9b0c8d917422f77cef3b1c07c,2026-09-20T12:52:45+00:00,unresolved,activity_gap_and_other_conditions_unverified,47,False,,,,,
uniswap-v4,0xe4e82b800cc671883f233a0f74bd1fa7a7d5b7ebe39434db245ecd2ba9657f13,2026-09-20T12:55:01+00:00,unresolved,activity_gap_and_other_conditions_unverified,0,False,,,,,
uniswap-v4,0x40797d766405e8bf09243dfc8ac0b97ca695d9cbf3c017c218752e64ab4d40c4,2026-09-20T12:55:15+00:00,unresolved,activity_gap_and_other_conditions_unverified,0,False,,,,,
uniswap-v4,0x56595a9e4947f9600ff1ef1641be70269ee9a9296f0a230c051b52e03e9958e2,2026-09-20T12:55:19+00:00,unresolved,activity_gap_and_other_conditions_unverified,0,False,,,,,
uniswap-v4,0x218fdd3ce8e4ad5f5f5c270cb38c0da2801f8571078afc457c077c168de7652e,2026-09-20T12:55:41+00:00,unresolved,activity_gap_and_other_conditions_unverified,0,False,,,,,
uniswap-v4,0x103f014f310b677b13f44b671ad3d9d7892ef2abf469cadab3444a812573162a,2026-09-20T12:56:05+00:00,unresolved,liquidity_history_gap,1,False,,,,,
uniswap-v4,0x976fc1e8629645f7f7d06fb62835fe12edac221554fd6c692cfa47fb41b6e971,2026-09-20T12:56:05+00:00,unresolved,activity_gap_and_other_conditions_unverified,232,False,,,,,
uniswap-v4,0x25ed0c487d428bd0ff7ec5ab4c2c5a8cf3e27dbcdb0a01035b06b10e2c0acc4d,2026-09-20T12:56:09+00:00,unresolved,activity_gap_and_other_conditions_unverified,0,False,,,,,
uniswap-v4,0xf98b54041fd7eebdf694d9bab37fb0170c6890996abc453c6b99f037ec11d24b,2026-09-20T12:56:13+00:00,unresolved,activity_gap_and_other_conditions_unverified,0,False,,,,,
uniswap-v4,0x7585d2973a9f42fec676bc2b2ab47f76abe01b1fac80b667309c895d9cf3f5c4,2026-09-20T12:56:39+00:00,unresolved,activity_gap_and_other_conditions_unverified,0,False,,,,,
uniswap-v4,0x73d5b78829df30549c61eac7bac25fe8dd495e84f29270654e6e5e1c70197adb,2026-09-20T12:57:01+00:00,unresolved,activity_gap_and_other_conditions_unverified,0,False,,,,,
uniswap-v4,0x414e08d9b386ec2aaf57ca6dd324e099355fac54487eb5d94014f9839d6afd83,2026-09-20T12:57:09+00:00,unresolved,activity_gap_and_other_conditions_unverified,238,False,,,,,
uniswap-v4,0x7debf21a9965cfece355f294884ec13486a6a809312797170d9c1ccce82c5c29,2026-09-20T12:57:13+00:00,unresolved,activity_gap_and_other_conditions_unverified,1,False,,,,,
uniswap-v4,0x44f46aa438aac6c94080a176bfbe68988ae165d194bd533818c761095edbf090,2026-09-20T12:57:41+00:00,unresolved,activity_gap_and_other_conditions_unverified,0,False,,,,,
uniswap-v4,0x3f605e49936fa9f17cb9399111c1ea01c79d96556ac1f607c97422bf0bf2a9e5,2026-09-20T12:57:45+00:00,unresolved,activity_gap_and_other_conditions_unverified,0,False,,,,,
uniswap-v4,0x4af665d64db3ac3ad9d738c64ddb10eb8a5a3a55b8381612b1057140e7a4b76f,2026-09-20T12:58:01+00:00,unresolved,activity_gap_and_other_conditions_unverified,0,False,,,,,
uniswap-v4,0xb3d3f7a9468f765455d69b84ef22bb9d8de0b1e5521345af342d06480a7785b0,2026-09-20T12:58:03+00:00,unresolved,activity_gap_and_other_conditions_unverified,0,False,,,,,
uniswap-v4,0x090ecf8f12edbd0b584ec7770c7c0d2be4fbc362820c58d5278116578f0eacaa,2026-09-20T12:58:05+00:00,unresolved,activity_gap_and_other_conditions_unverified,0,False,,,,,
uniswap-v4,0xa70da2ff922e3922ceadd8be38f85fb0c7698278f10719cf4a29ce4283db8654,2026-09-20T12:58:09+00:00,unresolved,activity_gap_and_other_conditions_unverified,0,False,,,,,
uniswap-v4,0xbe2c50f5d32fd756d9d6105e8d5f21746332b0854a33038d558dc862eea6c734,2026-09-20T12:58:23+00:00,unresolved,activity_gap_and_other_conditions_unverified,0,False,,,,,
uniswap-v4,0x9662d8f8ef60d1a29a118327a6b05e1984b1809bdb2fa5ee4b74de5a1aa6e458,2026-09-20T12:58:29+00:00,unresolved,activity_gap_and_other_conditions_unverified,0,False,,,,,
uniswap-v4,0xdfaf8ad997950f9457aff224a8f9ba699755fcef2c64af80340b935f85eb794c,2026-09-20T12:58:33+00:00,unresolved,activity_gap_and_other_conditions_unverified,0,False,,,,,
uniswap-v4,0x5f5f42525978aee726da32b29e3f53b3c85d21a0df7106b2bd9c848324c04bff,2026-09-20T12:58:55+00:00,unresolved,activity_gap_and_other_conditions_unverified,0,False,,,,,
uniswap-v4,0x6dc998a58171b278cca7b16c4d77f5588664e8fedd67fd27e5393485d6d30526,2026-09-20T12:59:27+00:00,unresolved,activity_gap_and_other_conditions_unverified,0,False,,,,,
uniswap-v4,0x0228a4750b9f1c78878da9dcd011848f130723dcb87ed0cef80432b13d717283,2026-09-20T12:59:51+00:00,unresolved,activity_gap_and_other_conditions_unverified,0,False,,,,,
uniswap-v4,0x7956aa107fee2dc7ab1d0f49e25af2485477c60bc936bf34353b02dc59054703,2026-09-20T13:00:05+00:00,unresolved,activity_gap_and_other_conditions_unverified,0,False,,,,,
uniswap-v4,0x1a0e58daf8a94ebbc3fc958701951ea6704dbe5317a355b991538e8026292cda,2026-09-20T13:00:05+00:00,unresolved,activity_gap_and_other_conditions_unverified,0,False,,,,,
uniswap-v4,0x385b07731f08e9f75a460c7768a3bad90eb298328f80d7ee6928a08c6e85e76a,2026-09-20T13:00:17+00:00,unresolved,activity_gap_and_other_conditions_unverified,0,False,,,,,
uniswap-v4,0x2bbd7bad3e61d7da003da85d712f9bc4fefc2cc45c9134e167894e728188bf4b,2026-09-20T13:00:25+00:00,unresolved,activity_gap_and_other_conditions_unverified,1,False,,,,,
uniswap-v4,0xf01117b599d6db8e4db11cd63559db8da188dd4bc9c65dbdfd62db1b61b500bf,2026-09-20T13:00:43+00:00,unresolved,activity_gap_and_other_conditions_unverified,0,False,,,,,
uniswap-v3,0xfadec700cf2a7ef99d9e1d9b2825368d28457c6f,2026-09-20T13:00:47+00:00,excluded,positive_lp_share_withdrawal_succeeded,1819,True,,,,,
uniswap-v4,0xff153b6c2859dd8b4f3da61eff3bd060a3d173c63ff36c7f3b3dad76d1a0a5fa,2026-09-20T13:01:33+00:00,unresolved,activity_gap_and_other_conditions_unverified,0,False,,,,,
uniswap-v4,0x917184afe523fcd1144f0975af4da9510380321c1bd94e35110469b3ced8aba4,2026-09-20T13:01:37+00:00,unresolved,activity_gap_and_other_conditions_unverified,0,False,,,,,
uniswap-v4,0x2adf226c0da42522233e7e1ec3b0d157fd2ad5ee25709ee3bad07fdbe5197ef5,2026-09-20T13:01:57+00:00,unresolved,activity_gap_and_other_conditions_unverified,0,False,,,,,
uniswap-v4,0x8e83f4f150dedc20ef8731e4cba3a6b45639c6a9b34c96eb552e057a4f9b6514,2026-09-20T13:02:07+00:00,unresolved,activity_gap_and_other_conditions_unverified,0,False,,,,,
uniswap-v4,0xc48a2b7ad0da4363a7ed1a9b29c3c85dc649550ad3281963f07f654eeb0ccff5,2026-09-20T13:02:41+00:00,unresolved,activity_gap_and_other_conditions_unverified,0,False,,,,,
uniswap-v4,0x289bc3b02414f74891d96715cc53cd463224ec6b349811223368a9f561c83138,2026-09-20T13:03:13+00:00,unresolved,activity_gap_and_other_conditions_unverified,0,False,,,,,
uniswap-v4,0x5a19e72d394a4eebbba7b2c6b115b09683a43c7ce120d0a3466ab11fc7f0f1a9,2026-09-20T13:03:53+00:00,unresolved,activity_gap_and_other_conditions_unverified,0,False,,,,,
uniswap-v4,0x36b693a7c5c94ac43b288ce3b48a48cabd2e850c3c2c5c7f5d08b82bbc4ae298,2026-09-20T13:03:55+00:00,unresolved,activity_gap_and_other_conditions_unverified,0,False,,,,,
uniswap-v4,0x8a0cdd59e7cc5f673cd9d2610cb708f306008355da2a5f81d060558e9962e17d,2026-09-20T13:03:57+00:00,unresolved,activity_gap_and_other_conditions_unverified,0,False,,,,,
uniswap-v4,0x45271bf5409f55a7017410f768c448afbdf7dfb122c472bb09ed3ebe4bd7d8ee,2026-09-20T13:04:01+00:00,unresolved,activity_gap_and_other_conditions_unverified,0,False,,,,,
uniswap-v4,0x4d6526c44e792ed93a15c22b85f10c5b9fcffce07ae6fa8f4e453fcd7a4f7fbb,2026-09-20T13:04:31+00:00,unresolved,activity_gap_and_other_conditions_unverified,0,False,,,,,
uniswap-v4,0x05b1b135012d15a34bb59274377c5531e09a03ade1987dc7924c7518dc7be0e3,2026-09-20T13:05:57+00:00,unresolved,activity_gap_and_other_conditions_unverified,0,False,,,,,
uniswap-v4,0xe3dd5d4a27983a43483c36b3c6f95861ee97d020f43d39d4c894dba5502feb4a,2026-09-20T13:06:07+00:00,unresolved,activity_gap_and_other_conditions_unverified,0,False,,,,,
uniswap-v4,0x94a2718c4104984e4ca9519c0942e995e55f2c48508c3e38ff0461ed475e2fec,2026-09-20T13:06:57+00:00,unresolved,activity_gap_and_other_conditions_unverified,129,False,,,,,
uniswap-v4,0xe1e101ed0518ace3c5b09283b1a7f186de934903690c406685a7836ee6d690e5,2026-09-20T13:07:01+00:00,unresolved,activity_gap_and_other_conditions_unverified,0,False,,,,,
uniswap-v4,0x3092a48c45681bc386e2f6dc6d07cb34cf447d28ad7639b425b059ed7c94202c,2026-09-20T13:07:33+00:00,unresolved,activity_gap_and_other_conditions_unverified,0,False,,,,,
uniswap-v4,0x298e3db5bb3de47cc9552dfe0127fb0a4dec4bdc2b640d699d70c0dc3cb42868,2026-09-20T13:07:37+00:00,unresolved,activity_gap_and_other_conditions_unverified,117,False,,,,,
uniswap-v4,0xdd8308cc8878a3a4eb847da6153181dd5dcbe0bd9f14acd9c49091e14af48382,2026-09-20T13:07:41+00:00,unresolved,activity_gap_and_other_conditions_unverified,0,False,,,,,
uniswap-v4,0x082e386ac990e097198ee8a439018e744e6bc0e8b54608a2895e6379d5badc30,2026-09-20T13:08:09+00:00,unresolved,activity_gap_and_other_conditions_unverified,0,False,,,,,
uniswap-v4,0x974ffc4cede1e6bcfe7204f6c923dba66f2567090f76ceb188f6d784ee129ea5,2026-09-20T13:08:13+00:00,unresolved,activity_gap_and_other_conditions_unverified,0,False,,,,,
uniswap-v4,0x12bf691925eb3bd882ad294ab07f8aebc2584fcbb1c76f85bb9f8f70b072f1f9,2026-09-20T13:08:23+00:00,unresolved,activity_gap_and_other_conditions_unverified,0,False,,,,,
uniswap-v4,0xcdafd4151c3a27ec58a50455bbc2f2fab93186dae49cdeffae2c5046f3790e0b,2026-09-20T13:08:29+00:00,unresolved,activity_gap_and_other_conditions_unverified,231,False,,,,,
uniswap-v4,0xf13628fc1b58f278669ca09926868672cfe7939d5051ba118fb2373f83043b0f,2026-09-20T13:09:13+00:00,unresolved,activity_gap_and_other_conditions_unverified,1,False,,,,,
uniswap-v4,0x511c78329ddda0e51a66a72b51c2b228f3f00c1e956be1fac5d5bb44930919ee,2026-09-20T13:10:15+00:00,unresolved,activity_gap_and_other_conditions_unverified,0,False,,,,,
uniswap-v4,0xa7b909693c34bc6de0881258f70874b073a8a3203fc044e62729ea4f684cd4f4,2026-09-20T13:10:17+00:00,unresolved,activity_gap_and_other_conditions_unverified,0,False,,,,,
uniswap-v4,0x00a5683c14a74c4fd068bc7c634c3b92fa0874b30ea5158a38e08f291080752d,2026-09-20T13:11:11+00:00,unresolved,activity_gap_and_other_conditions_unverified,0,False,,,,,
uniswap-v4,0xee3e8a8467930d2144875eb13d4edfca525b53d7b45a9e66d4beff0c4929ffc4,2026-09-20T13:11:39+00:00,unresolved,activity_gap_and_other_conditions_unverified,0,False,,,,,
uniswap-v4,0x2a9ff7bda2839515d15af09dbe112a616f956c2a4979a76af74c4e79cca7c56a,2026-09-20T13:12:13+00:00,unresolved,activity_gap_and_other_conditions_unverified,1,False,,,,,
uniswap-v4,0x7628edbd6f77629ac1fe977665e742fdce4c946dbf98d1fae2eea10c9226d593,2026-09-20T13:12:17+00:00,unresolved,activity_gap_and_other_conditions_unverified,293,False,,,,,
uniswap-v4,0x9c23cb437972080dde62e7ae9f054637ecf54873a62326799cb6778408c4973c,2026-09-20T13:12:19+00:00,unresolved,activity_gap_and_other_conditions_unverified,0,False,,,,,
uniswap-v4,0xbafb1934e6a34e408252c5ae1a7201ba8d4c0a713605aa10bfc8d4bd1ef07e75,2026-09-20T13:12:59+00:00,unresolved,activity_gap_and_other_conditions_unverified,0,False,,,,,
uniswap-v4,0xc52d9285a3c22164728280d19bdeac4d2001352545ad8b2fa2f0bcccb331d32a,2026-09-20T13:13:07+00:00,unresolved,activity_gap_and_other_conditions_unverified,3,False,,,,,
uniswap-v4,0xf5c1484854dc563aa2e2078b6f4cb5a029e70b459b6de79159b1c747ecb4f588,2026-09-20T13:13:11+00:00,unresolved,activity_gap_and_other_conditions_unverified,0,False,,,,,
uniswap-v4,0x9610b07b5f6b4f6ea5c258fb3e00c117cb6a77d3815b10689c3860e2b7e93661,2026-09-20T13:13:49+00:00,unresolved,activity_gap_and_other_conditions_unverified,0,False,,,,,
uniswap-v4,0x2952427c99f36106c4bd830b17424efb2ba2611b08c42316d3f9c1adc064c27b,2026-09-20T13:13:55+00:00,unresolved,activity_gap_and_other_conditions_unverified,0,False,,,,,
uniswap-v4,0xc4e9764dc8301c4356632fffb544112cad4bec23aabd525dfd4f8d4ecc25377c,2026-09-20T13:15:15+00:00,unresolved,activity_gap_and_other_conditions_unverified,1,False,,,,,
uniswap-v4,0xde3f35f4b43a929573992f75fd5f5f54f90647539e6db80e122672ab3eb0f068,2026-09-20T13:15:33+00:00,unresolved,activity_gap_and_other_conditions_unverified,0,False,,,,,
uniswap-v4,0x6ebb92c9876e960e2e168eb6a502e0dcd86ac8ebb430aaf5ea63dcf58700215f,2026-09-20T13:15:57+00:00,unresolved,activity_gap_and_other_conditions_unverified,776,False,,,,,
uniswap-v4,0x0111bf93b763308bd72f87556af53894ffdaae7aca55d00224a37045b3bcf7cc,2026-09-20T13:17:03+00:00,unresolved,activity_gap_and_other_conditions_unverified,0,False,,,,,
uniswap-v4,0x1354ffc2be11cc2e0e41326d11db7eb3dd393b30fb961e1810fc74a7ea7632eb,2026-09-20T13:17:41+00:00,unresolved,activity_gap_and_other_conditions_unverified,0,False,,,,,
uniswap-v4,0x73fb80be58912c1fec23e70887fd89c5c6c6441e9b9c9e23b2f5216e4beaa68d,2026-09-20T13:18:01+00:00,unresolved,activity_gap_and_other_conditions_unverified,3,False,,,,,
uniswap-v4,0x06b30d1de4dc73265038faec5bb8ba52dc45b21ac18cb22a2f04d5086030ab32,2026-09-20T13:18:23+00:00,unresolved,activity_gap_and_other_conditions_unverified,0,False,,,,,
uniswap-v4,0x54612534b44d8695290cab98a2eee8ea361964155fda58237515729e63af6d3b,2026-09-20T13:19:13+00:00,unresolved,activity_gap_and_other_conditions_unverified,0,False,,,,,
uniswap-v4,0x0878ba72b517132927181a155ddf908f9bbec8dd2e6b1f92ef25588d1673efec,2026-09-20T13:20:45+00:00,unresolved,activity_gap_and_other_conditions_unverified,236,False,,,,,
uniswap-v4,0x1c5d115774db214ad3107429dc73429991f05cabdc9f4bd91ada22eacabb5675,2026-09-20T13:22:07+00:00,unresolved,activity_gap_and_other_conditions_unverified,0,False,,,,,
uniswap-v4,0x7f8a45ff860dce9110f1255a5e95377272e0b40e552ce27fe7d3a88880f7c059,2026-09-20T13:22:15+00:00,unresolved,activity_gap_and_other_conditions_unverified,0,False,,,,,
uniswap-v4,0x442440504a913041d67e6e37df360495118c5134e03d90345d4473816e1bb067,2026-09-20T13:22:19+00:00,unresolved,activity_gap_and_other_conditions_unverified,0,False,,,,,
uniswap-v4,0x4d5715ad9dea8b52efec7e7c21b3162567e56286ef9ebcb13fecae2bd381ddb1,2026-09-20T13:22:29+00:00,unresolved,activity_gap_and_other_conditions_unverified,1,False,,,,,
uniswap-v4,0x423763cd16f15b6ef3ed4463fe6b82080c46359d744321361eeb9b83073e729c,2026-09-20T13:22:49+00:00,unresolved,activity_gap_and_other_conditions_unverified,0,False,,,,,
uniswap-v4,0xa3994bad14c4a1dba829e6fda9322abf82377d6c2190e5b99a1b5c4f4de1ebf9,2026-09-20T13:23:29+00:00,unresolved,activity_gap_and_other_conditions_unverified,0,False,,,,,
uniswap-v4,0x2755ba438a47b882b7c7242bf8cda9169100f15a4d465e4fe3a68ebda6edf05d,2026-09-20T13:23:51+00:00,unresolved,activity_gap_and_other_conditions_unverified,0,False,,,,,
uniswap-v4,0x469a47fe81c40de2fa280eeb27ba8cc10f9767fab6754336ba90a76e67dedd5f,2026-09-20T13:24:07+00:00,unresolved,liquidity_history_gap,4,False,,,,,
uniswap-v4,0xf4c1a7a0d120d0cadded17da010aaf4ee2dfa0f3e20f569d428be055de2ab8e2,2026-09-20T13:24:35+00:00,unresolved,activity_gap_and_other_conditions_unverified,0,False,,,,,
uniswap-v4,0x43731293d187bda2cd0c247064a9ba1c1a613968133a168bf462cf5bb89da71d,2026-09-20T13:26:23+00:00,unresolved,activity_gap_and_other_conditions_unverified,0,False,,,,,
uniswap-v4,0xc37fc28a19cafad61fa32eb991240f52d7d49741f9899d3c10e10469ea84dd91,2026-09-20T13:27:13+00:00,unresolved,activity_gap_and_other_conditions_unverified,1,False,,,,,
uniswap-v4,0xa51cc5f1e8691dedc4d0d5024abfd28769d49fd5f7fae50a623175b9483c44c0,2026-09-20T13:27:27+00:00,unresolved,activity_gap_and_other_conditions_unverified,0,False,,,,,
uniswap-v4,0x22cb1bcdddb6a1be227c33b8d9ba65ebd99b1aa1f80d7054179116f8985f1762,2026-09-20T13:27:37+00:00,unresolved,activity_gap_and_other_conditions_unverified,232,False,,,,,
uniswap-v4,0x60a6e501f6a1e642ba7c0a496c52af86a5bb21cda72899bf46791e3c9a824049,2026-09-20T13:27:37+00:00,unresolved,activity_gap_and_other_conditions_unverified,45,False,,,,,
uniswap-v4,0xd0826c326eaf7e338f5d614d7a711126b9ebe241fea54fbe710cc5c578d7051c,2026-09-20T13:28:15+00:00,excluded,positive_lp_share_withdrawal_succeeded,75,False,,,,,
uniswap-v4,0xe775045dfbffaa0d7a56e6216a90dc92eb13119d9894352e06b655587adb7f39,2026-09-20T13:28:19+00:00,unresolved,activity_gap_and_other_conditions_unverified,33,False,,,,,
uniswap-v4,0x6dcb75cc89e2097ae983cfbe35168d58ec174d273a8717574532fe8fd838da75,2026-09-20T13:28:31+00:00,unresolved,activity_gap_and_other_conditions_unverified,0,False,,,,,
uniswap-v4,0x8c5a4d499559935e1726d6fca1f7b252b0e18bd8390e0f17ead488fd1343a296,2026-09-20T13:29:07+00:00,unresolved,liquidity_history_gap,5,False,,,,,
uniswap-v4,0xa8b4928c9e524134174f056ffe92d8de3089505cff5b3549694f02498f5df63a,2026-09-20T13:29:57+00:00,unresolved,activity_gap_and_other_conditions_unverified,0,False,,,,,
uniswap-v4,0x76bf3dd87cd60d770392d97fed924edf1d07284cf5c04d991ab2cc56aa228231,2026-09-20T13:30:11+00:00,unresolved,activity_gap_and_other_conditions_unverified,0,False,,,,,
uniswap-v4,0xb96ac7cf88b9e90e49df228eb4e1922fca7c67d3cbfbf9f3236b2baac0f40889,2026-09-20T13:30:21+00:00,unresolved,activity_gap_and_other_conditions_unverified,1,False,,,,,
uniswap-v4,0x0af326153412b4fd611d6c5671a53f56ceb4dea2d16a6d03fbe472fe9d4f42b8,2026-09-20T13:31:25+00:00,unresolved,activity_gap_and_other_conditions_unverified,0,False,,,,,
uniswap-v3,0xcd0945f8e6a2f5a55972357ccd4b697f660b2f3e,2026-09-20T13:32:07+00:00,excluded,positive_lp_share_withdrawal_succeeded,16,True,,,,,
uniswap-v4,0x399a8f53be3ff26c6eb8cf8a6bec02f1b4e419d5fab5b78f2720e31e22b8d5fe,2026-09-20T13:32:21+00:00,unresolved,activity_gap_and_other_conditions_unverified,0,False,,,,,
uniswap-v4,0xde40c7d554d6aeac2dd367a6cbca50714940b22e968a8f06bd0ef192504a295d,2026-09-20T13:32:59+00:00,unresolved,activity_gap_and_other_conditions_unverified,93,False,,,,,
uniswap-v4,0xc0c75a458256f18a8d325e3550a9b7d712c190dd3c403284abce410916f3708c,2026-09-20T13:33:03+00:00,unresolved,activity_gap_and_other_conditions_unverified,0,False,,,,,
uniswap-v4,0x0b228c7c95e5a0da0c9695c222af726b4cd0be8e227e6f532646de97c860be1b,2026-09-20T13:33:23+00:00,unresolved,activity_gap_and_other_conditions_unverified,0,False,,,,,
uniswap-v4,0xb4b1c6bb5709ec5e8b03af402ea5f0fd0a377d39ae5e679b89b2647a7a111514,2026-09-20T13:33:37+00:00,unresolved,activity_gap_and_other_conditions_unverified,0,False,,,,,
uniswap-v4,0xaee2ff8353984ed121876de840e1b5d2cc01e6a954074fb54da0aba1d28fc6c8,2026-09-20T13:34:11+00:00,unresolved,activity_gap_and_other_conditions_unverified,0,False,,,,,
uniswap-v4,0x4851f7257c247d92ffc83cca5b8c84666a6f32bca954d6c608fc00b1d2fd78a0,2026-09-20T13:34:25+00:00,unresolved,activity_gap_and_other_conditions_unverified,0,False,,,,,
uniswap-v4,0x8884b655a8001d928f667c34275a80f9cb6dad184dcd29e3cde9ccbd8bac08f1,2026-09-20T13:34:27+00:00,unresolved,activity_gap_and_other_conditions_unverified,0,False,,,,,
uniswap-v4,0xeb02433cd67a95f1122eb4ac5352b6615f3d6b43ea66a53ce8a005f155e549c2,2026-09-20T13:34:43+00:00,unresolved,activity_gap_and_other_conditions_unverified,0,False,,,,,
uniswap-v4,0x2b6e8a7b948b554a0bf6b467db0e367ab767ed80321d31df6481e6409a6c780e,2026-09-20T13:35:13+00:00,unresolved,activity_gap_and_other_conditions_unverified,0,False,,,,,
uniswap-v4,0x177b8715f7e94ae9b9b5a25f61a6fe00c8d364d35d9baa5ba0c33bfd524afceb,2026-09-20T13:35:19+00:00,unresolved,activity_gap_and_other_conditions_unverified,0,False,,,,,
uniswap-v4,0xab79bf8e6e2906350aa6ac2684e44aacd35ce9f838dedefc8124b217d0857787,2026-09-20T13:35:41+00:00,unresolved,activity_gap_and_other_conditions_unverified,0,False,,,,,
uniswap-v4,0xa2f838de2ecec456a560e4882d1e752e364215d7938724b21716873282f19117,2026-09-20T13:35:41+00:00,unresolved,activity_gap_and_other_conditions_unverified,1086,False,,,,,
uniswap-v4,0xcff964b859464ddf275a84c8df7d8ca1fd3f9792d85dad804261fb9a316d3947,2026-09-20T13:36:25+00:00,unresolved,activity_gap_and_other_conditions_unverified,0,False,,,,,
uniswap-v4,0x46c0d52b2b90982a91798084883695c2281d049df67a1efcbf54c61895b1b713,2026-09-20T13:36:53+00:00,unresolved,activity_gap_and_other_conditions_unverified,0,False,,,,,
uniswap-v4,0x2fac252c27aad32e473a11ae744ce309108411cb83e409a37e1ffe796f2a2ad0,2026-09-20T13:37:43+00:00,unresolved,activity_gap_and_other_conditions_unverified,0,False,,,,,
uniswap-v4,0x766e0f40ba603327e2dd73b6b69a223fec27953894d4427e3ae7f0d91e0ef915,2026-09-20T13:38:37+00:00,unresolved,activity_gap_and_other_conditions_unverified,148,False,,,,,
uniswap-v4,0x2fe9febd1417ae82247fd316d19b9cadeb89b00a12378a7aff47ddaf072d2d05,2026-09-20T13:38:41+00:00,unresolved,activity_gap_and_other_conditions_unverified,0,False,,,,,
uniswap-v4,0x4149cd7f363390f9ac1a26f5f963c8372f659586db96601f6b02066aa42e2cdb,2026-09-20T13:38:53+00:00,unresolved,activity_gap_and_other_conditions_unverified,150,False,,,,,
uniswap-v4,0xf403111f0b73edb146d39f820debf0882ce045aaa45d1c6f6fe5ef9d5b886cfc,2026-09-20T13:38:57+00:00,unresolved,activity_gap_and_other_conditions_unverified,0,False,,,,,
uniswap-v4,0x5335fed5bbf103822c11414ab52cdccde4e2f54d3c18c06bfda8c57e5a1c3d20,2026-09-20T13:39:01+00:00,unresolved,activity_gap_and_other_conditions_unverified,70,False,,,,,
uniswap-v4,0xf452de9cd5a4a085f06a55cf501b0e1e19cd916f57e11b86b438398cce685772,2026-09-20T13:39:17+00:00,unresolved,activity_gap_and_other_conditions_unverified,1,False,,,,,
uniswap-v4,0xa5f18784191c71196a85ec585fae71ccf3c3020a5cb13dd67a968e9c877acdb3,2026-09-20T13:39:23+00:00,unresolved,activity_gap_and_other_conditions_unverified,0,False,,,,,
uniswap-v4,0xf5dfaa9018758e787cf207e7210e53183036b8e609469c80e554c80e4bc3486e,2026-09-20T13:39:57+00:00,unresolved,activity_gap_and_other_conditions_unverified,0,False,,,,,
uniswap-v4,0xdf4f832714ec6aa44f9b43076f0fb99d9615fb45c4928429c3312a398d716b36,2026-09-20T13:40:01+00:00,unresolved,activity_gap_and_other_conditions_unverified,0,False,,,,,
uniswap-v4,0xb8f0004579675815d874ece4b4c32269dddc3f74b74a7c131d57c9c34d83d39f,2026-09-20T13:40:55+00:00,unresolved,activity_gap_and_other_conditions_unverified,0,False,,,,,
uniswap-v4,0x65f4d3791d88e00ed6ce05d8d581404e7892c8f34b46dab689a503577747e17a,2026-09-20T13:40:59+00:00,unresolved,activity_gap_and_other_conditions_unverified,0,False,,,,,
uniswap-v4,0x744ebe38c8d7a02cef0254c25a8df35960d4da50dfd6eb483652e7761ec282f1,2026-09-20T13:40:59+00:00,unresolved,activity_gap_and_other_conditions_unverified,0,False,,,,,
uniswap-v4,0x5c9f005e64e15bdef11e2c63abb33207ed0f50b5d3b1c38842876fa22ed039e1,2026-09-20T13:41:53+00:00,unresolved,activity_gap_and_other_conditions_unverified,0,False,,,,,
uniswap-v4,0x741937d73ea42ddc1c45673195a3d9f1cc6fe57b73a708ec7019a9d557e9801b,2026-09-20T13:41:55+00:00,unresolved,activity_gap_and_other_conditions_unverified,0,False,,,,,
uniswap-v4,0xb9a82ad365cd61c572343c3a80fa617d30f0d7936b6b329af6280626b30cb610,2026-09-20T13:42:13+00:00,unresolved,activity_gap_and_other_conditions_unverified,1,False,,,,,
uniswap-v4,0x6ef8c8500e2a40e58f3e7c073ec65d73f3641108f387c0364cc92c1bccdd61b8,2026-09-20T13:42:45+00:00,unresolved,activity_gap_and_other_conditions_unverified,199,False,,,,,
uniswap-v4,0x996125c7d7b40658820d346573d3bca57decd6d4e709629c4a4a2aea2dcd96b0,2026-09-20T13:42:55+00:00,unresolved,activity_gap_and_other_conditions_unverified,211,False,,,,,
uniswap-v4,0x860aea4b786cfbde220c12e302112d928c7ea650529afc10aba61ba9a34dbd5a,2026-09-20T13:43:31+00:00,unresolved,activity_gap_and_other_conditions_unverified,0,False,,,,,
uniswap-v4,0xa166e4570dd83029daa48915d42c7ce8a0885d0412c65e77db316919a5f62520,2026-09-20T13:44:59+00:00,unresolved,activity_gap_and_other_conditions_unverified,1,False,,,,,
uniswap-v4,0xfe0f024c98868dbf7e6e8161e092e3bc472422f0ecf3dd80b75cafd3888e49fd,2026-09-20T13:45:15+00:00,unresolved,activity_gap_and_other_conditions_unverified,1,False,,,,,
uniswap-v4,0xb1cdbbc904e64ad82c7acccea1f18f1041b458ca335ec2db0bf7c43c00e1a1b6,2026-09-20T13:45:27+00:00,unresolved,activity_gap_and_other_conditions_unverified,0,False,,,,,
uniswap-v4,0x3186959bef36672ef34916091f20ba29a2bbd8c2e09064bfa512ac6a573fe37f,2026-09-20T13:45:29+00:00,unresolved,activity_gap_and_other_conditions_unverified,1,False,,,,,
uniswap-v4,0x2bb12640898a51eca712e86af68ab5e7176b11533fa07d62a2f66a8f80d2ce29,2026-09-20T13:47:07+00:00,unresolved,activity_gap_and_other_conditions_unverified,1,False,,,,,
uniswap-v4,0xd2e76c16dfe02ccea71406361c6615d7c47137059d59d3621fe26a5e3c46c9eb,2026-09-20T13:47:23+00:00,unresolved,activity_gap_and_other_conditions_unverified,0,False,,,,,
uniswap-v4,0xe80943d2739f727b088a9cb7ff2ee39188875c9a6728796dfb58be34eeb6d412,2026-09-20T13:48:31+00:00,unresolved,activity_gap_and_other_conditions_unverified,0,False,,,,,
uniswap-v4,0xb14308054f46fbd73112f6d7f3d21974db93df4128d143db948ea42604974db5,2026-09-20T13:49:05+00:00,unresolved,activity_gap_and_other_conditions_unverified,0,False,,,,,
uniswap-v4,0xedfbae3e1efce7ecbcf2a67acc94b63928faabc2ccf17bb8ca114282a065068f,2026-09-20T13:49:07+00:00,unresolved,activity_gap_and_other_conditions_unverified,0,False,,,,,
uniswap-v4,0x44b2734f30564dae22a40a8a1f1e587a8729536032c6ce807cda28d1a13c141a,2026-09-20T13:49:11+00:00,unresolved,activity_gap_and_other_conditions_unverified,0,False,,,,,
uniswap-v4,0xd2a69bef10f4f51e148ccc6201ef880d2931f0d7f8f2dcbc9aeb657fec43de22,2026-09-20T13:49:29+00:00,unresolved,activity_gap_and_other_conditions_unverified,0,False,,,,,
uniswap-v4,0x2e5aa844bf473675690981d63eafa710e33f74318bcfe8bd62dfc2c5dd4a16b1,2026-09-20T13:50:55+00:00,unresolved,activity_gap_and_other_conditions_unverified,0,False,,,,,
uniswap-v4,0x7eebd72e18f585705f467c34952c67aa50d884d528861ef9f75bb2dfa3b669c9,2026-09-20T13:51:03+00:00,unresolved,activity_gap_and_other_conditions_unverified,0,False,,,,,
uniswap-v4,0xb8cac47d214f3cb381daef44424695e289ecfa26cdda6736172a73fb97e2fec0,2026-09-20T13:51:37+00:00,unresolved,activity_gap_and_other_conditions_unverified,2,False,,,,,
uniswap-v4,0x2a752be91d6a469b6f341049854844591cdbac08bbd2ce5043148ccee17c2544,2026-09-20T13:54:51+00:00,unresolved,activity_gap_and_other_conditions_unverified,190,False,,,,,
uniswap-v4,0x71aa905ca61b538df97ab375c8df3ed81de6cf746d94945a68b5663f2bbb22e6,2026-09-20T13:55:13+00:00,unresolved,activity_gap_and_other_conditions_unverified,0,False,,,,,
uniswap-v4,0xe1e15558eef5ffcd1f08b34b502aa4758c1fa484e13b578ea362b61e9eec026f,2026-09-20T13:55:55+00:00,unresolved,activity_gap_and_other_conditions_unverified,0,False,,,,,
uniswap-v4,0xdd777f0d88d4b217e96ee1cca39590bf1224e1790e8dd6d10aa21bb038fd0fa8,2026-09-20T13:56:09+00:00,unresolved,activity_gap_and_other_conditions_unverified,1,False,,,,,
uniswap-v4,0xe84dec27185589974cb6d77d8c337ed88252a4ad4e473109dac9e842cdb86fb1,2026-09-20T13:56:27+00:00,excluded,positive_lp_share_withdrawal_succeeded,208,False,,,,,
uniswap-v4,0x8fbc723870f90c291ee2129ece8c8afcdc4d0d358347bd123bc23990dbb55efb,2026-09-20T13:57:13+00:00,unresolved,activity_gap_and_other_conditions_unverified,1,False,,,,,
uniswap-v4,0x975d43505ecc2adf0816b623f73b1ff56b9e42696e5f8cc5ae4a94bb9fe942cf,2026-09-20T13:57:19+00:00,unresolved,activity_gap_and_other_conditions_unverified,0,False,,,,,
uniswap-v4,0xf6b434ea717f5e61050ab4ed49246ab61be6f5c5db2e17e6d5bb94281a5917cd,2026-09-20T13:58:03+00:00,unresolved,activity_gap_and_other_conditions_unverified,224,False,,,,,
uniswap-v4,0x9d3287eaa17914976d61f45ad6a65a26f41af72aba7709325d886afde1e95ed2,2026-09-20T13:58:43+00:00,unresolved,activity_gap_and_other_conditions_unverified,0,False,,,,,
uniswap-v3,0x32f4328ed4702f463933d4398994b25474c9bca2,2026-09-20T13:58:51+00:00,excluded,positive_lp_share_withdrawal_succeeded,26,True,,,,,
uniswap-v4,0x9a7a29dba99b148670f85903fb71b9b19a63c24e914875281e057b1c4f325b98,2026-09-20T13:59:39+00:00,unresolved,activity_gap_and_other_conditions_unverified,58,False,,,,,
uniswap-v4,0x69e74ae73b16ffcfade9f879ac83309d7a24e5ba9a7fe04124eaab4f9c3cc4a6,2026-09-20T14:00:25+00:00,unresolved,activity_gap_and_other_conditions_unverified,1,False,,,,,
uniswap-v4,0xc46ffd1b53a1f57e44fc0b17b4bc536307c8d8b148a3e87a5a909e03334f3d57,2026-09-20T14:01:29+00:00,unresolved,activity_gap_and_other_conditions_unverified,0,False,,,,,
uniswap-v4,0x9ae0932f623578a1f0cddbc50f2741af5cf73bf1edee780021cd2fda5386ae3a,2026-09-20T14:01:45+00:00,unresolved,activity_gap_and_other_conditions_unverified,29,False,,,,,
uniswap-v4,0x2cfc31dfb025cfb2adb82610078cb6a16438f7412b62f224d49ab144f6ac1791,2026-09-20T14:02:23+00:00,unresolved,activity_gap_and_other_conditions_unverified,0,False,,,,,
uniswap-v4,0x04e02d8853e8202d34d29153a9e6a7bef33c72ac8839e4ba450c73a1520fb3fe,2026-09-20T14:02:35+00:00,unresolved,activity_gap_and_other_conditions_unverified,0,False,,,,,
uniswap-v4,0xf520a247760feda1201d947a77e946553dad44e049e0083d16fd3617f26c26e4,2026-09-20T14:03:13+00:00,unresolved,activity_gap_and_other_conditions_unverified,0,False,,,,,
uniswap-v4,0xf1117b8bdb2eada24f42fe7b62ad52e0dbbb3696f2452de1d5eee448d5ec6fea,2026-09-20T14:03:29+00:00,unresolved,activity_gap_and_other_conditions_unverified,0,False,,,,,
uniswap-v4,0x4f0edcb44c518905da6182db14e5b723a9d5452f6d61501b2f9bb7a18bf2baab,2026-09-20T14:04:41+00:00,excluded,positive_lp_share_withdrawal_succeeded,1,False,,,,,
uniswap-v3,0x052a4187b2fed20cf38d0e6b42c2642c28949736,2026-09-20T14:05:29+00:00,excluded,no_remaining_lp_principal,1,True,,,,,
uniswap-v4,0xa4b9bb0fdd7006eea374e9dc9e0a506b3c450b05d0487acaa4c323a5005e1950,2026-09-20T14:05:49+00:00,unresolved,activity_gap_and_other_conditions_unverified,1,False,,,,,
uniswap-v4,0x391573efce428a9dafb8582a6b9de427755d47abe2294692c1b99410a233a8a3,2026-09-20T14:05:59+00:00,unresolved,activity_gap_and_other_conditions_unverified,0,False,,,,,
uniswap-v4,0x8b999b9bf101e809ad375949e9184a98676a47f041cb0f9a07a5dde820583e40,2026-09-20T14:06:55+00:00,unresolved,activity_gap_and_other_conditions_unverified,0,False,,,,,
uniswap-v4,0xf88e50d9c09734e6121af14637c88ea952f6a08cb8058d5e112552414b3bb045,2026-09-20T14:07:17+00:00,unresolved,activity_gap_and_other_conditions_unverified,144,False,,,,,
uniswap-v4,0xc8b4a349fc1ae97e8a820943231573567f974d129dc12e4c478708fd7b5cf59d,2026-09-20T14:08:23+00:00,unresolved,activity_gap_and_other_conditions_unverified,5,False,,,,,
uniswap-v4,0xa27ed1a28bd335f2997fea69784778c5bd37b966ef62925a1117e53bc1d2d6ce,2026-09-20T14:09:21+00:00,unresolved,activity_gap_and_other_conditions_unverified,1,False,,,,,
uniswap-v4,0xe5ea9ce901f11c882103b46e428e65574fc364f36e4570d4d81ffb374026c206,2026-09-20T14:09:23+00:00,unresolved,activity_gap_and_other_conditions_unverified,0,False,,,,,
uniswap-v4,0x16c3f1fdec98d318d1d629addd9688f195c0b389a5c5bbefa81d9d8a201a29b1,2026-09-20T14:10:29+00:00,unresolved,activity_gap_and_other_conditions_unverified,128,False,,,,,
uniswap-v4,0xf83bf43de0034a0b15597e466c76b53da225609fe6037c02be2ff2ff0647042e,2026-09-20T14:10:33+00:00,unresolved,activity_gap_and_other_conditions_unverified,0,False,,,,,
uniswap-v4,0x1638b7fed0fe18ba346d3089e2cd6d6e19dc8c1a7bc5a672bda27fd020bb60dc,2026-09-20T14:10:43+00:00,unresolved,activity_gap_and_other_conditions_unverified,131,False,,,,,
uniswap-v4,0x718e7dccd52ea36ddfc5052f7bb71df3b6cbdc398cf0b72ccabf4f6d4096cb0d,2026-09-20T14:10:47+00:00,unresolved,activity_gap_and_other_conditions_unverified,0,False,,,,,
uniswap-v4,0x1518e34049f80b7acc37d9e7ecc846414eb3eeb69866ed0ba79977e2ed00d379,2026-09-20T14:11:01+00:00,unresolved,activity_gap_and_other_conditions_unverified,0,False,,,,,
uniswap-v4,0xa809baf93b98d0137630796463928e1b982067f9dd1ccbb25d7da8d9ccbe86be,2026-09-20T14:11:13+00:00,unresolved,activity_gap_and_other_conditions_unverified,0,False,,,,,
uniswap-v4,0x4ede0c5febcbf7fc224fabc6bc9ecaeee7a1327195b27d27b6fa284f76016e4d,2026-09-20T14:11:15+00:00,unresolved,activity_gap_and_other_conditions_unverified,0,False,,,,,
uniswap-v4,0x917a7b45f6060ea0376fcc9c36a9c9cfc35dc128423557a57f22f511c95f7f69,2026-09-20T14:11:17+00:00,unresolved,activity_gap_and_other_conditions_unverified,0,False,,,,,
uniswap-v4,0x19c3a53a5e2bde942fde22bf6a59d8ccb61337df0355caf83de0832d9ac0aabb,2026-09-20T14:11:49+00:00,unresolved,activity_gap_and_other_conditions_unverified,0,False,,,,,
uniswap-v4,0x4351cdfa6e6b439cc4ad1502fa20e7b7ab6ac2718401148a208272dde5c21279,2026-09-20T14:12:11+00:00,unresolved,activity_gap_and_other_conditions_unverified,1,False,,,,,
uniswap-v4,0xae220fed0269037dd4662d749fd8b097ccbd10c730d6a26ac4c7b9cdb24a0e6c,2026-09-20T14:12:13+00:00,unresolved,activity_gap_and_other_conditions_unverified,1,False,,,,,
uniswap-v4,0x291fcd9f780e4d46bb827418541d2e5fefd87fd4a262e1a4204bd14f7e871c49,2026-09-20T14:12:49+00:00,unresolved,activity_gap_and_other_conditions_unverified,5,False,,,,,
uniswap-v4,0x2c9d6716d799db0f5bef30828d3bb3765ef7fbe97f6f88a5626069021c41a40b,2026-09-20T14:12:55+00:00,unresolved,activity_gap_and_other_conditions_unverified,0,False,,,,,
uniswap-v4,0x0a81eac8524b83d6c00de198467c99e758b8daab65911a1934f902a400e184e1,2026-09-20T14:13:11+00:00,unresolved,activity_gap_and_other_conditions_unverified,261,False,,,,,
uniswap-v4,0x719f5828d749875be98c5b2060712235ee262b96c49db6975a86669c091b5850,2026-09-20T14:13:59+00:00,unresolved,activity_gap_and_other_conditions_unverified,1,False,,,,,
uniswap-v4,0x3ff383fb8feeda1c5fad709fc62511a21fe37a0da28ea6459e7141d66c6897e8,2026-09-20T14:14:53+00:00,unresolved,activity_gap_and_other_conditions_unverified,0,False,,,,,
uniswap-v4,0x6234fae3ab12bcb62a8a18ac94b981cfa011fd6d7205be10cb2058d46f292a79,2026-09-20T14:15:15+00:00,unresolved,activity_gap_and_other_conditions_unverified,1,False,,,,,
uniswap-v4,0xe082963bb9a29c92a00a711c482c386501f32a02aaa292c8e55dbfee8ec306b4,2026-09-20T14:16:13+00:00,unresolved,activity_gap_and_other_conditions_unverified,190,False,,,,,
uniswap-v4,0x1eaa21696d5f42ea68493ef29db8f787b6d700db97f279eff79e79207c410d6b,2026-09-20T14:16:49+00:00,unresolved,activity_gap_and_other_conditions_unverified,0,False,,,,,
uniswap-v4,0x79151dd69b2e53b7425460cf2ae29125291a4fbf43a1dc2b8b7d63da85364e1f,2026-09-20T14:18:39+00:00,unresolved,activity_gap_and_other_conditions_unverified,0,False,,,,,
uniswap-v4,0x63f6afe8aa77d910a24518b18a76741b1975a74ef6321dd8a3fab9c346b1da48,2026-09-20T14:22:57+00:00,unresolved,activity_gap_and_other_conditions_unverified,5,False,,,,,
uniswap-v4,0xa3aea93667c9772be6514fc65d3aaef3a5152eb1f39f0f8d8f3d460440b8c8e9,2026-09-20T14:23:13+00:00,unresolved,activity_gap_and_other_conditions_unverified,1,False,,,,,
uniswap-v4,0x2e6a12964dd1be5de4da2de26e66952465fdcef1324dd1de7ba0517e68c521bd,2026-09-20T14:23:21+00:00,unresolved,activity_gap_and_other_conditions_unverified,0,False,,,,,
uniswap-v4,0xaa6404c07c7ecbf0069e8f119f92b4593bbc6a978dfc8159251b186decb5f657,2026-09-20T14:24:21+00:00,unresolved,activity_gap_and_other_conditions_unverified,0,False,,,,,
uniswap-v4,0x7e7570929da45fd7f9adb6d051393f735ff056a2aeae47c687168b9467fc0bf5,2026-09-20T14:24:45+00:00,unresolved,activity_gap_and_other_conditions_unverified,12,False,,,,,
uniswap-v4,0x420e8201deb2b646c6a4df75a36e1b7d25a6f099487d585b4b4babd72e570b91,2026-09-20T14:24:49+00:00,unresolved,activity_gap_and_other_conditions_unverified,0,False,,,,,
uniswap-v4,0xa650c0fe157457e2e65c7a9aa726dbd2c22f047454406867c4addc55bf48e9da,2026-09-20T14:25:57+00:00,unresolved,activity_gap_and_other_conditions_unverified,0,False,,,,,
uniswap-v4,0x6993018a7a8545eed86bdef9f3d109f1b92d7dc394e4f3519768199b7c0aa1da,2026-09-20T14:26:23+00:00,unresolved,liquidity_history_gap,2,False,,,,,
uniswap-v4,0x99b3fd710d5fe86c7926143d322b0ecc0dec8775004c0241598d5e79e9541f72,2026-09-20T14:26:35+00:00,unresolved,activity_gap_and_other_conditions_unverified,0,False,,,,,
uniswap-v4,0xaa527a80353c88c5108bb481e1bb0fe7a05da731092a11b631da24d2f48edabf,2026-09-20T14:26:45+00:00,unresolved,activity_gap_and_other_conditions_unverified,0,False,,,,,
uniswap-v4,0x0e19140c6db5688e1265745cd5d8a15128ce8254c65734c165a8bacb750c1ef7,2026-09-20T14:26:51+00:00,unresolved,activity_gap_and_other_conditions_unverified,2,False,,,,,
uniswap-v4,0xb96f0ba799aada3e6c033598862e9d148c778d53ce3f422b4354d100707c4923,2026-09-20T14:27:13+00:00,unresolved,activity_gap_and_other_conditions_unverified,1,False,,,,,
uniswap-v4,0x85e2365aebb03c956b028029a9bba813f2082776220e919633658e41fe34bfc1,2026-09-20T14:27:43+00:00,unresolved,activity_gap_and_other_conditions_unverified,0,False,,,,,
uniswap-v4,0x330c57c003cae9ff77225a218b3eac7c456d263db9fbfd5738f30268df8f534c,2026-09-20T14:28:17+00:00,unresolved,activity_gap_and_other_conditions_unverified,0,False,,,,,
uniswap-v4,0x1a76f34f0496b5e9f3603d62a72caa5da1a34bda673d450ffa5eb48f3dfb3f37,2026-09-20T14:28:19+00:00,unresolved,activity_gap_and_other_conditions_unverified,184,False,,,,,
uniswap-v4,0x15cca9d69d9aae1c6ee447ab2ffcbdc58d97add0cb96ad849e9ca9002a9a2f95,2026-09-20T14:28:21+00:00,unresolved,activity_gap_and_other_conditions_unverified,239,False,,,,,
uniswap-v4,0x24e215bdc5daf15183d4ccead5325a1898622e56cf71cf9f3c10474d5329ad90,2026-09-20T14:28:37+00:00,unresolved,activity_gap_and_other_conditions_unverified,0,False,,,,,
uniswap-v4,0xbe140b9529e498172526c67bd1cf1949884a7bdbd95fc09cd311c54a8a06a60b,2026-09-20T14:29:23+00:00,unresolved,activity_gap_and_other_conditions_unverified,0,False,,,,,
uniswap-v4,0x326f9ddc480d9d04ed827c76676761bab9a22b3c7e88cc361418579475e943eb,2026-09-20T14:29:27+00:00,unresolved,activity_gap_and_other_conditions_unverified,0,False,,,,,
uniswap-v4,0x85404528622bd298edcc18c4e1c3ec567ae0ab1c68ca7f410a07a3515a460335,2026-09-20T14:29:41+00:00,unresolved,activity_gap_and_other_conditions_unverified,0,False,,,,,
uniswap-v4,0x9e05566771e141ee396f084015fce7d4c7cde30c91bcd848cc914abbbfb9edb3,2026-09-20T14:30:03+00:00,unresolved,activity_gap_and_other_conditions_unverified,0,False,,,,,
uniswap-v4,0xe21dea0e4d82f14f593be0444e12fb56e7235baf61773a44035933856800e7d6,2026-09-20T14:30:19+00:00,unresolved,activity_gap_and_other_conditions_unverified,1,False,,,,,
uniswap-v4,0xb39affd0fd01748cf835714706832e13f0c538e837ed0f361dd9fc7535324f4a,2026-09-20T14:30:41+00:00,unresolved,activity_gap_and_other_conditions_unverified,0,False,,,,,
uniswap-v4,0x726c1870d913856d4a1fe9f4e30db754630a39dde95b9f3c8f6e41c26c33ff8a,2026-09-20T14:30:47+00:00,unresolved,activity_gap_and_other_conditions_unverified,0,False,,,,,
uniswap-v4,0xa35ac21f7b42297fdb32fbd4343a1d9a233d25dc7255f94b87d1d4127c6c5305,2026-09-20T14:30:53+00:00,unresolved,activity_gap_and_other_conditions_unverified,0,False,,,,,
uniswap-v4,0x87daf5d96f4c3d1aced39e1fc36190fab7e7b425dd1ef1aa7ae8f585626431f7,2026-09-20T14:31:35+00:00,unresolved,activity_gap_and_other_conditions_unverified,58,False,,,,,
uniswap-v4,0x7172f86c67c06d98a95050b6128452abdbbd2b8345c38464ad4e6b62c829ea10,2026-09-20T14:31:39+00:00,unresolved,activity_gap_and_other_conditions_unverified,0,False,,,,,
uniswap-v4,0x88a55b9be9bcd2f0b2b1a4c690bc9eaad4ca36c8a8b497f02fef605c2fbcc189,2026-09-20T14:31:43+00:00,unresolved,activity_gap_and_other_conditions_unverified,0,False,,,,,
uniswap-v4,0x7193f5f916a3bf21a2bfd34893b1011457712d0628ff4b917ab482370521e031,2026-09-20T14:31:51+00:00,unresolved,liquidity_history_gap,4,False,,,,,
uniswap-v4,0x2eceebf820639b6106712563562fe1f77cdc19d84a4d5b8180fc1d2e52d1f1fa,2026-09-20T14:32:37+00:00,unresolved,activity_gap_and_other_conditions_unverified,0,False,,,,,
uniswap-v4,0xa74d2964bf6241114a27c279c398a2fafe2f342ba4df7b159a29cf54f72d3593,2026-09-20T14:32:53+00:00,unresolved,activity_gap_and_other_conditions_unverified,5,False,,,,,
uniswap-v4,0xb467449cb503531a8ea6beab35c93cf9b23e8b4ae375bb06206022d81c6b5aed,2026-09-20T14:32:53+00:00,unresolved,activity_gap_and_other_conditions_unverified,1,False,,,,,
uniswap-v4,0x090819526d92a31f4a4fdbd88fc48339a303df99a9ae449447ddfd19a1bb546e,2026-09-20T14:33:47+00:00,unresolved,activity_gap_and_other_conditions_unverified,4,False,,,,,
uniswap-v4,0x287ec1d1de9aee8c65f8a79f3936753159e8d06b86b01f8290fd2a1237034b06,2026-09-20T14:34:41+00:00,unresolved,activity_gap_and_other_conditions_unverified,0,False,,,,,
uniswap-v4,0x2e4780894856442c7a5200e0bb06acd5df0d73318f6ab51473e89bbc9d48f60b,2026-09-20T14:34:51+00:00,excluded,positive_lp_share_withdrawal_succeeded,4,False,,,,,
uniswap-v4,0x726527cfec080900ff051bd6c75d0d78adbfcdead2b1c677aa6cb5e8705a7a78,2026-09-20T14:37:25+00:00,unresolved,activity_gap_and_other_conditions_unverified,0,False,,,,,
uniswap-v4,0x19511fc7bbccd87e15953d47002ed82240b6620df245952c418c00ee57cd56b8,2026-09-20T14:37:43+00:00,unresolved,activity_gap_and_other_conditions_unverified,5,False,,,,,
uniswap-v4,0x38422d2c177016df18e5b68a4fe2656f7d81b41e501d60d6ab8c14b459302fb3,2026-09-20T14:37:47+00:00,unresolved,activity_gap_and_other_conditions_unverified,0,False,,,,,
uniswap-v4,0xac59f95b89304a8c03c92da0553ea35f546d382edca797be323df706f39da2a2,2026-09-20T14:38:01+00:00,unresolved,activity_gap_and_other_conditions_unverified,9,False,,,,,
uniswap-v4,0xae1746252b55c489a9622efced22bfe15a0a1f17c59278e99a2183453bdc0789,2026-09-20T14:38:05+00:00,unresolved,activity_gap_and_other_conditions_unverified,0,False,,,,,
uniswap-v4,0x0f06d8bd6c9b2485e14bd9b4a69e296cd63af957461f6d0e08f3258f8ef8528a,2026-09-20T14:38:29+00:00,unresolved,activity_gap_and_other_conditions_unverified,1,False,,,,,
uniswap-v4,0xec365f203767f06e6b84756c0e1f66d3742d21b81df9427800b3d22f4ea82457,2026-09-20T14:38:53+00:00,unresolved,activity_gap_and_other_conditions_unverified,0,False,,,,,
uniswap-v4,0x3c6d72f85e0c0f5b8586f7d917b3945b8c390b4baa7258c51a4e61c86eb0162b,2026-09-20T14:39:09+00:00,unresolved,activity_gap_and_other_conditions_unverified,0,False,,,,,
uniswap-v4,0xc94457df34c75612062b1b5ce7278b79d1f97ced12623ff7267c0bf2614b2381,2026-09-20T14:39:27+00:00,unresolved,activity_gap_and_other_conditions_unverified,1,False,,,,,
uniswap-v4,0x62012a562679f5a5b100c62056d85d1c3d50386e970a3d4f781b6bda0b130acc,2026-09-20T14:40:31+00:00,unresolved,activity_gap_and_other_conditions_unverified,0,False,,,,,
uniswap-v4,0x28f52e3fa09979ef06a0af95bd3e5dc667e081c2dce9f12e7fbe0ad5ac20c9dd,2026-09-20T14:40:35+00:00,unresolved,activity_gap_and_other_conditions_unverified,209,False,,,,,
uniswap-v4,0x4eaf03d48d569e848ff7cab8992c281e96886c5680c7a2d58df2837ff8747a18,2026-09-20T14:40:45+00:00,unresolved,activity_gap_and_other_conditions_unverified,2,False,,,,,
uniswap-v4,0xd0df5cbd2c86b8a6cc6d4420e5f0bb0680a1099b553365b3c175abf1ce70e855,2026-09-20T14:40:53+00:00,unresolved,activity_gap_and_other_conditions_unverified,0,False,,,,,
uniswap-v4,0xfde01592a5e7d2743cd417e9b8e0cdf00c9d08ddb0d359ca939e3bf345d4379d,2026-09-20T14:41:21+00:00,unresolved,activity_gap_and_other_conditions_unverified,14,False,,,,,
uniswap-v4,0x6ce63e114a56c2868cb8bbd7e5ae0406cf3871147e51f59fd01bf12fbd275c59,2026-09-20T14:41:31+00:00,unresolved,activity_gap_and_other_conditions_unverified,0,False,,,,,
uniswap-v4,0xeb6b07e6fcb332ffc6bbf77a7453b11992b20c5ce678131d1e73bcfb3ef1bd32,2026-09-20T14:41:55+00:00,unresolved,activity_gap_and_other_conditions_unverified,0,False,,,,,
uniswap-v4,0x5b3e73985ff7e431b2d7a6c10c2a166ccf633449cb8eba88077fe0beb6ef66d6,2026-09-20T14:41:59+00:00,unresolved,activity_gap_and_other_conditions_unverified,0,False,,,,,
uniswap-v4,0x70b2849f4b897108d6af00907c3470e74211c573e4f627f3a54fe807943181bc,2026-09-20T14:42:01+00:00,unresolved,activity_gap_and_other_conditions_unverified,0,False,,,,,
uniswap-v4,0xd91a95d104ce707a3e05595ada891b17542db16936c67098d2ed192565bcf509,2026-09-20T14:42:13+00:00,unresolved,activity_gap_and_other_conditions_unverified,1,False,,,,,
uniswap-v4,0x73b6b32434e872305963c1105af31985483fc778c0bcf949a755c2829293b520,2026-09-20T14:42:13+00:00,unresolved,activity_gap_and_other_conditions_unverified,0,False,,,,,
uniswap-v4,0xd4c64c6feda7e93ff8c9af6e3d65f95d5af5ea85912d34bb7049df680287192e,2026-09-20T14:42:29+00:00,unresolved,activity_gap_and_other_conditions_unverified,133,False,,,,,
uniswap-v4,0x2e1097f91e2e694edee0bd6ae94c0fd28e1eebdcf97bb6900fe7773a994794fc,2026-09-20T14:42:35+00:00,unresolved,activity_gap_and_other_conditions_unverified,0,False,,,,,
uniswap-v4,0x04a37b75e1bd0fe26d65fa895d1eeaccae70d5a9583cef8eacc9bc7c0fa2d9ab,2026-09-20T14:42:39+00:00,unresolved,activity_gap_and_other_conditions_unverified,132,False,,,,,
uniswap-v4,0x928c24de4f245f6ed605c508529adf435e527c929d1d5cfce82899226ab90037,2026-09-20T14:42:43+00:00,unresolved,activity_gap_and_other_conditions_unverified,0,False,,,,,
uniswap-v4,0x7e7582322cf802f82e5bd6319e54a01d88807057b699f09d2498cd713a233ea3,2026-09-20T14:42:45+00:00,unresolved,activity_gap_and_other_conditions_unverified,0,False,,,,,
uniswap-v4,0xf45d5b9e295c94a1710cb7ae5606bf4ac4fd3edf61d5be0abb519d3c9fb79ce4,2026-09-20T14:42:55+00:00,unresolved,activity_gap_and_other_conditions_unverified,0,False,,,,,
uniswap-v4,0xde3ebd88a3fe0e81d64082683e0465d19787c274689fdf68658aa3795f437cfe,2026-09-20T14:43:05+00:00,unresolved,activity_gap_and_other_conditions_unverified,5,False,,,,,
uniswap-v4,0xf131913df1284fa9287e7625f2acc93ea906b59bfa342c0e792602e8255898c7,2026-09-20T14:43:27+00:00,unresolved,activity_gap_and_other_conditions_unverified,250,False,,,,,
uniswap-v4,0x3f9e38094f07c5f271c030c006628c4ae3e80cefade4c4a2a1d84f03f092a530,2026-09-20T14:43:47+00:00,unresolved,activity_gap_and_other_conditions_unverified,0,False,,,,,
uniswap-v4,0xa50f223bf2dd3dfdc5473dcee6824a5cb7b2641208c9dfd48c0926d02b0a87c5,2026-09-20T14:43:49+00:00,unresolved,activity_gap_and_other_conditions_unverified,0,False,,,,,
uniswap-v4,0x7c200e2906e0a8e2c14704976e73081c8f28a64870749a925f4472c1a70dca28,2026-09-20T14:44:05+00:00,unresolved,activity_gap_and_other_conditions_unverified,2,False,,,,,
uniswap-v4,0x2d12dc01ef2a49b3fd36f02cfc42ca456150e04ea01fcd76409094986b1cf55e,2026-09-20T14:44:31+00:00,unresolved,activity_gap_and_other_conditions_unverified,0,False,,,,,
uniswap-v4,0xfa81881b99fb17767b82c1aaa3216572f8ef87fc178a58833c582a407a7a25a9,2026-09-20T14:44:37+00:00,unresolved,activity_gap_and_other_conditions_unverified,0,False,,,,,
uniswap-v4,0x14a37123ebfcff9f466b0920f68877499cf69c044836ac9de66febe67559e56e,2026-09-20T14:44:39+00:00,unresolved,activity_gap_and_other_conditions_unverified,0,False,,,,,
uniswap-v4,0x4c6c61460a8925298b75f683cd5abb592cb66e986c3beba283f2e7895b80320a,2026-09-20T14:44:43+00:00,unresolved,activity_gap_and_other_conditions_unverified,0,False,,,,,
uniswap-v4,0x6960e5a75d3721238aee207aa4a237b1c7d42fd103b399e7681af21476698b64,2026-09-20T14:45:11+00:00,unresolved,activity_gap_and_other_conditions_unverified,0,False,,,,,
uniswap-v4,0x247ac7bc6c52deaa7349697a656b9e7455471e4883c638d25ffbc1dbe356fa52,2026-09-20T14:45:15+00:00,unresolved,activity_gap_and_other_conditions_unverified,1,False,,,,,
uniswap-v4,0x226b01e4d06537402d34cc9722766930699e59d902404a61243964ed523af419,2026-09-20T14:46:25+00:00,unresolved,activity_gap_and_other_conditions_unverified,0,False,,,,,
uniswap-v4,0x9d3162823cbb6968f413f1692265d45b2eee4874d806ffb436975e59fb29e72d,2026-09-20T14:46:31+00:00,unresolved,activity_gap_and_other_conditions_unverified,0,False,,,,,
uniswap-v4,0xa3295e8e39de2b1016bb7940a846f06cbab2094b20bdfb5f84c635fefd74cef9,2026-09-20T14:47:33+00:00,unresolved,activity_gap_and_other_conditions_unverified,0,False,,,,,
uniswap-v4,0xd88e1ef4dfccb33218e3d00f646c9639678100979fc473d39e26f1e2f0e9762d,2026-09-20T14:48:17+00:00,unresolved,activity_gap_and_other_conditions_unverified,0,False,,,,,
uniswap-v4,0x96f415f2ec2315afc8b17284917dd72bf4473e60d69bce41b4f7e869613c9b19,2026-09-20T14:49:13+00:00,unresolved,activity_gap_and_other_conditions_unverified,0,False,,,,,
uniswap-v4,0xda390d41bf7153cdd7bd164d7ccbb70739b500b9b9e8dc76cea17ac674e27b61,2026-09-20T14:49:43+00:00,unresolved,activity_gap_and_other_conditions_unverified,0,False,,,,,
uniswap-v4,0xb6a073a3df073b923dca4cede13b43e7406a5948f5d101b43fdbfaa193948004,2026-09-20T14:50:39+00:00,excluded,positive_lp_share_withdrawal_succeeded,2,False,,,,,
uniswap-v4,0xb95b50571cf0fc67aaab0056d2260a90b38e488aee233429f669064c9de988c5,2026-09-20T14:50:45+00:00,unresolved,activity_gap_and_other_conditions_unverified,1,False,,,,,
uniswap-v4,0x34ea4c4eae25511773f6ebc466c8199fee83e6537679968fb8672c0713f1db2c,2026-09-20T14:52:05+00:00,unresolved,activity_gap_and_other_conditions_unverified,1,False,,,,,
uniswap-v4,0x721b1905fb78d5f31cd2ffeaac805638f69365cbec4dacb67a934ce940dc4678,2026-09-20T14:52:41+00:00,unresolved,activity_gap_and_other_conditions_unverified,55,False,,,,,
uniswap-v4,0xfa658d07186f15fb9b5f3e9d565f2b3a05e08d31b3ecac83a81b015f495d07de,2026-09-20T14:53:03+00:00,unresolved,activity_gap_and_other_conditions_unverified,5,False,,,,,
uniswap-v4,0x0afbc151281d1dacdf76c5c6e8ca28cc4dcdabb0320eb86e6185ae5e4d73e1d3,2026-09-20T14:54:21+00:00,unresolved,activity_gap_and_other_conditions_unverified,0,False,,,,,
uniswap-v4,0xaa74f9ee8b2a430e0d7be68be29be310002b0fb669b35eeb8a46568cde7eb379,2026-09-20T14:54:47+00:00,unresolved,activity_gap_and_other_conditions_unverified,0,False,,,,,
uniswap-v4,0x0e927a84d83766a5e2fd1e61d6db5c7110b9e1318e5fb8ae39289c4b435a7444,2026-09-20T14:55:13+00:00,unresolved,activity_gap_and_other_conditions_unverified,0,False,,,,,
uniswap-v4,0x0e16ae0bda42e4d08835de094506b756c06bc964f5fb6d9ec55dd7acb4565563,2026-09-20T14:55:17+00:00,unresolved,activity_gap_and_other_conditions_unverified,0,False,,,,,
uniswap-v4,0xdf8964781377b5a39599bbe70d4a91a217f771c19fb734d6f56e2129e8dd41dc,2026-09-20T14:56:15+00:00,unresolved,activity_gap_and_other_conditions_unverified,175,False,,,,,
uniswap-v4,0xa5d78553eeb93bc1aebbab5d02d023f93563b47317e693fef98b7b4e445b30c9,2026-09-20T14:56:27+00:00,unresolved,activity_gap_and_other_conditions_unverified,0,False,,,,,
uniswap-v4,0xcd86f5556f8d68a67b6fbdd98dac6114ae870415db9606dfec7d06d7928e9519,2026-09-20T14:56:51+00:00,unresolved,activity_gap_and_other_conditions_unverified,504,False,,,,,
uniswap-v4,0x1d537150bbe7e1743b81af88cf6907c70ceb6befaefce3b3b124ba063453b4f3,2026-09-20T14:57:09+00:00,unresolved,activity_gap_and_other_conditions_unverified,0,False,,,,,
uniswap-v4,0x5cb154b2ac4485b40780d6adec85e88672b34b9f3646a9716775bd14b50203b3,2026-09-20T14:57:13+00:00,unresolved,activity_gap_and_other_conditions_unverified,1,False,,,,,
uniswap-v4,0x3a2a5de4c90d4be615b490f34803ac896062467ba1b3277549a98828e26debb9,2026-09-20T14:58:05+00:00,unresolved,activity_gap_and_other_conditions_unverified,0,False,,,,,
uniswap-v4,0xeb5b97ef757d39436b63428455bc7bdc12bfac15be183ac148075bad79152184,2026-09-20T14:58:37+00:00,unresolved,activity_gap_and_other_conditions_unverified,305,False,,,,,
uniswap-v4,0x9ba2c8247b09e06a5de8cf6293170a4205d0921e128a5e7709e9b1b55a4d5992,2026-09-20T15:00:09+00:00,unresolved,activity_gap_and_other_conditions_unverified,0,False,,,,,
uniswap-v4,0x665925340c000a484f9c81a875db5dc1c2b483079a34d84da8b414a783e34a01,2026-09-20T15:00:15+00:00,unresolved,activity_gap_and_other_conditions_unverified,0,False,,,,,
uniswap-v4,0x10599428a2ae2fb244b13f06ae89c81c25d7bf3d4d1e0f418468717b61426b8a,2026-09-20T15:00:17+00:00,excluded,positive_lp_share_withdrawal_succeeded,1,False,,,,,
uniswap-v4,0x5a3e3ebf04886335e7498f4179b5e1a45fd08d6dea000607f510697a2c5e12f4,2026-09-20T15:00:19+00:00,unresolved,activity_gap_and_other_conditions_unverified,1,False,,,,,
uniswap-v4,0xfc9e1b91ef5a67d6cbc3cc2e072260fa13f5922732df9e715acccac78f810bcd,2026-09-20T15:00:21+00:00,unresolved,activity_gap_and_other_conditions_unverified,0,False,,,,,
uniswap-v4,0x1d8959efd82a9df1150c89111be732b2b50a2d2a932d5fb96fd857790663e87b,2026-09-20T15:00:25+00:00,unresolved,activity_gap_and_other_conditions_unverified,1,False,,,,,
uniswap-v4,0xe383dc129e83fd7bf93ad3b5a8a832b17b6463c89e4c1f83c5873ca19249f915,2026-09-20T15:00:47+00:00,unresolved,activity_gap_and_other_conditions_unverified,0,False,,,,,
uniswap-v4,0x5c858ed6f6489947b8dc27f25648381bdc835d3858b21f288dcab1abcb2e3ea7,2026-09-20T15:00:51+00:00,unresolved,activity_gap_and_other_conditions_unverified,0,False,,,,,
uniswap-v4,0x2b5b290507a1f32027424bbb9689f076c5f8a211f116b8bdd9d11d7fe2f07678,2026-09-20T15:01:09+00:00,unresolved,activity_gap_and_other_conditions_unverified,0,False,,,,,
uniswap-v4,0x33a27d19aa87e2aa65c8630c3590271f1e57c3495ff4e6af176a4badac951a24,2026-09-20T15:01:13+00:00,unresolved,activity_gap_and_other_conditions_unverified,0,False,,,,,
uniswap-v4,0xe445f0d54f1fd0dc9d68a338cf9c86b69b5432202fe6d35bb40c450208bf3488,2026-09-20T15:01:41+00:00,unresolved,activity_gap_and_other_conditions_unverified,0,False,,,,,
uniswap-v4,0x9a776c24086df2eadb0a23ea52f27de6d701502d3ed0c863c1d6c15348f650df,2026-09-20T15:02:07+00:00,unresolved,activity_gap_and_other_conditions_unverified,0,False,,,,,
uniswap-v4,0x703840a55c14c4a9f93766ebc60070d976fb9bebd296647decd0005c78371e41,2026-09-20T15:02:55+00:00,unresolved,activity_gap_and_other_conditions_unverified,5,False,,,,,
uniswap-v4,0x1e49dfe2df237398fe6ca5b63a7b4093d88a51d036d91c8bcf19fcf46efa8148,2026-09-20T15:03:01+00:00,unresolved,activity_gap_and_other_conditions_unverified,0,False,,,,,
uniswap-v4,0x94e9e7d51acf9c23604175aeb7d98b872e0b6c0fa22dbef86c03363a4fe62bea,2026-09-20T15:03:07+00:00,unresolved,activity_gap_and_other_conditions_unverified,0,False,,,,,
uniswap-v4,0xf4ca38df62050ad60248323b47a10080ea65705dae98341a3c52eb2f43b8d02d,2026-09-20T15:06:03+00:00,unresolved,activity_gap_and_other_conditions_unverified,0,False,,,,,
uniswap-v4,0x6b6afd2dbef2382cf739cbfbef6fd62659ef060966006e2a63f1f6f6b3570697,2026-09-20T15:06:07+00:00,unresolved,activity_gap_and_other_conditions_unverified,0,False,,,,,
uniswap-v4,0x524488d49a273f22a4d951182ef577ca8094f0dc44af7c99679a76bffdcdc2e5,2026-09-20T15:06:27+00:00,unresolved,activity_gap_and_other_conditions_unverified,1,False,,,,,
uniswap-v4,0x2e71129f35bcba2acab355a31ffaaca0afc793f8c4bb91ee90952155d733dc8b,2026-09-20T15:08:21+00:00,unresolved,activity_gap_and_other_conditions_unverified,120,False,,,,,
uniswap-v4,0x61b677a8063bcb7f8fd8671046c10b5a3cf3c1461ab1cfc8d56348f17712780a,2026-09-20T15:09:29+00:00,unresolved,activity_gap_and_other_conditions_unverified,0,False,,,,,
uniswap-v4,0xe9d38c4e37383dfbc75c1b54a74ee78c4b84dcfe2f6dc418537075a3e106ce8c,2026-09-20T15:09:31+00:00,unresolved,activity_gap_and_other_conditions_unverified,1,False,,,,,
uniswap-v4,0x0cded25659c22a56be7c60e2c71b375ab42706467047524195099369f4502952,2026-09-20T15:11:23+00:00,unresolved,activity_gap_and_other_conditions_unverified,2,False,,,,,
uniswap-v4,0x1416ede7414f9ba3503a0976f1d425288653e54fa0743dee668b16917a98b6c0,2026-09-20T15:11:25+00:00,unresolved,activity_gap_and_other_conditions_unverified,0,False,,,,,
uniswap-v4,0xcd68d0d3319a91927e8090b396eafcd15309c27341a2239d566e8f7d7a417d0b,2026-09-20T15:12:13+00:00,excluded,positive_lp_share_withdrawal_succeeded,2638,False,,,,,
uniswap-v4,0xf22eec4b8e896827bac46b1fb576d116eed17663c39371e23864dd6373b824e1,2026-09-20T15:12:13+00:00,unresolved,activity_gap_and_other_conditions_unverified,1,False,,,,,
uniswap-v4,0x498fb16486615afecd245a345480b0f17d60c5846f39df085b8e9bbca0bd461d,2026-09-20T15:12:39+00:00,unresolved,activity_gap_and_other_conditions_unverified,0,False,,,,,
uniswap-v4,0x8bfdc0c7d5b47fb99098c3988b58c407886dcfdabd95ce6a6c4d3a7f60d3e212,2026-09-20T15:12:51+00:00,unresolved,activity_gap_and_other_conditions_unverified,5,False,,,,,
uniswap-v4,0x3592e6811b4c9436346ed52312f4b2f91fb53001f427d53b7fb69f48d85617ab,2026-09-20T15:13:53+00:00,unresolved,activity_gap_and_other_conditions_unverified,256,False,,,,,
uniswap-v4,0xd4f8433c8e0eb4d1fa645e671c0046a7d8587cf019f642c7217311b1b8a5c435,2026-09-20T15:13:59+00:00,unresolved,activity_gap_and_other_conditions_unverified,129,False,,,,,
uniswap-v4,0xfe369c2454cff23744314061c5572baaa63294f312109daf13c79c06bde73cc9,2026-09-20T15:14:03+00:00,unresolved,activity_gap_and_other_conditions_unverified,0,False,,,,,
uniswap-v4,0x0e1522cfcdd00b91ad1e3beef48a70f1e62be5d78b6d9e48a175b265c4992184,2026-09-20T15:14:05+00:00,unresolved,activity_gap_and_other_conditions_unverified,116,False,,,,,
uniswap-v4,0x896d75018f13e9fa4463430b0a7f4ae8d0e19b08e6fb5d447d1afdc82445cf67,2026-09-20T15:14:09+00:00,unresolved,activity_gap_and_other_conditions_unverified,0,False,,,,,
uniswap-v4,0xbd72b787860d763a2ad04b34959ef16a68007d58082ddf7d289d76fe1c1fbbe2,2026-09-20T15:14:57+00:00,unresolved,activity_gap_and_other_conditions_unverified,1,False,,,,,
uniswap-v4,0x156d0725d27e836f1efbee4de824dca8b3d9e6bdb87e1667171ec4bd80e351d0,2026-09-20T15:15:15+00:00,unresolved,activity_gap_and_other_conditions_unverified,1,False,,,,,
uniswap-v4,0x255a1de477b3210e34348ba59f9df1f98af082bfed94857f5837fb1e72ed9d3a,2026-09-20T15:15:17+00:00,unresolved,activity_gap_and_other_conditions_unverified,1,False,,,,,
uniswap-v4,0x9c8551c683eed35573f7b865a8f0b3a1f05750e8693603ca9b713175f8a31705,2026-09-20T15:15:29+00:00,unresolved,activity_gap_and_other_conditions_unverified,0,False,,,,,
uniswap-v4,0xccc82cae81b4ceefd2448f14b122f4f6b061471a1ac67b43b24cdffc29261ccf,2026-09-20T15:15:33+00:00,unresolved,activity_gap_and_other_conditions_unverified,0,False,,,,,
uniswap-v4,0x84cbabe8417d4cfdcbce5320d2ab65d1c0374f2968279f51e87f449adf8d9db3,2026-09-20T15:16:47+00:00,unresolved,activity_gap_and_other_conditions_unverified,0,False,,,,,
uniswap-v4,0x5339a8397602bc396b96f1da449f84c959aff6535afd1576c168a7fa10e364a1,2026-09-20T15:16:49+00:00,unresolved,activity_gap_and_other_conditions_unverified,2,False,,,,,
uniswap-v4,0x2c5d267acea65c8e1af203642250d7b5f0750968c3edf026d44dc9f274f7eceb,2026-09-20T15:17:13+00:00,unresolved,activity_gap_and_other_conditions_unverified,0,False,,,,,
uniswap-v4,0xa7f81d62678b56022eb05d54fa18e9d5d249fb065d34c9de90e4c62c381786ce,2026-09-20T15:18:01+00:00,unresolved,activity_gap_and_other_conditions_unverified,0,False,,,,,
uniswap-v4,0x99d68affcf3c2b1e562f480cc929be6fe7df6cc8bf7eb2df2ebb8f7209e32ad8,2026-09-20T15:18:03+00:00,unresolved,activity_gap_and_other_conditions_unverified,0,False,,,,,
uniswap-v4,0x7552c01573b00ba114fa263ef0d91e41564c4599828491595ed42f0812deb040,2026-09-20T15:18:57+00:00,unresolved,activity_gap_and_other_conditions_unverified,31,False,,,,,
uniswap-v4,0xc33fc97c7e54f495566b868d6a37b84b9ba31035c7ed368c752b4eb90cb53f5c,2026-09-20T15:19:01+00:00,unresolved,activity_gap_and_other_conditions_unverified,0,False,,,,,
uniswap-v4,0xf645c2c7f532b59344db683960a8fcc5f0ae77e35f22ed8a2a673a0adbeb4cce,2026-09-20T15:19:23+00:00,unresolved,activity_gap_and_other_conditions_unverified,2,False,,,,,
uniswap-v4,0x01872715fee4b4e75b019041455eebb3a8d01555ead8be997bde4def73f5748b,2026-09-20T15:19:39+00:00,unresolved,activity_gap_and_other_conditions_unverified,2,False,,,,,
uniswap-v4,0x0fce55edbcfd8df349e6b01c639f996f0c2c6cf9029b923c142c63d36fabe5eb,2026-09-20T15:20:09+00:00,unresolved,activity_gap_and_other_conditions_unverified,0,False,,,,,
uniswap-v4,0x29f8c0a82c6812e7f48cfc434286d86f029a5ae54dd74a6d54e7d808cb983105,2026-09-20T15:20:21+00:00,unresolved,activity_gap_and_other_conditions_unverified,0,False,,,,,
uniswap-v4,0xd9a5d179223e5784dca8eaf6bec0ace312b63472e99545d89eecf40efc3899a8,2026-09-20T15:20:29+00:00,unresolved,activity_gap_and_other_conditions_unverified,0,False,,,,,
uniswap-v4,0x2377627b0f2ba4e4318be9968192fe4eab3748ed50a94e47d2e78e3b3aa60e7f,2026-09-20T15:20:37+00:00,unresolved,activity_gap_and_other_conditions_unverified,0,False,,,,,
uniswap-v4,0x79907d757ff0ce2f5dcb1e1e1811edf6ac5a864af9e8c9040a7965cfb3cc2156,2026-09-20T15:20:51+00:00,unresolved,activity_gap_and_other_conditions_unverified,227,False,,,,,
uniswap-v4,0x69f65a0f0482347ed9126609fba623762e0e49945a6f4769e760c31fd97bfaec,2026-09-20T15:21:15+00:00,unresolved,activity_gap_and_other_conditions_unverified,0,False,,,,,
uniswap-v4,0xe2d58c1ba69254ad3a58215f6f78f7d728d4ffae417cd4e9cedf3d4f70697e27,2026-09-20T15:21:31+00:00,unresolved,activity_gap_and_other_conditions_unverified,0,False,,,,,
uniswap-v4,0x92e3fd833409e63e512451aa9499dc56e23512eddeb564907157806bce9fe7f5,2026-09-20T15:22:13+00:00,unresolved,activity_gap_and_other_conditions_unverified,0,False,,,,,
uniswap-v4,0xe4f9098e1ebdfbe417f5c0312fd37bfc3b2f344568fa40268227102d51826b16,2026-09-20T15:22:15+00:00,unresolved,activity_gap_and_other_conditions_unverified,0,False,,,,,
uniswap-v4,0x5a5034b0fdbbc774d6d4b810661f254325e397a77b857de481b423f4ac50a4ef,2026-09-20T15:22:21+00:00,unresolved,activity_gap_and_other_conditions_unverified,0,False,,,,,
uniswap-v4,0xa988374ebf2b79c35e65364f0c11fd054259f197134e5f67c65d88bc480b4ae8,2026-09-20T15:22:31+00:00,unresolved,activity_gap_and_other_conditions_unverified,5,False,,,,,
uniswap-v4,0x592148a20a792f888e6eb1e1d8118edf816d3127d3da2e6240c8936c9faa3b04,2026-09-20T15:22:37+00:00,unresolved,activity_gap_and_other_conditions_unverified,3,False,,,,,
uniswap-v4,0xdd838ecaf907c196aef7d4b14c26aeb935aaa9838f7545fba4e3d28b97727a0e,2026-09-20T15:22:41+00:00,unresolved,activity_gap_and_other_conditions_unverified,0,False,,,,,
uniswap-v4,0x3acfc45ce1c49540ae1c9ca0fed9dfd85b53402149c6d547b48341666ade6960,2026-09-20T15:24:21+00:00,unresolved,activity_gap_and_other_conditions_unverified,0,False,,,,,
uniswap-v4,0x1bd24fe4fc23c0960f338095e3fb184c4b0633f5c3d5650ea02673d3cc3df8a3,2026-09-20T15:24:41+00:00,unresolved,activity_gap_and_other_conditions_unverified,0,False,,,,,
uniswap-v4,0x4157e62e178f224406f7db824b1a181aeb8fd7e4e3353867c549e081331ea483,2026-09-20T15:24:45+00:00,unresolved,activity_gap_and_other_conditions_unverified,0,False,,,,,
uniswap-v4,0x4ca160a701ed9e628c1c25b58a4b94acc830860db4de38805941b4049e79ba9b,2026-09-20T15:25:07+00:00,unresolved,activity_gap_and_other_conditions_unverified,0,False,,,,,
uniswap-v4,0x70ea17fa4571f21626506781b3f2ea660becd4ef861cd24d95fa1ceff1f9d973,2026-09-20T15:25:07+00:00,unresolved,activity_gap_and_other_conditions_unverified,0,False,,,,,
uniswap-v4,0xdb1d4d8d21a5ffa22a6d71edf43561d7b18ffa3bdf4d28d8b5e66dc5fd06a943,2026-09-20T15:25:11+00:00,unresolved,activity_gap_and_other_conditions_unverified,0,False,,,,,
uniswap-v4,0x6ecde5d666afb8fc3f01bbc1bddf8ac2e91919e1e7bda7835348c3feaed03673,2026-09-20T15:25:29+00:00,unresolved,activity_gap_and_other_conditions_unverified,0,False,,,,,
uniswap-v4,0x5827ff8f8dd468032b0dbaae66eed0ef1712fa05d452fa5fc0fcf99598b66bda,2026-09-20T15:25:33+00:00,unresolved,activity_gap_and_other_conditions_unverified,0,False,,,,,
uniswap-v4,0x1fb6c3bd8a8059bdc0089cbd3ce4cdd7f33427473ae0477a0d8d4c84debf3652,2026-09-20T15:26:07+00:00,unresolved,activity_gap_and_other_conditions_unverified,0,False,,,,,
uniswap-v4,0xce0fe0bf7b1f79f07974ebd791785366b6556a4ae69481b4614191a50beca72a,2026-09-20T15:26:35+00:00,unresolved,activity_gap_and_other_conditions_unverified,0,False,,,,,
uniswap-v4,0x0ff7052aca0b6abb7e60e8f95048cbc464f57ac96addc4bf0f1881c15aa3f5c0,2026-09-20T15:27:13+00:00,unresolved,activity_gap_and_other_conditions_unverified,1,False,,,,,
uniswap-v4,0x00654ada8c8572c4a8a4cf6d3cc92535f8aac6ec8f1221637aaf955aa7332fc7,2026-09-20T15:27:31+00:00,unresolved,activity_gap_and_other_conditions_unverified,68,False,,,,,
uniswap-v4,0x22ac12cff40518729a693d35ea94394e2ae5c48f0a8e333bf32caac9eacedd4e,2026-09-20T15:27:35+00:00,unresolved,activity_gap_and_other_conditions_unverified,0,False,,,,,
uniswap-v4,0x9d22b3ac7b5634c72fddb99d110df99b078c2ddd1058717122907906edac9b35,2026-09-20T15:28:31+00:00,unresolved,activity_gap_and_other_conditions_unverified,3,False,,,,,
uniswap-v4,0xd7faa25d3417461e7228dc62bf542f6ed5c56ed8ffd0726676f9deb1a5f5355d,2026-09-20T15:29:05+00:00,unresolved,activity_gap_and_other_conditions_unverified,0,False,,,,,
uniswap-v4,0x21e1dc25dc4de3dc200ff438c2fa288810d1c1e04d74a1a699f0c616f8ab7530,2026-09-20T15:29:07+00:00,unresolved,activity_gap_and_other_conditions_unverified,246,False,,,,,
uniswap-v4,0xc90bce801b6ddb6e392fef453ec915c5f07a7b16757357cffe915ea0bea16dd8,2026-09-20T15:29:23+00:00,unresolved,activity_gap_and_other_conditions_unverified,0,False,,,,,
uniswap-v4,0xc39762127dadae65e487dede4bd2bcc4fc5996aa3d168cafdc8047c07ed47603,2026-09-20T15:30:05+00:00,unresolved,activity_gap_and_other_conditions_unverified,2,False,,,,,
uniswap-v4,0x67e4ef5c970b5dcb6ddc9cc62b86f180dff8988b041724966ac7abe251775543,2026-09-20T15:30:19+00:00,unresolved,activity_gap_and_other_conditions_unverified,1,False,,,,,
uniswap-v4,0x005ba3af0ac547c56c79a0acc433a667d870e049ba4672e675b4400d102744ee,2026-09-20T15:31:03+00:00,unresolved,activity_gap_and_other_conditions_unverified,0,False,,,,,
uniswap-v4,0x30073674b6a91968544d605f8801b04690f7e61071a04f5240d107ee0b43320b,2026-09-20T15:32:45+00:00,unresolved,activity_gap_and_other_conditions_unverified,5,False,,,,,
uniswap-v4,0x6187081de9c872c6cdebfc140fe36315971c7ff7daf5e5c096fe8763c71904c7,2026-09-20T15:32:57+00:00,unresolved,activity_gap_and_other_conditions_unverified,92,False,,,,,
uniswap-v4,0xbd4a75c6e084c90af0b64395d2b9a5ab72f32009b3f7eb18e66b03f1b840bbf3,2026-09-20T15:33:31+00:00,unresolved,activity_gap_and_other_conditions_unverified,1,False,,,,,
uniswap-v4,0x3da03a1a3b328b58fe0479bc5a094706c6efb6df80b3853fda82c4210ab7f409,2026-09-20T15:33:51+00:00,unresolved,activity_gap_and_other_conditions_unverified,1,False,,,,,
uniswap-v4,0x8a72618dd2f1dc6e950261708abad0a841bca609b047688d77581ec64a7bcb04,2026-09-20T15:35:01+00:00,unresolved,activity_gap_and_other_conditions_unverified,0,False,,,,,
uniswap-v4,0x00100578930187199df5bf5455cbc33290718a5fee8ea4e3a7e4ed1ddeeff64b,2026-09-20T15:35:35+00:00,unresolved,activity_gap_and_other_conditions_unverified,0,False,,,,,
uniswap-v4,0x9c0c63d99eb4b03dad808b84da494b7996f80470e7e93aae3bbb4dc5c90a284b,2026-09-20T15:35:53+00:00,unresolved,activity_gap_and_other_conditions_unverified,0,False,,,,,
uniswap-v4,0x19b6639b097cf24b50711be065c16abd75ca02a322f9d12b83211b10930db377,2026-09-20T15:36:09+00:00,unresolved,activity_gap_and_other_conditions_unverified,0,False,,,,,
uniswap-v4,0x88bf30f901c96cb6d9d0d817161ea37bd46fb5e2efaa4c87fd6f013d15df3099,2026-09-20T15:36:25+00:00,unresolved,activity_gap_and_other_conditions_unverified,8,False,,,,,
uniswap-v4,0xb6b167088669095ff5cb4125f6d6df77cee5d406d167d12330247ccf2972aa59,2026-09-20T15:36:29+00:00,unresolved,activity_gap_and_other_conditions_unverified,0,False,,,,,
uniswap-v4,0x1252a7b9510631cd2ca9f2377d0258a11a6153c93b90570980a87a437daa1071,2026-09-20T15:36:33+00:00,unresolved,activity_gap_and_other_conditions_unverified,0,False,,,,,
uniswap-v4,0x91ff5ed0b18bc78a02acf9283ab5b1eed93ec8a498c11f1399d2b6c6b9417508,2026-09-20T15:37:53+00:00,unresolved,activity_gap_and_other_conditions_unverified,0,False,,,,,
uniswap-v4,0x5617ace5a06eb532b2d2e4abab75cb66eab09cb983302c5492a3845ba5b3f920,2026-09-20T15:38:19+00:00,unresolved,activity_gap_and_other_conditions_unverified,186,False,,,,,
uniswap-v4,0xdd58e1c6666a5a6c69bfba1f3b8af948a1be2fea0e7dd1e02752f4af971d3d54,2026-09-20T15:38:43+00:00,unresolved,activity_gap_and_other_conditions_unverified,1,False,,,,,
uniswap-v4,0x1659a6584fb61ffd068f9a5c72ddaf0a8646162b883e3c01a4c223d73df52a1f,2026-09-20T15:39:19+00:00,unresolved,activity_gap_and_other_conditions_unverified,25,False,,,,,
uniswap-v4,0x7f24545b36635f16f0d2495b43b85285f4bf24fd3a9034ea1b328ed0e73467a6,2026-09-20T15:39:35+00:00,unresolved,activity_gap_and_other_conditions_unverified,1,False,,,,,
uniswap-v4,0xdf612b4cb74d6e4698990e9fd41f013b533f39c4a2a9705f6792fdef95d04ec4,2026-09-20T15:39:45+00:00,unresolved,activity_gap_and_other_conditions_unverified,0,False,,,,,
uniswap-v4,0xfffef7b4ad314e2838305a5b04277f8a89a00f7d50a302877dcac439cb95f26d,2026-09-20T15:40:07+00:00,unresolved,activity_gap_and_other_conditions_unverified,0,False,,,,,
uniswap-v4,0xbfd7a0975327f557899a1a5cd73bb653347b9ca3df3c613c4fae4d05402bd809,2026-09-20T15:40:35+00:00,unresolved,activity_gap_and_other_conditions_unverified,425,False,,,,,
uniswap-v4,0x9163abebf7faeedbc6c79ad6a82415212465036e29ee9ba97f9e45ab4649416b,2026-09-20T15:40:39+00:00,unresolved,activity_gap_and_other_conditions_unverified,0,False,,,,,
uniswap-v4,0x1e5fb0b5032affc5e4a25720b8279724b7e1deb55da63c72001e0eb5ad98485f,2026-09-20T15:40:41+00:00,unresolved,activity_gap_and_other_conditions_unverified,0,False,,,,,
uniswap-v4,0x01576e419a474356676c43a10f7248012892eb4e2b73a067c2a13b9335816e47,2026-09-20T15:41:23+00:00,unresolved,activity_gap_and_other_conditions_unverified,0,False,,,,,
uniswap-v4,0x7c177b058c7b070233ddd9086fb9b42ffc2cc8e36b9086b129efe98bb6f15c3f,2026-09-20T15:41:39+00:00,unresolved,activity_gap_and_other_conditions_unverified,0,False,,,,,
uniswap-v4,0x2f57fc7f1f8d911431dafacf440e65a1e283738e4d1e897daeaeb1d55056e850,2026-09-20T15:41:55+00:00,unresolved,activity_gap_and_other_conditions_unverified,0,False,,,,,
uniswap-v4,0x3adb6f504f79ee43af8994241e800865355673082ec8d3c7d4c3132536115c13,2026-09-20T15:41:59+00:00,unresolved,activity_gap_and_other_conditions_unverified,0,False,,,,,
uniswap-v4,0xf516bbbfbefc1fcba341600e6a26558508bb4341bef798c1279a1cc6f54206e7,2026-09-20T15:42:13+00:00,unresolved,activity_gap_and_other_conditions_unverified,1,False,,,,,
uniswap-v4,0x276988082fc7e0df479e7fdd33aae7182478e9d9fa600d91f99983d2431f6b27,2026-09-20T15:42:43+00:00,unresolved,activity_gap_and_other_conditions_unverified,0,False,,,,,
uniswap-v4,0x9547c1d163d57c166ee2808fb48e78e9c2545a4b94cef6cb652216102b07ccc5,2026-09-20T15:42:45+00:00,unresolved,activity_gap_and_other_conditions_unverified,5,False,,,,,
uniswap-v4,0xbe1edda21326a81070de92856bf5f9036ad828eb380a0232b6bc8384a4a3f0f6,2026-09-20T15:43:25+00:00,unresolved,liquidity_history_gap,6,False,,,,,
uniswap-v4,0xba2946614f06dd6ab7c817d0fe5283a6d9325d7d4cbad64c9eec5f784eaa8ae0,2026-09-20T15:43:59+00:00,excluded,positive_lp_share_withdrawal_succeeded,2,False,,,,,
uniswap-v4,0x720b725fb647ee62878cab0f848ab6cfbf6eaed20974095f94b32bc893bb21da,2026-09-20T15:44:23+00:00,unresolved,activity_gap_and_other_conditions_unverified,241,False,,,,,
uniswap-v4,0xbc37f65d26b89f54b52b5d9cdb1afc0b50fd3cd36e23f5c93b089eea06efb2a8,2026-09-20T15:44:27+00:00,unresolved,activity_gap_and_other_conditions_unverified,0,False,,,,,
uniswap-v4,0xcbabf22c5246c8495063b9adbef88d775e5e8259c0f38a784a07687b836cf8ea,2026-09-20T15:45:15+00:00,unresolved,activity_gap_and_other_conditions_unverified,1,False,,,,,
uniswap-v4,0xa5d9750b095911d200221f7df7692ba892ee8b3bb8dc5c5a3191ab3c298add17,2026-09-20T15:45:41+00:00,unresolved,activity_gap_and_other_conditions_unverified,138,False,,,,,
uniswap-v4,0xd5fd2916710e62073dd604d153260b59f3c1d841549e1bd8e161c94dcacf5d2f,2026-09-20T15:45:45+00:00,unresolved,activity_gap_and_other_conditions_unverified,0,False,,,,,
uniswap-v4,0xf7fc2f0d7e0081e69aa31131d9cd8c0438c7a57f6a78cbb461716bc07d95db39,2026-09-20T15:45:53+00:00,unresolved,activity_gap_and_other_conditions_unverified,104,False,,,,,
uniswap-v4,0x44234c3dd4372193391db9300e8205e152378182e652d448fffe63b9bc75a1c3,2026-09-20T15:45:57+00:00,unresolved,activity_gap_and_other_conditions_unverified,0,False,,,,,
uniswap-v4,0x767ed66b61742ec841bcb45b92e764dd47a07cb27bab68cd0addfb35a1b146b2,2026-09-20T15:46:09+00:00,unresolved,activity_gap_and_other_conditions_unverified,0,False,,,,,
uniswap-v4,0xe633f59e4f720e841da02eca448511e00e4157a867395cd8e6373379e1ebde59,2026-09-20T15:46:37+00:00,unresolved,activity_gap_and_other_conditions_unverified,0,False,,,,,
uniswap-v4,0x86412171f19860b60a2630b52759f9ec401932afa2537ca5386ca12bc5f7c19a,2026-09-20T15:46:37+00:00,unresolved,activity_gap_and_other_conditions_unverified,0,False,,,,,
uniswap-v4,0x0c8a0498d873acf48d098407c0e186a942ec3ffe8f4e386481923896a9480c24,2026-09-20T15:46:39+00:00,unresolved,activity_gap_and_other_conditions_unverified,0,False,,,,,
uniswap-v4,0x9eabfe2844d76b2de901d530e971a12c2856706c34f3f1af32e97f21198a077e,2026-09-20T15:46:41+00:00,unresolved,activity_gap_and_other_conditions_unverified,0,False,,,,,
uniswap-v4,0xbc5583eb46b128a0d71d626cc6782c650e6166e1b67f5a851e2a1e5d623e99c4,2026-09-20T15:46:49+00:00,unresolved,activity_gap_and_other_conditions_unverified,0,False,,,,,
uniswap-v4,0x8f288b946e081d1b758d7cff6fe00976b2556cef4572c0b5b179ecd00c65bef7,2026-09-20T15:46:55+00:00,unresolved,activity_gap_and_other_conditions_unverified,0,False,,,,,
uniswap-v4,0xecaf67ae4b1d6f060a99e02d5b88e609af106fca2903a96335d4d930eb817de9,2026-09-20T15:47:29+00:00,unresolved,activity_gap_and_other_conditions_unverified,0,False,,,,,
uniswap-v4,0x4ce29c459cfafe2ed792a0a58c1347ac48e9d00bc37ee43fe8348342f29c2739,2026-09-20T15:47:31+00:00,unresolved,activity_gap_and_other_conditions_unverified,0,False,,,,,
uniswap-v4,0x1d4315d428d2ab7d8d1456585eac6e83639750714eea2ffec163a68e02998246,2026-09-20T15:47:33+00:00,unresolved,activity_gap_and_other_conditions_unverified,4,False,,,,,
uniswap-v4,0x6482d38d68841a226805d40a1f00a9899c4d89f9a9bc95beb825ba7884f13aab,2026-09-20T15:47:35+00:00,unresolved,activity_gap_and_other_conditions_unverified,1,False,,,,,
uniswap-v4,0xd598c8dbbcbaee3865e2f2ead76767807bafec54e79ba68e5eb1b768fed7bd0b,2026-09-20T15:48:41+00:00,unresolved,activity_gap_and_other_conditions_unverified,1,False,,,,,
uniswap-v4,0x481cba7421c7e225c71c97597b7d108fcce831c1f569d29d7e129f7d8597541e,2026-09-20T15:48:43+00:00,unresolved,activity_gap_and_other_conditions_unverified,3,False,,,,,
uniswap-v4,0xc70eee93cac906cdf436891d42e5f1d4b440d9f4cc62025149ca156283826544,2026-09-20T15:48:49+00:00,unresolved,activity_gap_and_other_conditions_unverified,0,False,,,,,
uniswap-v3,0xd702d6788ea273929b6d8b2947fadcda429fbc90,2026-09-20T15:48:55+00:00,excluded,positive_lp_share_withdrawal_succeeded,22,True,,,,,
uniswap-v4,0x02042515484d5ac9b06402cf458146aa1003f88745c2ae1128042a0edbad9f2d,2026-09-20T15:49:31+00:00,excluded,positive_lp_share_withdrawal_succeeded,1,False,,,,,
uniswap-v4,0x24b41d8223c177767b1a0cfaa87864212e9b5c94fa12be6642074cd6fdd1da6d,2026-09-20T15:49:55+00:00,unresolved,activity_gap_and_other_conditions_unverified,0,False,,,,,
uniswap-v4,0x06e749cd9f108b3fde0b64f011dec90c34f72931edd21c8a045b8c03d1f22dd0,2026-09-20T15:50:03+00:00,unresolved,activity_gap_and_other_conditions_unverified,1,False,,,,,
uniswap-v4,0xade7deb9ea6d8dd1b884fd610098c6515a9148e1fc0ae5e910cb6da26a724481,2026-09-20T15:50:07+00:00,unresolved,activity_gap_and_other_conditions_unverified,3,False,,,,,
uniswap-v4,0x717cd661249bc7020e18e1b13d9b4222c1d75919dec9db1a30c440afae7d970a,2026-09-20T15:50:11+00:00,unresolved,activity_gap_and_other_conditions_unverified,0,False,,,,,
uniswap-v4,0x4130ffdaf07911e1d68694373dd9c9ecea917d35df40d39bb9246a5e0117e260,2026-09-20T15:50:37+00:00,unresolved,activity_gap_and_other_conditions_unverified,224,False,,,,,
uniswap-v4,0xb423fa68cbe44b9d9b6458f280efde67b25d76957e3598e726299f622755b46f,2026-09-20T15:50:43+00:00,unresolved,activity_gap_and_other_conditions_unverified,10,False,,,,,
uniswap-v4,0x73831f31ccdbf056df56b28861f8b2823de3ce959d21fb452d03d4dc0b3c1ca6,2026-09-20T15:50:47+00:00,unresolved,activity_gap_and_other_conditions_unverified,0,False,,,,,
uniswap-v4,0x7ab43c8b3dae8a05b0679cf37c1d1af9efb8ebbfb5558cbf3419f40c55bd6e29,2026-09-20T15:51:05+00:00,unresolved,activity_gap_and_other_conditions_unverified,0,False,,,,,
uniswap-v4,0x078e7620ab734535336e312026cb5d2167585e22db001b7666d611eb37244060,2026-09-20T15:51:25+00:00,unresolved,activity_gap_and_other_conditions_unverified,1,False,,,,,
uniswap-v4,0x6b312b65f8c6c7f003e76ee3e985d05b6dfc5500e9cc0bb744f45df0c49bb815,2026-09-20T15:52:47+00:00,unresolved,activity_gap_and_other_conditions_unverified,5,False,,,,,
uniswap-v4,0x4c0fae0ce83c63dc7e872350ac30efa3147782a53b90e6d3f0ba8841d11a72dc,2026-09-20T15:52:47+00:00,unresolved,activity_gap_and_other_conditions_unverified,139,False,,,,,
uniswap-v4,0x8de92929a70d6de14a36853f9cd189afe43afc4be2c3c650d18b1afdf2944501,2026-09-20T15:52:51+00:00,unresolved,activity_gap_and_other_conditions_unverified,0,False,,,,,
uniswap-v4,0x54735053a78f46c614106dbcf5ce939becbb024568bda1b1e3465d2ed8f4a647,2026-09-20T15:52:53+00:00,unresolved,activity_gap_and_other_conditions_unverified,0,False,,,,,
uniswap-v4,0x7b99c41c1064f87f3bbf5bcb89f9e72f1c314c96fa6f2bfe503bac9ca288a9d6,2026-09-20T15:54:19+00:00,unresolved,activity_gap_and_other_conditions_unverified,0,False,,,,,
uniswap-v4,0xaa2db38995683157abba9a544f0a306ec68752056a7fadcd16bc6c879cb76f3b,2026-09-20T15:54:47+00:00,unresolved,activity_gap_and_other_conditions_unverified,0,False,,,,,
uniswap-v4,0x40058d6762cff616c557758123785223655477356aedbe7de6ba86c078eee0d8,2026-09-20T15:54:59+00:00,unresolved,activity_gap_and_other_conditions_unverified,0,False,,,,,
uniswap-v4,0x80b7ce8fdca4055c19247bafee42b6bb9b3669526c32e8042dc9ec2cd311c936,2026-09-20T15:55:07+00:00,unresolved,activity_gap_and_other_conditions_unverified,0,False,,,,,
uniswap-v4,0x26d7e3781da408b5039ab640ede277bf737c86b8521b1569d80376a39f5a1db8,2026-09-20T15:55:09+00:00,unresolved,activity_gap_and_other_conditions_unverified,1,False,,,,,
uniswap-v4,0x75c8b4b12ca2ff7b3e815903f674ad10d90d7319f6c57d948d58c8b5b354ea07,2026-09-20T15:56:19+00:00,unresolved,activity_gap_and_other_conditions_unverified,5,False,,,,,
uniswap-v4,0x36d443260d68c5d736d7668d9bb12e14f89a9a89c223844b07ede2db6b44b74d,2026-09-20T15:56:23+00:00,unresolved,activity_gap_and_other_conditions_unverified,0,False,,,,,
uniswap-v4,0x40262335db6751c03795128dd1d73976b46f0c31b79a919c710f759e7a6e2f2d,2026-09-20T15:56:27+00:00,unresolved,activity_gap_and_other_conditions_unverified,0,False,,,,,
uniswap-v4,0x1ba7d48dc1d37eb4b43d698590f955f860f870936c0d4bda56778c35a526cbf1,2026-09-20T15:56:33+00:00,unresolved,activity_gap_and_other_conditions_unverified,8,False,,,,,
uniswap-v4,0x284c8bb2f3763afdbf3e60edb0cce1fd3b05eaa6a472d8a04faff5952a6bf6be,2026-09-20T15:56:37+00:00,unresolved,activity_gap_and_other_conditions_unverified,0,False,,,,,
uniswap-v4,0x22245e7535307ac0307f56c81a8f3dcc52ed5ee3582572b607cbab0483a7c084,2026-09-20T15:57:11+00:00,unresolved,activity_gap_and_other_conditions_unverified,0,False,,,,,
uniswap-v4,0xc5d023bd237a620bb1905df3a38ab8c916f9ddfcdf3c5cdb087bf55c0779e5fe,2026-09-20T15:57:13+00:00,unresolved,activity_gap_and_other_conditions_unverified,1,False,,,,,
uniswap-v4,0x1675806311a9926ee429867cc83fa8e1e87a41bc53125085a4488ba36e16f7a9,2026-09-20T15:57:25+00:00,unresolved,activity_gap_and_other_conditions_unverified,2,False,,,,,
uniswap-v4,0xf0768a1af521d3710f4a64bbfd1edaefcff09891a65e0cdaba5eee809e577022,2026-09-20T15:58:01+00:00,unresolved,activity_gap_and_other_conditions_unverified,1,False,,,,,
uniswap-v4,0xabfd3b1cc05b6206238233d697c489c8514f848f722a808ba7debe8e7c024126,2026-09-20T15:58:57+00:00,unresolved,activity_gap_and_other_conditions_unverified,0,False,,,,,
uniswap-v4,0x8eb578117bffc9841b942d8e1fa8a4f724cc46d13f4227ad8e4990e71680b240,2026-09-20T15:59:23+00:00,unresolved,activity_gap_and_other_conditions_unverified,0,False,,,,,
uniswap-v4,0xe281ec6f81fe1712363a2b5595625dd9149250d6119a4c8bf5404eb8576ae595,2026-09-20T15:59:33+00:00,unresolved,activity_gap_and_other_conditions_unverified,218,False,,,,,
uniswap-v4,0x35536176bb5986af651ba03fdd473469721bcb169a55153f81db9c3592f6766c,2026-09-20T15:59:35+00:00,unresolved,activity_gap_and_other_conditions_unverified,6,False,,,,,
uniswap-v4,0xa4bdb3214f0498d9cdebdcc5d92116cddd6b0d9833422f1f4ddfc230a5404d8e,2026-09-20T15:59:39+00:00,unresolved,activity_gap_and_other_conditions_unverified,0,False,,,,,
uniswap-v4,0x6d18a88a1c1b7068d4ec46342d46f3c303741cd8dae6c115986bb91799855a04,2026-09-20T16:00:05+00:00,unresolved,activity_gap_and_other_conditions_unverified,9,False,,,,,
uniswap-v4,0xf5ac7f3eada6c0f06e211a6e34b0a7db8b6c98fc2c0dc3c613eced526742fd44,2026-09-20T16:00:09+00:00,unresolved,activity_gap_and_other_conditions_unverified,0,False,,,,,
uniswap-v4,0x14df90865c31feeb5eaa8ac3138a7bb8a3a6161f10053af6ed12147f5072b4c6,2026-09-20T16:00:25+00:00,unresolved,activity_gap_and_other_conditions_unverified,1,False,,,,,
uniswap-v4,0x56918cdcbe4767a3bb2615caf746c21b6e292cbb2fafad41db373b1caa5b2e9b,2026-09-20T16:00:49+00:00,unresolved,activity_gap_and_other_conditions_unverified,0,False,,,,,
uniswap-v4,0x24191cd6baafeb0cd0595889f56cb113fc063973b2f4b74630a1eee545edc3ea,2026-09-20T16:01:11+00:00,unresolved,activity_gap_and_other_conditions_unverified,0,False,,,,,
uniswap-v4,0xf6cc7b5bc1f4ed74729f663f0a01b916aa1165205badf4423d76e18f0382cc9a,2026-09-20T16:02:17+00:00,unresolved,activity_gap_and_other_conditions_unverified,0,False,,,,,
uniswap-v4,0x4338c99d41d724cf1d65f1453bea1d4e34de9473a66498617d8851df383044ba,2026-09-20T16:02:39+00:00,unresolved,activity_gap_and_other_conditions_unverified,5,False,,,,,
uniswap-v4,0xec60d8e6936ad65ff8de0cbe6e7242ec0dfb2f87fac4df99eff493b878320bdc,2026-09-20T16:02:53+00:00,unresolved,activity_gap_and_other_conditions_unverified,161,False,,,,,
uniswap-v4,0xff1de551342f44df3a5d31786c907083ccfedb2ae17c2216e1fd6b1238e2c092,2026-09-20T16:03:27+00:00,unresolved,activity_gap_and_other_conditions_unverified,1,False,,,,,
uniswap-v4,0xb73ea90e2d08d10e4a3b7b41625bf9c62777517bedab8633dfcc088fedefe3a9,2026-09-20T16:03:31+00:00,unresolved,activity_gap_and_other_conditions_unverified,0,False,,,,,
uniswap-v4,0x47c0c32e5f847e3dac37ae6af9601b48d3c18c07c4495048379c42412ab9e98f,2026-09-20T16:03:33+00:00,unresolved,activity_gap_and_other_conditions_unverified,0,False,,,,,
uniswap-v4,0xcbf78ad9d907c9a87e77eb6b005d241327797a79950d7cd9c536709d218da09f,2026-09-20T16:04:07+00:00,unresolved,activity_gap_and_other_conditions_unverified,0,False,,,,,
uniswap-v4,0x5416324a347089e6314ab31bca11470a02f640505e043179da76193e44cf24ad,2026-09-20T16:04:25+00:00,unresolved,activity_gap_and_other_conditions_unverified,1,False,,,,,
uniswap-v4,0x1a1fc99d506fa7a5380ebb49ca273e2408d46b2b300574f1f228afda055f89b9,2026-09-20T16:04:25+00:00,unresolved,activity_gap_and_other_conditions_unverified,0,False,,,,,
uniswap-v4,0x40b45b46c54231b360430770a5d01a169148dcfd1c1404b96748ab0077f6b44f,2026-09-20T16:05:11+00:00,unresolved,activity_gap_and_other_conditions_unverified,0,False,,,,,
uniswap-v4,0x83185da1e476aef8443147af01f65c77058412cd475634ad3d5945c7ebee19de,2026-09-20T16:06:07+00:00,unresolved,activity_gap_and_other_conditions_unverified,0,False,,,,,
uniswap-v4,0x25ed539c4a1711d67eb990a56e86112fec54daba7044aec086c137932667ca24,2026-09-20T16:06:15+00:00,unresolved,activity_gap_and_other_conditions_unverified,1,False,,,,,
uniswap-v4,0x686f74b7d313fdd100a6c79595824110538be88959cceb9d18fbc108cce44501,2026-09-20T16:06:39+00:00,unresolved,activity_gap_and_other_conditions_unverified,0,False,,,,,
uniswap-v4,0x704be40a1aec5e565a89a9844dd8dc54fe43e2d60157ff47ad0c2c84b20625e3,2026-09-20T16:06:55+00:00,unresolved,activity_gap_and_other_conditions_unverified,0,False,,,,,
uniswap-v4,0xb5250b3e886bba048f0a380499d1edeb7648045bb848e1917c82bb6a21d88181,2026-09-20T16:07:17+00:00,unresolved,activity_gap_and_other_conditions_unverified,0,False,,,,,
uniswap-v4,0xd512bf5f385013bba88c650437ed916292b1f6c058fdd9965584b17ad92ff98f,2026-09-20T16:07:19+00:00,unresolved,activity_gap_and_other_conditions_unverified,0,False,,,,,
uniswap-v4,0xf0f7bbf2567447816f7934e1a4d5367b7276db001b1b3e78cb0fb9d987b81520,2026-09-20T16:07:25+00:00,unresolved,activity_gap_and_other_conditions_unverified,0,False,,,,,
uniswap-v4,0x2e03ceb7431c7f8e8da1e650e8390a729ffbda588f66389d0a74278284634d13,2026-09-20T16:07:47+00:00,unresolved,activity_gap_and_other_conditions_unverified,8,False,,,,,
uniswap-v4,0x929e3114a1597bd813869173998f4f48425ac1ba779424daa0eb9ce76643d9de,2026-09-20T16:07:51+00:00,unresolved,activity_gap_and_other_conditions_unverified,0,False,,,,,
uniswap-v4,0x283e6cff724bf6bfb783c788f9b51d46792152cbf4c4e1f371e198d24b1e8fa5,2026-09-20T16:07:57+00:00,unresolved,activity_gap_and_other_conditions_unverified,0,False,,,,,
uniswap-v4,0xe540b10f7262fd06833dd2898db854d8f398f59a205e4cf4703b56f56cf347cd,2026-09-20T16:08:47+00:00,unresolved,activity_gap_and_other_conditions_unverified,0,False,,,,,
uniswap-v4,0x324144e8fac0716920b10a059842c32d066e1f4b11a0c29a6d176517cd36b408,2026-09-20T16:09:11+00:00,unresolved,activity_gap_and_other_conditions_unverified,8,False,,,,,
uniswap-v4,0xe39c2084faaa4b5137c9a68ad206250375c910276097589e75ff363882fee041,2026-09-20T16:09:19+00:00,unresolved,activity_gap_and_other_conditions_unverified,0,False,,,,,
uniswap-v4,0x64929cd2d67b48fc76435f2daa43b3f2e5b64500efd77f87ce30018653a483b1,2026-09-20T16:09:41+00:00,unresolved,activity_gap_and_other_conditions_unverified,1,False,,,,,
uniswap-v4,0x7f971228b2661716b927c886d3c4fe197ee7cee5d2ff056b8827b25ad9230dac,2026-09-20T16:09:41+00:00,unresolved,activity_gap_and_other_conditions_unverified,0,False,,,,,
uniswap-v4,0x8bfa5f8f81aec4b0dd04f33983349f256b3ecf24862f6d0563fbe1db4123de04,2026-09-20T16:10:45+00:00,unresolved,activity_gap_and_other_conditions_unverified,0,False,,,,,
uniswap-v4,0xb96daca300f34f83ad848ba433cda5b0e85598e0617bc66ff55b3e701a268fd4,2026-09-20T16:11:55+00:00,unresolved,activity_gap_and_other_conditions_unverified,0,False,,,,,
uniswap-v4,0xb715e1426d4b62345bd7eaa72465824921d06aeea2ff97377c0a5bbde22b25cc,2026-09-20T16:12:13+00:00,unresolved,activity_gap_and_other_conditions_unverified,1,False,,,,,
uniswap-v4,0x096e88eca74b5cb69baee13ebbbb705d1805a9aebbec76c67bd8740ba5f4e5af,2026-09-20T16:12:33+00:00,unresolved,activity_gap_and_other_conditions_unverified,0,False,,,,,
uniswap-v4,0x834ecbadb75d504926511061454f96b8796639cb3e6fc2309dbb34a152ae4834,2026-09-20T16:13:01+00:00,unresolved,activity_gap_and_other_conditions_unverified,0,False,,,,,
uniswap-v4,0x75fbd87ce9024fd7c2ba1bce9335ce5cc577746d4f546c9688947fd20ed8c7dd,2026-09-20T16:13:45+00:00,unresolved,activity_gap_and_other_conditions_unverified,0,False,,,,,
uniswap-v4,0x972efc6f75420f01d4f456f6d75f973ea2c5f4334d7a8f41297ef63c42a1f8d2,2026-09-20T16:14:37+00:00,unresolved,activity_gap_and_other_conditions_unverified,0,False,,,,,
uniswap-v4,0xec0de0911fd88398778c9079d88c2c4808e46ac3a7541b4cdefed6aa90ede625,2026-09-20T16:14:41+00:00,unresolved,activity_gap_and_other_conditions_unverified,0,False,,,,,
uniswap-v4,0xdbd07ed98929459f737245b8758b788f70b269b26f2fa837d70f141ab023afe2,2026-09-20T16:14:41+00:00,unresolved,activity_gap_and_other_conditions_unverified,1,False,,,,,
uniswap-v4,0xdf2a8dfcb8d477df0bc3a3c1d3a26cb3b6ce972a3d31015a1c2ef103bcc4abfc,2026-09-20T16:14:45+00:00,unresolved,activity_gap_and_other_conditions_unverified,0,False,,,,,
uniswap-v4,0x46f3ce5b1b32ff69a787bcdaab2f9d4fbc585ecbc485b1939a55803d591c756d,2026-09-20T16:15:15+00:00,unresolved,activity_gap_and_other_conditions_unverified,0,False,,,,,
uniswap-v4,0xddad288aecf126e18cc52d77cf9b59bc5f05142cd2f65fa9bd57edca46be35c3,2026-09-20T16:15:41+00:00,unresolved,activity_gap_and_other_conditions_unverified,0,False,,,,,
uniswap-v4,0x2e721ffd87e809d52dd1bcbf4e75e9507cce02de23b963be48cd6ece409cbb59,2026-09-20T16:16:13+00:00,unresolved,activity_gap_and_other_conditions_unverified,1,False,,,,,
uniswap-v4,0x6f4dd0961f691894a89d3a3c3515961d4119ff4487284dfa423e54c34f3bafb3,2026-09-20T16:17:29+00:00,unresolved,activity_gap_and_other_conditions_unverified,0,False,,,,,
uniswap-v4,0x1489fc0281896e9cc126a211aa6ee1eb0e3dd23182cf33e1c93f8f4c7b16dcc1,2026-09-20T16:17:33+00:00,unresolved,activity_gap_and_other_conditions_unverified,0,False,,,,,
uniswap-v4,0x6f9b059623d11984299f0104935cb78cbf0f54b79e78bf24612608c1e62b2d85,2026-09-20T16:17:55+00:00,unresolved,activity_gap_and_other_conditions_unverified,0,False,,,,,
uniswap-v4,0xacb13b0acc5e44239ade906e2cd840b7ea623d6aba1865462757d9fc8306d25a,2026-09-20T16:17:59+00:00,unresolved,activity_gap_and_other_conditions_unverified,0,False,,,,,
uniswap-v4,0x67c3dab180687c786ae9929ccab9baa5dc6836aa36876e3ab7eb0431b5b33e38,2026-09-20T16:19:01+00:00,unresolved,activity_gap_and_other_conditions_unverified,0,False,,,,,
uniswap-v4,0x49d7f3faee5c7859682ade5b9ee280ecff5f0752fa82a17daeeea1fbb09f0836,2026-09-20T16:19:13+00:00,unresolved,activity_gap_and_other_conditions_unverified,0,False,,,,,
uniswap-v4,0x9e3146964bab47955a725be81264a57b037bc9c5ca70524fe87c48a779e4dc93,2026-09-20T16:19:41+00:00,unresolved,activity_gap_and_other_conditions_unverified,1,False,,,,,
uniswap-v4,0x80a60f79ec962dda301517fc7f0c6a10f586582c820d30a58dd1c03607e4d721,2026-09-20T16:19:41+00:00,unresolved,activity_gap_and_other_conditions_unverified,1470,False,,,,,
uniswap-v4,0xe4e604c186096162b446fbdaf111f9ebe47d6056efc9b4081830cde5dfc55c3c,2026-09-20T16:19:45+00:00,unresolved,activity_gap_and_other_conditions_unverified,0,False,,,,,
uniswap-v4,0xa3a21e794fb385f20985553389c7a4606cd5ce26c39197245f72fa83dd96f48b,2026-09-20T16:20:11+00:00,unresolved,activity_gap_and_other_conditions_unverified,0,False,,,,,
uniswap-v4,0xb3ae0a8e6d6b70f7dc06d86fad5f97d60a49f50915bfefb66cd4fdcdd4e1789c,2026-09-20T16:20:37+00:00,unresolved,activity_gap_and_other_conditions_unverified,2,False,,,,,
uniswap-v4,0x08f9057d61a9dd93ef3aee5a552dad0bcb9faf4437d2cc6796cd2c9a98769d4f,2026-09-20T16:20:41+00:00,unresolved,activity_gap_and_other_conditions_unverified,0,False,,,,,
uniswap-v4,0x37a7fa905f253ce12b92661ec460e54f3f75b9993c41feea82b487303fd391cc,2026-09-20T16:20:45+00:00,unresolved,activity_gap_and_other_conditions_unverified,0,False,,,,,
uniswap-v4,0x5232311fa256f37a6b9f75a5409df34cc28c04974e2eebf45171374936ffa9a2,2026-09-20T16:21:07+00:00,unresolved,activity_gap_and_other_conditions_unverified,0,False,,,,,
uniswap-v4,0x6bde314e5ca99f2c0b41288287fe2cc46583b2ce0a8796c10aacee382fb74ccc,2026-09-20T16:21:11+00:00,unresolved,activity_gap_and_other_conditions_unverified,0,False,,,,,
uniswap-v4,0xc10f73b968e32598924b402b7eb2e51ccd9dc30a7ff59eb2051fe5b21bf6409a,2026-09-20T16:21:43+00:00,unresolved,activity_gap_and_other_conditions_unverified,0,False,,,,,
uniswap-v4,0x31c3fd2e487cc34866ba2425949319406c5cf5d0a004167c2a918d37e60c1ce8,2026-09-20T16:22:41+00:00,unresolved,activity_gap_and_other_conditions_unverified,0,False,,,,,
uniswap-v4,0xbc771502f2ab8ed111a29df84334f0baca878fde4697da89b3e60a44a47abaa0,2026-09-20T16:22:51+00:00,unresolved,activity_gap_and_other_conditions_unverified,0,False,,,,,
uniswap-v4,0x9c0750892b6595652f9778c47e513ee4453e5efeb813a114b4a269fd30329fb8,2026-09-20T16:23:25+00:00,unresolved,activity_gap_and_other_conditions_unverified,0,False,,,,,
uniswap-v4,0x42ed6c22485324f38e39a47b1358e0c3f32be952e6b0beb79bc2ad2245058e83,2026-09-20T16:23:27+00:00,unresolved,activity_gap_and_other_conditions_unverified,0,False,,,,,
uniswap-v4,0xffd29f3ce13d0da2df587ae38103ea8452d99f42c79b0ae11c4868c8d2c7f72d,2026-09-20T16:24:21+00:00,unresolved,activity_gap_and_other_conditions_unverified,1,False,,,,,
uniswap-v4,0x461ca2811182a45cfd76d492b2c1d712867852a462e900d3ae549bc0fdb9c70e,2026-09-20T16:24:25+00:00,unresolved,activity_gap_and_other_conditions_unverified,0,False,,,,,
uniswap-v4,0xefbb975617ece9623474b7679481ca3833b63e60eddc5c13befe7a0e08712351,2026-09-20T16:24:27+00:00,unresolved,activity_gap_and_other_conditions_unverified,0,False,,,,,
uniswap-v4,0xcde8606c89d3fd57082e08a86354be1a0bc76b0a1d1cf07a7a027b188130c2f2,2026-09-20T16:24:41+00:00,unresolved,activity_gap_and_other_conditions_unverified,0,False,,,,,
uniswap-v4,0x9c5f06be35622bf4541b968cf5e6dd52302b586288c0fef3acf1a4f5e69812e7,2026-09-20T16:24:45+00:00,unresolved,activity_gap_and_other_conditions_unverified,0,False,,,,,
uniswap-v4,0x3b656c0d14c815cd908af053b83e3a6646e2a67db9b086d210d4a87efb003503,2026-09-20T16:24:45+00:00,unresolved,activity_gap_and_other_conditions_unverified,0,False,,,,,
uniswap-v4,0x25e5ada5c524ac0b2111c2bebda74c838dbaabc88c387c40efcbcc5a38e2d028,2026-09-20T16:24:49+00:00,unresolved,activity_gap_and_other_conditions_unverified,0,False,,,,,
uniswap-v4,0x0c80cc2a44d27d4acce440aebd68f5d9e323ce71d89b12a22291280c3a0d91a7,2026-09-20T16:27:01+00:00,unresolved,activity_gap_and_other_conditions_unverified,0,False,,,,,
uniswap-v4,0xa53bf66ff80036521805a1b3d44230e10077016a8a9d9796446ff80975cd14bf,2026-09-20T16:27:01+00:00,unresolved,activity_gap_and_other_conditions_unverified,0,False,,,,,
uniswap-v4,0xafc0c394b35ace4a5f40e059f28e07642b412caaef600807afcfaa68e7554650,2026-09-20T16:27:03+00:00,unresolved,activity_gap_and_other_conditions_unverified,0,False,,,,,
uniswap-v4,0x5addce0d91411607cf0c98010f49c067c448974f92aaa9a823812fcaeefdaef0,2026-09-20T16:27:13+00:00,unresolved,activity_gap_and_other_conditions_unverified,0,False,,,,,
uniswap-v4,0x539dd645daf439f2fffa8456d5af95e6b7fa4e110a0d0cf3cdfc7b27008f20b5,2026-09-20T16:28:17+00:00,unresolved,activity_gap_and_other_conditions_unverified,0,False,,,,,
uniswap-v4,0x13d3fb449434eb54130fd60ea7f219e160c9459c6f15c5c7a0e769324b5da38a,2026-09-20T16:28:25+00:00,unresolved,activity_gap_and_other_conditions_unverified,0,False,,,,,
uniswap-v4,0xe472bcbbd1ed1a852fc706989f85adee582fe46555ed5d62fb927763277df3b0,2026-09-20T16:29:09+00:00,unresolved,activity_gap_and_other_conditions_unverified,0,False,,,,,
uniswap-v4,0x7846fb770c0782645377510f137226e6ac1b22a121fa477783ccbb83e07f65e3,2026-09-20T16:29:49+00:00,unresolved,activity_gap_and_other_conditions_unverified,1,False,,,,,
uniswap-v4,0xe7276f703301d2187a5fe0eafa2243e0a8baa6609b109e9cf4fbbe2f3b0c0cd0,2026-09-20T16:29:57+00:00,unresolved,activity_gap_and_other_conditions_unverified,0,False,,,,,
uniswap-v4,0x2a513dca54bc96497b3cc661fc4af02eec7e76de7d9bd00ff25425616e4998b4,2026-09-20T16:29:57+00:00,unresolved,activity_gap_and_other_conditions_unverified,0,False,,,,,
uniswap-v4,0x6e7952a5848febbb3bfc54905079a5f362f9e31f8f3ec612f3c792e2b2113144,2026-09-20T16:29:57+00:00,unresolved,activity_gap_and_other_conditions_unverified,0,False,,,,,
uniswap-v4,0x46d18b8442f2fc2b73d0e9ac321f0ce2c1dac5fe14eaf629b0f6b84331507f2c,2026-09-20T16:30:19+00:00,unresolved,activity_gap_and_other_conditions_unverified,0,False,,,,,
uniswap-v4,0x9cb759ea06de0d55f171a3ce255b162f9042b3faf3394425d236845681b06c4e,2026-09-20T16:31:03+00:00,unresolved,activity_gap_and_other_conditions_unverified,0,False,,,,,
uniswap-v4,0xab5c5e3ef9cac2b836ebb7fe3d004711f2cbe08854f3356e3edb517e7910e2a2,2026-09-20T16:31:07+00:00,unresolved,activity_gap_and_other_conditions_unverified,0,False,,,,,
uniswap-v4,0x14d89df2d82e4168d0d1041c056c15fff049032a39df95b2a71721f0c35a818f,2026-09-20T16:32:13+00:00,unresolved,activity_gap_and_other_conditions_unverified,0,False,,,,,
uniswap-v4,0x22fec318719d417b87293c85e7b065effaf8a8032e6059b6833afcd47f3bcc67,2026-09-20T16:32:37+00:00,unresolved,activity_gap_and_other_conditions_unverified,0,False,,,,,
uniswap-v4,0x84d34ef149c0b592aaa27b9466e6f9a2b79c6b88a67f5e9c846019b606fb69b7,2026-09-20T16:32:49+00:00,unresolved,activity_gap_and_other_conditions_unverified,0,False,,,,,
uniswap-v4,0xc4d747656c4f53f25d1d93c51e069ba86918df17c7a4004fbe72d3f7fa579f6b,2026-09-20T16:32:51+00:00,unresolved,activity_gap_and_other_conditions_unverified,0,False,,,,,
uniswap-v4,0xfec60c40d7751c7e25613015c59bc2f3c5a742c9d0ed74b4b6efea546a0a476a,2026-09-20T16:32:55+00:00,unresolved,activity_gap_and_other_conditions_unverified,0,False,,,,,
uniswap-v4,0x631102f53923bd5998a05442f4a92ad8441a673b212d4390dbeefdf2f99b0130,2026-09-20T16:32:59+00:00,unresolved,activity_gap_and_other_conditions_unverified,0,False,,,,,
uniswap-v4,0x1ba0e23259408463b5a3c11e09949c55fd0c3e752a46e4e02ba04aa695bd885d,2026-09-20T16:33:11+00:00,unresolved,activity_gap_and_other_conditions_unverified,20,False,,,,,
uniswap-v4,0x46c9d0ea9646df4f461b05f19cd2a57115bb1ec987a6f7e425936ba0bb0c3d47,2026-09-20T16:34:23+00:00,unresolved,activity_gap_and_other_conditions_unverified,0,False,,,,,
uniswap-v4,0xbc5b2b34fc1763bead78036be187f3472874fa02854a87430cf45e3dc197a7c8,2026-09-20T16:34:27+00:00,unresolved,activity_gap_and_other_conditions_unverified,0,False,,,,,
uniswap-v4,0xd9fcfc2405b1352d1fc35cb0e4b0536001c0e6a0b6fb3fed9a81d6f30ac110cc,2026-09-20T16:35:33+00:00,unresolved,activity_gap_and_other_conditions_unverified,4,False,,,,,
uniswap-v4,0x2151b317657ead7f9eadec19dea31600c3a5813a10732c34dd27e499dcb71b50,2026-09-20T16:35:37+00:00,unresolved,activity_gap_and_other_conditions_unverified,0,False,,,,,
uniswap-v3,0xab7778a3d8ddbab8a8aa1dca7d8a402a31e54535,2026-09-20T16:36:01+00:00,unresolved,token_lp_or_usd_conditions_unverified,5,True,,,,,
uniswap-v4,0x3321ff5114acef9e204b1f97ebc08321b012c639654246d6597f2851084aa1dd,2026-09-20T16:37:33+00:00,unresolved,activity_gap_and_other_conditions_unverified,0,False,,,,,
uniswap-v4,0x0a44db1d0e1b40a4ac25fbc63f400e2ce246c725888d737bfdeddb2527032f47,2026-09-20T16:37:35+00:00,unresolved,activity_gap_and_other_conditions_unverified,1,False,,,,,
uniswap-v4,0xa8c68e87a58fad41e864975e29b247757f6166277c21bbbb1626d2aea7719cc8,2026-09-20T16:37:59+00:00,unresolved,activity_gap_and_other_conditions_unverified,0,False,,,,,
uniswap-v4,0x62c826f87ee0866414b1676329cff17df12f1f45b5aa5eda6db95879be37d17e,2026-09-20T16:39:45+00:00,unresolved,activity_gap_and_other_conditions_unverified,0,False,,,,,
uniswap-v4,0xa68b43346b2a4e67878d961d05c10e52cfa893125c401a099afd85bc7f9f7a9f,2026-09-20T16:40:01+00:00,unresolved,activity_gap_and_other_conditions_unverified,0,False,,,,,
uniswap-v4,0xdcf7c14c542e5668fe689e200c5fc2a3fc111298ff1052590f8281a6ef2c0a41,2026-09-20T16:40:25+00:00,unresolved,activity_gap_and_other_conditions_unverified,0,False,,,,,
aerodrome,0xb900c8565bedfb52b4b9ec4e7f460889af64026a,2026-09-20T16:40:57+00:00,excluded,no_swap_in_complete_creation_to_snapshot_history,0,True,,,,,
uniswap-v4,0x6a3ff0f962f14575432873f9726cd47b9e84516d867befd4f74e57c2687a9878,2026-09-20T16:41:23+00:00,unresolved,activity_gap_and_other_conditions_unverified,0,False,,,,,
uniswap-v3,0xa3eda1018164fb2441cb181043e94bdd2f8c70fb,2026-09-20T16:41:35+00:00,unresolved,token_lp_or_usd_conditions_unverified,654,True,,,,,
uniswap-v4,0xd91857d82ad1b3e135a064e6877cd958b0406e43a95228538ba92b3494e42a69,2026-09-20T16:42:11+00:00,unresolved,activity_gap_and_other_conditions_unverified,0,False,,,,,
uniswap-v4,0xd27c26cee55db389e42134c18f75516d6f507d72ad913f5bc45ef5eac0134553,2026-09-20T16:42:23+00:00,unresolved,activity_gap_and_other_conditions_unverified,0,False,,,,,
uniswap-v4,0xf7c2ee21b3a60927e5bbb4322c92f64c9cdb3454deeeabf16afab727dacb7935,2026-09-20T16:42:27+00:00,unresolved,activity_gap_and_other_conditions_unverified,0,False,,,,,
uniswap-v4,0x9bab83548a6010816cd1db8afd2c49bd428b6c26b1d280d0a6d039c0ba72a599,2026-09-20T16:42:41+00:00,unresolved,activity_gap_and_other_conditions_unverified,0,False,,,,,
uniswap-v4,0x46d050ec14fbe8e0840fddf761f2f415591adb3507e7e85b12626a0f052808cd,2026-09-20T16:44:01+00:00,unresolved,activity_gap_and_other_conditions_unverified,0,False,,,,,
uniswap-v4,0x4299d7b67d9f3dddc6ca9a6e9f484307c000d75ac568fba7cf4089c63e699d2e,2026-09-20T16:44:05+00:00,unresolved,activity_gap_and_other_conditions_unverified,0,False,,,,,
uniswap-v4,0xe4a5e9dd304b092fd202cda468a6fabfe8bfa6d2927e724993fbe03dcdb73ad8,2026-09-20T16:44:09+00:00,unresolved,activity_gap_and_other_conditions_unverified,0,False,,,,,
uniswap-v4,0x0b6220382c83af105c3ddc5fdf6c74f201abcab8b311e5452a655c5dec58d5b9,2026-09-20T16:45:11+00:00,unresolved,activity_gap_and_other_conditions_unverified,0,False,,,,,
uniswap-v4,0x37a058308d78a466a61bd8265d6cffeb860e8e09386b29c0aefb46b80d339e85,2026-09-20T16:45:15+00:00,unresolved,activity_gap_and_other_conditions_unverified,0,False,,,,,
uniswap-v4,0x7b1e782fbe3d933cafc2300e684fd91f332f47a9bbab83f16f5323db1dc0cb22,2026-09-20T16:45:25+00:00,unresolved,activity_gap_and_other_conditions_unverified,2,False,,,,,
uniswap-v4,0x78f6eff1b63c75b1fc0b432d670dcc2723fbb80d608774bfd94c39551354d0d9,2026-09-20T16:45:29+00:00,unresolved,activity_gap_and_other_conditions_unverified,0,False,,,,,
uniswap-v4,0x474bc1f55be4b0f2d6c90f2e6f2db624ce1554b77db7bb9438326832b4e463de,2026-09-20T16:45:31+00:00,unresolved,activity_gap_and_other_conditions_unverified,0,False,,,,,
uniswap-v4,0x2bed2f0f83a97f7f3922ac917cf6501b3e2b09690faaf03ee82cb03688e59532,2026-09-20T16:45:35+00:00,unresolved,activity_gap_and_other_conditions_unverified,0,False,,,,,
uniswap-v4,0x1f08de2485363b483529733f7b7c206b61b1908480f520cc47d7665b454b91e4,2026-09-20T16:46:05+00:00,unresolved,activity_gap_and_other_conditions_unverified,4,False,,,,,
uniswap-v4,0xb31be8c7347f1ae5bffd2f23e8f2022066efdc2fc829cfae5347e5df91e5dccb,2026-09-20T16:46:09+00:00,unresolved,activity_gap_and_other_conditions_unverified,0,False,,,,,
uniswap-v4,0xa6fa61e3cf3890d93e01d6b25c4148c169c5369a3de04d50ba21bbd2469fccd6,2026-09-20T16:46:37+00:00,unresolved,activity_gap_and_other_conditions_unverified,0,False,,,,,
uniswap-v4,0xb14c1e1d954b59263ae06c26cb58b2fddf1726fd83db3729405af747d99e50a5,2026-09-20T16:47:49+00:00,unresolved,activity_gap_and_other_conditions_unverified,1,False,,,,,
uniswap-v4,0x2ea0d5c42c1b8b7d11a84d9f21d2d0b54c8222e673e7cb297d3af2c3e1801146,2026-09-20T16:48:23+00:00,unresolved,activity_gap_and_other_conditions_unverified,0,False,,,,,
uniswap-v4,0x485045cc7d947a09a9957d3cfa2fc4afa5c0471f2d176b948d7eab1f8b75bcc6,2026-09-20T16:48:31+00:00,unresolved,activity_gap_and_other_conditions_unverified,0,False,,,,,
uniswap-v4,0x1d330faca0941bb9596de86be9fc487e35f812c6240b76c194843ba0866a3428,2026-09-20T16:49:11+00:00,unresolved,activity_gap_and_other_conditions_unverified,2,False,,,,,
uniswap-v4,0xa44ce6a38309d78dc07f7e59dc7d40444fb0a7cbf9fec6571284b39dd7de7f54,2026-09-20T16:49:15+00:00,unresolved,activity_gap_and_other_conditions_unverified,0,False,,,,,
uniswap-v4,0x4d6f321c799dff9ce5b98127a59fc5c18ab6558f5355002b72afc97120c6c7f7,2026-09-20T16:49:37+00:00,unresolved,activity_gap_and_other_conditions_unverified,0,False,,,,,
aerodrome,0xc1a3dd634d9c6e03039470c027738ae8492b127f,2026-09-20T16:49:43+00:00,excluded,previous_same_block_mutable_lock_migration_authority,3,True,,,,,
uniswap-v4,0x0eb5bbd5890b7be815144935d7e5c52c98dd064e8ef9d11dbd4e8da8b4bc3598,2026-09-20T16:49:53+00:00,unresolved,activity_gap_and_other_conditions_unverified,0,False,,,,,
uniswap-v4,0x4a1a4e0faf3aa83eda2f93d1ed027fa4d85d34eb49dde50666e2e859c00e6a54,2026-09-20T16:49:55+00:00,unresolved,activity_gap_and_other_conditions_unverified,12,False,,,,,
uniswap-v4,0xc5c20dd96463961bccd45b566914c9fc615c9f55cff219cec190b74a34a2f502,2026-09-20T16:49:59+00:00,unresolved,activity_gap_and_other_conditions_unverified,0,False,,,,,
aerodrome,0x8c8a812ab3765286a9940114e546c109936e0ef1,2026-09-20T16:50:53+00:00,excluded,no_swap_in_complete_creation_to_snapshot_history,0,True,,,,,
uniswap-v4,0x508924867e7f3763fbf0ac310124e629db9a47aa1a4a7d3bff4477da8ea24e73,2026-09-20T16:50:57+00:00,unresolved,activity_gap_and_other_conditions_unverified,4,False,,,,,
uniswap-v4,0xc2bf7a33e9437807c349228b126ed72ff2cc200d267e330e56f2c020e7938993,2026-09-20T16:51:01+00:00,unresolved,activity_gap_and_other_conditions_unverified,0,False,,,,,
uniswap-v4,0x2393f08f45b0cd4acb928bf24945e83b96b7c2e1ddb0602b987234de613c629d,2026-09-20T16:52:09+00:00,unresolved,activity_gap_and_other_conditions_unverified,56,False,,,,,
uniswap-v4,0xfb9c14161b658242e8af623c2e7fcd80c049281dea8ff4642cebedaf94b7f925,2026-09-20T16:52:11+00:00,unresolved,activity_gap_and_other_conditions_unverified,0,False,,,,,
uniswap-v4,0x53c55bbbc360fb22c06af53957555cb210ca99589aa01e683c63f0f6d0a567f4,2026-09-20T16:52:13+00:00,unresolved,activity_gap_and_other_conditions_unverified,0,False,,,,,
uniswap-v4,0x08a836bc7d74b6000c1ffb157aa30ace9c1bce97c9152817a6875b489a709088,2026-09-20T16:52:35+00:00,unresolved,activity_gap_and_other_conditions_unverified,0,False,,,,,
uniswap-v4,0xcd7acc29979a9cb69d4b225d53c710c96c6f7a3eb3a7937aa4d7c9f950782f58,2026-09-20T16:52:55+00:00,unresolved,activity_gap_and_other_conditions_unverified,0,False,,,,,
uniswap-v3,0x293464d499a73f3cd92fdcc031803e8f78184b28,2026-09-20T16:54:57+00:00,unresolved,token_lp_or_usd_conditions_unverified,5,True,,,,,
uniswap-v4,0x74d9755829c4a1e830815ed1410b95ec39cfdd576e1a756ec491c4bd5544e521,2026-09-20T16:56:17+00:00,unresolved,activity_gap_and_other_conditions_unverified,23,False,,,,,
uniswap-v4,0x4df03c93028d015275f13f8e70033bf7b7fcbc8cb2688766b6ec2faefe4b3c09,2026-09-20T16:56:21+00:00,unresolved,activity_gap_and_other_conditions_unverified,0,False,,,,,
uniswap-v4,0x33942323ee33ec9b2954769750e5248d1e6e8076a7889f44ed914343ab261626,2026-09-20T16:57:13+00:00,unresolved,activity_gap_and_other_conditions_unverified,0,False,,,,,
uniswap-v4,0x438527b46ef5168eb4476105a6be0a32068f4d92d8a790857785745b3906991d,2026-09-20T16:57:15+00:00,unresolved,activity_gap_and_other_conditions_unverified,0,False,,,,,
uniswap-v4,0xfa413558d4ca8b94eca77521bcb39e7d883cec68ba9ab2149815d7267486aad0,2026-09-20T16:57:23+00:00,unresolved,activity_gap_and_other_conditions_unverified,0,False,,,,,
uniswap-v4,0xe1f85fa5dd336fe500d89b3f593405f80c6dc7c6499d2b7624dda5db104676e3,2026-09-20T17:00:07+00:00,unresolved,activity_gap_and_other_conditions_unverified,0,False,,,,,
uniswap-v4,0xcc2c0fa4d8141a2acf64822f790c8a243b8f11e93c803948e56f17209f7d50dd,2026-09-20T17:00:19+00:00,unresolved,activity_gap_and_other_conditions_unverified,0,False,,,,,
uniswap-v4,0x6678f53f2cdf6ff4a73a71ca3a0e5984551ef635c526fa4f87d0796f647b2dd7,2026-09-20T17:00:25+00:00,unresolved,activity_gap_and_other_conditions_unverified,0,False,,,,,
uniswap-v4,0x67be9ddfb239affbfe9a99544a8e0a813e005979fff149393943c16d1e8b10d4,2026-09-20T17:00:51+00:00,unresolved,activity_gap_and_other_conditions_unverified,0,False,,,,,
uniswap-v4,0x4a8c929aa88de568c2419478edee217d3229936d8317a93b20cb7fb7ccaaf4b0,2026-09-20T17:02:43+00:00,unresolved,activity_gap_and_other_conditions_unverified,1,False,,,,,
uniswap-v4,0x57bce972ac25da644296d362e78af7a8a0fd7522b39dc4faee79b60d806656fc,2026-09-20T17:02:45+00:00,unresolved,activity_gap_and_other_conditions_unverified,0,False,,,,,
uniswap-v4,0xa2f580bdca1ed5e87f5a2a6d2ec25dadbb6ce6d1e2d31e3f46effc79fd37725b,2026-09-20T17:02:45+00:00,unresolved,activity_gap_and_other_conditions_unverified,0,False,,,,,
uniswap-v4,0x3b883740b9b22e31baa4330c34eff4e94193bc48dfb5f66143cfe55245e3d702,2026-09-20T17:02:57+00:00,unresolved,activity_gap_and_other_conditions_unverified,1,False,,,,,
uniswap-v4,0x1ad283361757f8af5ba384dff4e13e77fa4fb002d9861289af25b81c871a23cb,2026-09-20T17:03:01+00:00,unresolved,activity_gap_and_other_conditions_unverified,0,False,,,,,
uniswap-v4,0xf13d69276a1b7b2a73009a7a9ea720643458e7b3c37298f3491ddad0bee74b67,2026-09-20T17:05:01+00:00,unresolved,activity_gap_and_other_conditions_unverified,0,False,,,,,
uniswap-v4,0xaba521b45747f16e2f8c1ecb9e16715a582957b47698d5765152e91128a014d4,2026-09-20T17:06:01+00:00,unresolved,activity_gap_and_other_conditions_unverified,0,False,,,,,
uniswap-v4,0x1f365df207a61788c3a455db6b9b3ad4aa2bc0f625a0027de933e15533a2b053,2026-09-20T17:06:25+00:00,unresolved,activity_gap_and_other_conditions_unverified,0,False,,,,,
uniswap-v4,0xf8cbeaff17af41aa9a0c954bff57d392bd3b349b6238cbae5823b22832b3e174,2026-09-20T17:06:29+00:00,unresolved,activity_gap_and_other_conditions_unverified,0,False,,,,,
uniswap-v4,0xdfe4f8d727df6ce9f9811399f4d50afe3783ef5eb2e6d285105716622b628a5d,2026-09-20T17:06:51+00:00,unresolved,activity_gap_and_other_conditions_unverified,0,False,,,,,
uniswap-v4,0xe689168700a63e456d86163c45a13674e12e3afa1fec20850f7cc4741fc5e8bd,2026-09-20T17:07:07+00:00,unresolved,activity_gap_and_other_conditions_unverified,0,False,,,,,
uniswap-v4,0x93c35225c48c01992a2ac8d7596d3c838fe0b420c3cb943d522dac4a2bb55ce5,2026-09-20T17:07:37+00:00,unresolved,activity_gap_and_other_conditions_unverified,0,False,,,,,
uniswap-v4,0x4cd60d60a5822df4064b95a3677c3838ad1c8f72779f9e1bd2f768fbad6b5a59,2026-09-20T17:08:09+00:00,unresolved,activity_gap_and_other_conditions_unverified,0,False,,,,,
uniswap-v4,0x5e5c70841ed0bdd362d2052b4f863bf04dc7822c2450936f9a2a8fb85e106767,2026-09-20T17:08:39+00:00,unresolved,activity_gap_and_other_conditions_unverified,0,False,,,,,
uniswap-v3,0x412a5c209d281b7fcf89293bec6159b7e67905fc,2026-09-20T17:09:43+00:00,excluded,no_remaining_lp_principal,2,True,,,,,
uniswap-v4,0x7f654a7a55cc4fbf7d40a4448d401a342e90fa9cc2cc62d7257ee5ff27f26da0,2026-09-20T17:09:51+00:00,unresolved,activity_gap_and_other_conditions_unverified,0,False,,,,,
uniswap-v4,0x8b905362d8631b502b6d2090ba64b9f8c1effa5e44724176844433bffd9dbdf0,2026-09-20T17:10:25+00:00,unresolved,activity_gap_and_other_conditions_unverified,0,False,,,,,
uniswap-v4,0xa7544de1e4b89991afb4bc3d1ba1b64e44a04cb722d79d1d867c0283ce5cd030,2026-09-20T17:10:37+00:00,unresolved,activity_gap_and_other_conditions_unverified,0,False,,,,,
uniswap-v4,0xaf278fa975161920481ab78fe88955f97c034ef9717f2b404c74894df6c78efd,2026-09-20T17:10:41+00:00,unresolved,activity_gap_and_other_conditions_unverified,0,False,,,,,
uniswap-v4,0x50dfe6111e5cbf82e7c4e36e478731201591b46b07b108f33d440bffd24164be,2026-09-20T17:12:07+00:00,unresolved,activity_gap_and_other_conditions_unverified,15,False,,,,,
uniswap-v4,0xa8e0dfe935cf535639c3892031f8dd0ff8f1932b1a073ea0d13361275ccf3ad5,2026-09-20T17:12:11+00:00,unresolved,activity_gap_and_other_conditions_unverified,0,False,,,,,
uniswap-v4,0x266f6f6683852dc005424706ba68ba6151ef8251e31fcdb296bdaaa32b104a29,2026-09-20T17:12:13+00:00,unresolved,activity_gap_and_other_conditions_unverified,0,False,,,,,
uniswap-v4,0xfbefe537e6d9c1e2e02418f3f52245536435536e01172b9cbeb0896b2d5ad7be,2026-09-20T17:12:31+00:00,unresolved,activity_gap_and_other_conditions_unverified,25,False,,,,,
uniswap-v4,0x43fcd05fbd7b0816a784a36ca2bee53f9f5f38408724744e38426b50aebeec50,2026-09-20T17:12:31+00:00,unresolved,activity_gap_and_other_conditions_unverified,0,False,,,,,
uniswap-v4,0x9286285f8ed44ebda86f62f8ab8bffd01cf37b7a4dbcacd3615b2cd587598260,2026-09-20T17:12:35+00:00,unresolved,activity_gap_and_other_conditions_unverified,0,False,,,,,
uniswap-v4,0xca90c51ee4f6bde99080db48a939002a427158ec0317858caa21e24b128d1058,2026-09-20T17:13:25+00:00,unresolved,activity_gap_and_other_conditions_unverified,1,False,,,,,
uniswap-v4,0xc224ce1c530a02846ae096c8096f7c2f18515115752c2e3f680ad142878e1bdf,2026-09-20T17:13:29+00:00,unresolved,activity_gap_and_other_conditions_unverified,0,False,,,,,
uniswap-v3,0x01af5f11e49782ad17c043e333c3d6d8a08e3e98,2026-09-20T17:14:01+00:00,excluded,no_remaining_lp_principal,1,True,,,,,
uniswap-v3,0x5099fe188f373acdb4d480d1904639c76e186f51,2026-09-20T17:14:49+00:00,excluded,positive_lp_share_withdrawal_succeeded,1,True,,,,,
uniswap-v4,0xf06d1fc0bc8bd4c8abdd8dcb7cbf607fcfd6c01d5ba6a07100e3f11cccb9ea6b,2026-09-20T17:15:15+00:00,unresolved,activity_gap_and_other_conditions_unverified,0,False,,,,,
uniswap-v4,0x54b93642e160dbae11532a2f70055388c20f2314dea54181d38727b251af4783,2026-09-20T17:15:27+00:00,unresolved,activity_gap_and_other_conditions_unverified,202,False,,,,,
uniswap-v4,0x69eb9816f6993c1547ba881aa76aa7cb9541f7cd82845e85d7f5aa10126c1c2f,2026-09-20T17:15:37+00:00,unresolved,activity_gap_and_other_conditions_unverified,0,False,,,,,
uniswap-v4,0x758f403318b3feab6e6e37bde0fe047b064e5b9817a7b5df3d1b402cb2bf608c,2026-09-20T17:15:41+00:00,unresolved,activity_gap_and_other_conditions_unverified,0,False,,,,,
uniswap-v4,0x6804a07ca2c5a2c15a4e74f831783661a5905043eec94e5eaceb6398bb3c5c68,2026-09-20T17:15:41+00:00,unresolved,activity_gap_and_other_conditions_unverified,1,False,,,,,
uniswap-v4,0x5ca081911d421db6ca748987f2daaaa71c3e1218e4914b58fcf2b4d30cd0f4d8,2026-09-20T17:15:43+00:00,unresolved,activity_gap_and_other_conditions_unverified,3,False,,,,,
uniswap-v4,0x5880c28bad64ffdf892199fa62b889cba0901559376af7aaeaf4dd2b621339c8,2026-09-20T17:15:45+00:00,unresolved,activity_gap_and_other_conditions_unverified,0,False,,,,,
uniswap-v4,0x81154e3d8aa27b1cb11e731fbe2ded3e0bdaef80c132ec11a25d169393ff83e3,2026-09-20T17:15:53+00:00,unresolved,activity_gap_and_other_conditions_unverified,0,False,,,,,
uniswap-v4,0x07fa5efafdebc1ffb992568b40e2bdc6e54356d6f80a3752f339d52702708c5d,2026-09-20T17:16:15+00:00,unresolved,activity_gap_and_other_conditions_unverified,0,False,,,,,
uniswap-v4,0x2bad776dc72dfad70f3e0ece01802b1e0a80af67810d62e531f011851d64bc47,2026-09-20T17:16:19+00:00,unresolved,activity_gap_and_other_conditions_unverified,0,False,,,,,
uniswap-v4,0xebf679fde8b509f564a511a3844892fa505a262e2eb3e7dba8e474391c7911cd,2026-09-20T17:16:37+00:00,unresolved,activity_gap_and_other_conditions_unverified,0,False,,,,,
uniswap-v4,0xe2f1d67368bd5ef4243126dde79f878be6c422e5e67ddafa0de5c4456d3002a9,2026-09-20T17:16:43+00:00,unresolved,activity_gap_and_other_conditions_unverified,9,False,,,,,
uniswap-v4,0xcb32822a825661dd6c0854252c9a46bb5f33a67b3f9a337d51fc7d719f4d5f64,2026-09-20T17:17:17+00:00,unresolved,activity_gap_and_other_conditions_unverified,0,False,,,,,
uniswap-v4,0x74fc1fd2d87e4638495e82d3a262930ad4be96293109aff63e5e5517aedbcae5,2026-09-20T17:17:37+00:00,unresolved,activity_gap_and_other_conditions_unverified,2,False,,,,,
uniswap-v4,0x70e17d04d2e472e6af72917152c13692be7b31ed5a0e92338c640f62caabf873,2026-09-20T17:17:41+00:00,unresolved,activity_gap_and_other_conditions_unverified,0,False,,,,,
uniswap-v4,0x63090251468d320773767b4d1c853197848765a35f0ef2a5e05fcf48bda1bb25,2026-09-20T17:18:21+00:00,unresolved,activity_gap_and_other_conditions_unverified,197,False,,,,,
uniswap-v3,0x7f74c2179180260b3aad42c5a27687cf28151239,2026-09-20T17:18:31+00:00,excluded,no_swap_in_complete_creation_to_snapshot_history,0,True,,,,,
uniswap-v4,0x2fc7fa20b5b9a3cb57ed3b7ea4327a0a73d2e78b62485bb6649a4d355f829b21,2026-09-20T17:18:53+00:00,unresolved,activity_gap_and_other_conditions_unverified,0,False,,,,,
uniswap-v3,0xd3d8e9ab6af373fae741b0eb927ed9a0137b3123,2026-09-20T17:20:17+00:00,unresolved,token_lp_or_usd_conditions_unverified,30,True,,,,,
uniswap-v4,0x883fcb6aff3b6de9c815dfe0d1f89959b552f763f5e3f6581fa771d65145bb5b,2026-09-20T17:20:25+00:00,unresolved,activity_gap_and_other_conditions_unverified,0,False,,,,,
uniswap-v4,0x909a929d3b0066be00663dfc590dfdbbe52baaf0098e42c1220ec6f3a116c316,2026-09-20T17:21:13+00:00,unresolved,activity_gap_and_other_conditions_unverified,126,False,,,,,
uniswap-v4,0xf5b0ac54d81ba43896a8e4d9dd2ade436f3de1d65d71eb22ddd7474aa1207c33,2026-09-20T17:21:15+00:00,unresolved,activity_gap_and_other_conditions_unverified,0,False,,,,,
uniswap-v4,0xf17d62730b71c70ba7c9748c881ed8e5d108f38bc0d4da25f671671a753ad9f0,2026-09-20T17:21:19+00:00,unresolved,activity_gap_and_other_conditions_unverified,1,False,,,,,
uniswap-v4,0x6e0af0e987ce856049eca593b00a6346f341ffd08d68032e064bb94ef7b2f18a,2026-09-20T17:21:35+00:00,unresolved,activity_gap_and_other_conditions_unverified,129,False,,,,,
uniswap-v4,0x000d7f003acba35366f47a6ed24f25f527e04aaac93d357a44cfdb908faac443,2026-09-20T17:21:39+00:00,unresolved,activity_gap_and_other_conditions_unverified,0,False,,,,,
uniswap-v4,0x47ae43be9f2090fa26ba84133ef706cf78e86a5079ec8f89eec51bc341b29809,2026-09-20T17:21:53+00:00,unresolved,activity_gap_and_other_conditions_unverified,30,False,,,,,
uniswap-v4,0x4f54e3a11dd59125ca2f905a6ddd9dee7bed6a9ceac41c04b2994ce94abb17cb,2026-09-20T17:21:57+00:00,unresolved,activity_gap_and_other_conditions_unverified,0,False,,,,,
uniswap-v4,0xda97981c4d8c66efd3944154d64d2ccae2661e4853bbacff93713f1b451519b7,2026-09-20T17:22:03+00:00,unresolved,activity_gap_and_other_conditions_unverified,0,False,,,,,
uniswap-v4,0xace059e45616d53be8fc27dc5480eafb88eb3f83c07a25b80854c44bd491aa08,2026-09-20T17:22:23+00:00,unresolved,activity_gap_and_other_conditions_unverified,0,False,,,,,
uniswap-v4,0x7c3787905c158dbb77d7088856bd75778daf8593074dcd5ad4cb4eb72c7bf79e,2026-09-20T17:22:35+00:00,unresolved,activity_gap_and_other_conditions_unverified,5,False,,,,,
uniswap-v4,0xf63fb82c648820e8133f196f5cfea86d5bd08139c81839e6397caa5a9939e793,2026-09-20T17:23:43+00:00,unresolved,activity_gap_and_other_conditions_unverified,0,False,,,,,
uniswap-v4,0x7687cf89b5569988dfe92e07e44121acae9df596b89a63712757dfa093817f1f,2026-09-20T17:25:03+00:00,unresolved,activity_gap_and_other_conditions_unverified,3,False,,,,,
uniswap-v4,0x7a46cafc4ef92a0c50b7540c0764e93ec3ef0363a8eacc63c1683ac37585af5c,2026-09-20T17:25:05+00:00,excluded,positive_lp_share_withdrawal_succeeded,2,False,,,,,
uniswap-v4,0x7bca8ad062b7dd91a7818c78160415a2f72b0d60c5912db4088c3ecf4867d5e6,2026-09-20T17:25:25+00:00,unresolved,activity_gap_and_other_conditions_unverified,2,False,,,,,
uniswap-v3,0xbde9874a7f5d054391eb3a43e172f86e5e2a3e3a,2026-09-20T17:25:59+00:00,unresolved,token_lp_or_usd_conditions_unverified,2,True,,,,,
uniswap-v4,0x956a776ed35cdf12baeddfe5134386d09eee16cefedd239aaef57290392ba6b0,2026-09-20T17:27:13+00:00,unresolved,activity_gap_and_other_conditions_unverified,1,False,,,,,
uniswap-v4,0x80521a5e7a918c83ada1ef5bd64fdd95cef0e30ad8b8054cbbb9695b4de350f3,2026-09-20T17:27:33+00:00,unresolved,activity_gap_and_other_conditions_unverified,130,False,,,,,
uniswap-v4,0x76c65279538ccc35def11d10505ada47e281ff2570c43126197c2d34eacf0c5e,2026-09-20T17:27:37+00:00,unresolved,activity_gap_and_other_conditions_unverified,0,False,,,,,
uniswap-v4,0x3baceaa2431645f5f76b8c1a1849bcc4897ab1a1be85215ad7c740d49da27d61,2026-09-20T17:28:27+00:00,unresolved,activity_gap_and_other_conditions_unverified,0,False,,,,,
uniswap-v4,0xa2aaff7f63c8da7e351aad2dcd6aa00a4b9cce425ef8286080db7e582e93ee82,2026-09-20T17:29:29+00:00,unresolved,activity_gap_and_other_conditions_unverified,0,False,,,,,
uniswap-v4,0x336192d30de49617417c8fe581b0e7c1ac4f8b0594c2cfbc3c701d0733f01296,2026-09-20T17:30:19+00:00,unresolved,activity_gap_and_other_conditions_unverified,1,False,,,,,
uniswap-v4,0x6b3857c15dd97d06416e9231d7d1e7ec3a4cbdbc1561b9ca0f62c43ce2c4ad84,2026-09-20T17:30:37+00:00,unresolved,activity_gap_and_other_conditions_unverified,256,False,,,,,
uniswap-v4,0xb52da3f9d7d4d4cb9a03f3cc9e61e0e90abc64f2acfaeb8091b8f3f980a214b6,2026-09-20T17:30:37+00:00,unresolved,activity_gap_and_other_conditions_unverified,179,False,,,,,
uniswap-v4,0xb73a36bfacedae199a0eea93c0f66b9216ee80e21c7c5289bbb6f5ce3612dd26,2026-09-20T17:31:19+00:00,unresolved,activity_gap_and_other_conditions_unverified,0,False,,,,,
uniswap-v4,0xbefbc5d4cf5ed35ddc52a1997ca607194254a1825bba54c21703a4f7437d0c92,2026-09-20T17:32:19+00:00,unresolved,activity_gap_and_other_conditions_unverified,0,False,,,,,
uniswap-v4,0xec2342be520789abb80a978205f1fa15a9d69a197444b90e2cf67d7321762ace,2026-09-20T17:32:31+00:00,unresolved,activity_gap_and_other_conditions_unverified,3,False,,,,,
uniswap-v4,0x7c1b257fdad564174d76a4660911dd4bc9d43c9fdc1507d73fe10f02e841ec65,2026-09-20T17:32:37+00:00,unresolved,activity_gap_and_other_conditions_unverified,2,False,,,,,
uniswap-v4,0x3e119264db831d76d099603d54b5f442dd43ce133e9fcb598d5f9b753ed3c19e,2026-09-20T17:32:41+00:00,unresolved,activity_gap_and_other_conditions_unverified,0,False,,,,,
uniswap-v4,0x39a3845957be2449cbe9dbbc7d5c312aa3fd6132953ebc4dc1e1bafc13ca8e95,2026-09-20T17:32:49+00:00,unresolved,activity_gap_and_other_conditions_unverified,0,False,,,,,
uniswap-v4,0xb767e81892d4f8df98091b6ffc8cb519f6adad6c6b2b8262346914d95f3fbdb2,2026-09-20T17:33:13+00:00,unresolved,activity_gap_and_other_conditions_unverified,0,False,,,,,
uniswap-v4,0x62e0aade9d915a6acf5922f35ea1eed8ff3aa6e023bf02477e6d829f30c7088c,2026-09-20T17:33:17+00:00,unresolved,activity_gap_and_other_conditions_unverified,0,False,,,,,
uniswap-v4,0x272fa1f456fb9801a1f5d9312a6ba72e6017c8efd3fa6208f95f800c88a53561,2026-09-20T17:34:31+00:00,unresolved,activity_gap_and_other_conditions_unverified,0,False,,,,,
uniswap-v4,0xbf327532b7baf36246030a328e778b2a65deccb0db4aec8f5bc3086549a209d2,2026-09-20T17:36:07+00:00,unresolved,activity_gap_and_other_conditions_unverified,0,False,,,,,
uniswap-v4,0x4f2aefb22298fd27ce1e35f899584a47ca3af6ed1077b0f731baa6112d9515cf,2026-09-20T17:37:31+00:00,unresolved,activity_gap_and_other_conditions_unverified,1,False,,,,,
uniswap-v4,0xfc2c422c9e3e4bc361ea74fbeef6fcd1d66ba9a38feb7cc01af10bc85fbe279d,2026-09-20T17:38:37+00:00,unresolved,activity_gap_and_other_conditions_unverified,0,False,,,,,
uniswap-v4,0xfb00c120fd12eab0fe8d9e8c59f9525d4d3dc19c60d2f0900fb20f097cbca20c,2026-09-20T17:38:41+00:00,unresolved,activity_gap_and_other_conditions_unverified,0,False,,,,,
uniswap-v4,0x3ab8111f864fd731f8a9fa3b46c0acf762d3fceba0d308cf1844528b59ea220f,2026-09-20T17:38:57+00:00,unresolved,activity_gap_and_other_conditions_unverified,0,False,,,,,
uniswap-v4,0xcd1e800a176f22cf99ee6934a359a4f29f376a55363a9bc32764f0b8db45835f,2026-09-20T17:39:01+00:00,unresolved,activity_gap_and_other_conditions_unverified,0,False,,,,,
uniswap-v4,0xa7fa1eb107a3e293e59f467977789a4ca6a39f70cf55289a1ef13505142d1f42,2026-09-20T17:39:05+00:00,unresolved,liquidity_history_gap,1,False,,,,,
uniswap-v4,0x8767eb7a7340cbcb5c3ad8e5e6cc05436348ea2ddd7cfc08a9d57dea67784387,2026-09-20T17:39:21+00:00,unresolved,activity_gap_and_other_conditions_unverified,1,False,,,,,
uniswap-v4,0x30dd742698e9e0f4a6915c2fd93d5fc8b30b28b58c17d1f868b84c787304f08b,2026-09-20T17:39:55+00:00,unresolved,activity_gap_and_other_conditions_unverified,1,False,,,,,
uniswap-v4,0xb1063f0312b3cf2f147fc02b165d785e430b5dcdeda8443e2cc6bc11216e7fed,2026-09-20T17:40:07+00:00,unresolved,activity_gap_and_other_conditions_unverified,0,False,,,,,
uniswap-v4,0x294d4fdf330b80af2247cbe184864334fe6219263fe3ba2d69f9237f86eaaa5b,2026-09-20T17:40:07+00:00,unresolved,activity_gap_and_other_conditions_unverified,0,False,,,,,
uniswap-v3,0x1e861bf59f247e5fa469d42ebe45745fdee04921,2026-09-20T17:40:11+00:00,excluded,positive_lp_share_withdrawal_succeeded,33,True,,,,,
uniswap-v4,0x840de9f87d9b17334567804998fdc28e58f61cd4f2a27ecd51c292c3b83ab801,2026-09-20T17:42:13+00:00,unresolved,activity_gap_and_other_conditions_unverified,4,False,,,,,
uniswap-v4,0xfcedf277935da83e8c31a67eb17ce795436a7b03d602512fae7be589fa7c9b1f,2026-09-20T17:42:17+00:00,unresolved,activity_gap_and_other_conditions_unverified,10,False,,,,,
uniswap-v4,0x5ac082e8dea21f79e6a382feedbea823bd2535f0ff58e19f5081582039584d37,2026-09-20T17:42:35+00:00,unresolved,activity_gap_and_other_conditions_unverified,5,False,,,,,
uniswap-v4,0xb69dca8abdafb4bcc86251e42a2bda0a17ed46ee37dab2700d58c076ef98b97a,2026-09-20T17:42:47+00:00,unresolved,activity_gap_and_other_conditions_unverified,220,False,,,,,
uniswap-v4,0x290cab9f9f7e7863e478da4062634358c22cbf3ae18a74e4370fe4fd6eb6e44e,2026-09-20T17:42:47+00:00,unresolved,activity_gap_and_other_conditions_unverified,0,False,,,,,
uniswap-v4,0x45dfa7aef6e51ad6bcd7bba0ccaac195c97de41a4e601d64eb754ce6956af1b1,2026-09-20T17:43:05+00:00,unresolved,activity_gap_and_other_conditions_unverified,0,False,,,,,
uniswap-v4,0x73496127b7c3d8ece9e4f08ccbf03f7eef4bf1e1f69cb1763bea111fa700d81a,2026-09-20T17:44:27+00:00,unresolved,activity_gap_and_other_conditions_unverified,0,False,,,,,
uniswap-v4,0xe0c8ac03c2d8d1678075bd3d8751809035aad12a4bb118444a091f055f7693e4,2026-09-20T17:45:15+00:00,unresolved,activity_gap_and_other_conditions_unverified,1,False,,,,,
uniswap-v4,0x2db3fa8fbf49d5b9738eb1ea73fd97815dcf13390520cecfe7301873cde977eb,2026-09-20T17:45:15+00:00,unresolved,activity_gap_and_other_conditions_unverified,1,False,,,,,
uniswap-v4,0xb826812fdf29f811867d5ceb0cea20c9960dc942b9ef1e85e277e815d1f5f1fb,2026-09-20T17:45:45+00:00,unresolved,activity_gap_and_other_conditions_unverified,0,False,,,,,
uniswap-v4,0x6d574214aae2e69ce389cb504d94c5566233bc9c8c33e49919a8fe8c059a6c7e,2026-09-20T17:45:53+00:00,unresolved,activity_gap_and_other_conditions_unverified,271,False,,,,,
uniswap-v4,0x9cb931a214f3ab798fecea62bde5b56bf29ec158e75f2a1d30069bf03d85e05c,2026-09-20T17:48:35+00:00,unresolved,activity_gap_and_other_conditions_unverified,1,False,,,,,
uniswap-v4,0xef0b442e335fad7eb43374af394b1b5f870123d2f36f3868373cc950de015cd7,2026-09-20T17:50:45+00:00,unresolved,activity_gap_and_other_conditions_unverified,0,False,,,,,
uniswap-v3,0xb23b5a44d5fbe31c86f08794ad77a053ee73c200,2026-09-20T17:50:55+00:00,excluded,no_swap_in_complete_creation_to_snapshot_history,0,True,,,,,
uniswap-v4,0xf5af6f3b087717dc682102b2c4773dc34845c1fff1a15ddaf48feb5e82019d07,2026-09-20T17:51:05+00:00,unresolved,activity_gap_and_other_conditions_unverified,0,False,,,,,
uniswap-v4,0x9fbbc7f41e7f090bc2262ee5760985f027eece6c156b7b8b690f43b7b2ac0835,2026-09-20T17:51:29+00:00,unresolved,activity_gap_and_other_conditions_unverified,0,False,,,,,
uniswap-v4,0x78e3e0b2e6b60dd3f6b63e83575779b938254829b509ee43e68f70387d6c86c1,2026-09-20T17:51:47+00:00,unresolved,activity_gap_and_other_conditions_unverified,0,False,,,,,
uniswap-v4,0x3e1cc627b025d041e5e90683971b9a65e406e9e038163078beaf6dc6e9deb09d,2026-09-20T17:51:55+00:00,unresolved,activity_gap_and_other_conditions_unverified,0,False,,,,,
uniswap-v4,0x95973ca3f01bb6ab512df3d8107ca8f9f2bc14d07cb161212287f7e25f58831f,2026-09-20T17:51:59+00:00,unresolved,activity_gap_and_other_conditions_unverified,0,False,,,,,
uniswap-v4,0xdfc4124b2ac1a0eb085280291bc191f8591594eabed313c8fe6f3ac1cca45765,2026-09-20T17:52:25+00:00,unresolved,activity_gap_and_other_conditions_unverified,151,False,,,,,
uniswap-v4,0xcab99a49ff63d50ba12cc79fee2d44463453c2de2e4b725e768f72341a99a762,2026-09-20T17:52:29+00:00,unresolved,activity_gap_and_other_conditions_unverified,0,False,,,,,
uniswap-v4,0x57b9b0efd30fbfab54074a5797bbc79cc02a6ccd982d5798e970fbe61dd15a9c,2026-09-20T17:52:29+00:00,unresolved,activity_gap_and_other_conditions_unverified,5,False,,,,,
uniswap-v4,0x9643e253c6414bd5ea9927e6ca6e1e9a69d47d2c66ea98878765720b878369ec,2026-09-20T17:53:11+00:00,unresolved,activity_gap_and_other_conditions_unverified,0,False,,,,,
uniswap-v4,0xbe3b349b06f6722da84da3c64828d4d05ecec26805669f0c3075635017b648ce,2026-09-20T17:53:21+00:00,unresolved,activity_gap_and_other_conditions_unverified,0,False,,,,,
uniswap-v4,0x5a5845ddfab57c902f0c049c3baf1cdfa0cf61ed44f1452caeccd837c9f7a6b2,2026-09-20T17:53:23+00:00,unresolved,activity_gap_and_other_conditions_unverified,0,False,,,,,
uniswap-v4,0x2ca7b863f736c8c620c9809107b5e7bab074d4720c33a9d3073586d72ac1fe0f,2026-09-20T17:53:33+00:00,unresolved,activity_gap_and_other_conditions_unverified,0,False,,,,,
uniswap-v4,0x0e3d1d3e4d47f1597de9e8290ac5ec1a25de32b796790e4286c01e2d7e021d6c,2026-09-20T17:53:49+00:00,unresolved,activity_gap_and_other_conditions_unverified,151,False,,,,,
uniswap-v4,0x0f788ceb1c058fb7633ef4d5653d6734c4dc0ffa0ea8fb5d9d2a7a90305af4e5,2026-09-20T17:53:53+00:00,unresolved,activity_gap_and_other_conditions_unverified,0,False,,,,,
uniswap-v4,0xad923fdbf41d18142ae592dd9883240d1f4c579b6290925823582435c66c8914,2026-09-20T17:53:55+00:00,unresolved,activity_gap_and_other_conditions_unverified,0,False,,,,,
uniswap-v4,0x78d71101450890af20444bbd1deb50f5cdcfbe0a6a95b9910da9a0ea0700be5a,2026-09-20T17:54:09+00:00,unresolved,activity_gap_and_other_conditions_unverified,0,False,,,,,
uniswap-v4,0x84e9e6c91c7da21d1d7a6714e11541511565e87f8c349f93a5bdb0d0b544a032,2026-09-20T17:54:55+00:00,unresolved,activity_gap_and_other_conditions_unverified,165,False,,,,,
uniswap-v4,0x22dc105119c61b96d1d1dc6047d13866fe8770247fb451f1da0deee5f38f2446,2026-09-20T17:55:39+00:00,unresolved,activity_gap_and_other_conditions_unverified,0,False,,,,,
uniswap-v4,0xdc97ce4a2b47c275e0c8cdb871dd1d80182cd7fa2e7884516dd605a613938571,2026-09-20T17:55:51+00:00,unresolved,activity_gap_and_other_conditions_unverified,0,False,,,,,
uniswap-v4,0xa9d6dcbad64c35d262d6b9dc1cf2e58a1e4bb7e8e82093cf89177138897b3877,2026-09-20T17:55:57+00:00,unresolved,activity_gap_and_other_conditions_unverified,0,False,,,,,
uniswap-v4,0x5dad51fca80f45afc078c14e0b72dc964265f71432ced8146a7492e5b6b69794,2026-09-20T17:55:57+00:00,unresolved,activity_gap_and_other_conditions_unverified,0,False,,,,,
uniswap-v4,0x1298596c0dd44a2fbd00d6a1a49cb90c011cbfaa5ef277eacd2a9c01386b5afa,2026-09-20T17:56:17+00:00,unresolved,activity_gap_and_other_conditions_unverified,4,False,,,,,
uniswap-v4,0xb9885036527300bf1038a7e3fa33e92697953a84c8fd08145d888d2a16cc526d,2026-09-20T17:56:39+00:00,unresolved,activity_gap_and_other_conditions_unverified,0,False,,,,,
uniswap-v4,0x9133a65c3afab9d561beca68129831245405dc3a105ec7bbdfbbbdd2553da608,2026-09-20T17:56:43+00:00,unresolved,activity_gap_and_other_conditions_unverified,0,False,,,,,
uniswap-v4,0x7aadf04bfe6b06614ba9c869565a868cc32e958ec0d1a0eb1ae6f12e9f579283,2026-09-20T17:56:43+00:00,unresolved,activity_gap_and_other_conditions_unverified,0,False,,,,,
uniswap-v4,0x399f74e88025b93070bff1a730ea2db610af30fdb0daef857b3fb4e8e2e7fd7e,2026-09-20T17:57:13+00:00,unresolved,activity_gap_and_other_conditions_unverified,1,False,,,,,
uniswap-v4,0x2ea161de43623b759e242761ac40244e649728a8e32e3d575115dd5bbded8eea,2026-09-20T17:57:29+00:00,unresolved,activity_gap_and_other_conditions_unverified,0,False,,,,,
uniswap-v4,0xb2dbbad1148e50e6ea80d9c4b01124c0d24f3a48e29f6be9fef629059c7095e1,2026-09-20T17:57:33+00:00,unresolved,activity_gap_and_other_conditions_unverified,0,False,,,,,
uniswap-v4,0xbbdf04f0ef4fa66964c3806264dd973b745e66253db495bb2b8b22948cb1df52,2026-09-20T17:57:35+00:00,unresolved,activity_gap_and_other_conditions_unverified,0,False,,,,,
uniswap-v4,0x22d48104a5447831e2acb99eb522207740050d2268c4a28c31c897b69e4bb279,2026-09-20T17:58:23+00:00,unresolved,activity_gap_and_other_conditions_unverified,0,False,,,,,
uniswap-v4,0xdad325ef4ac716381bd825d94a061ffa27f6319365d6b92fde5f6a54b621b502,2026-09-20T18:00:23+00:00,unresolved,activity_gap_and_other_conditions_unverified,1,False,,,,,
uniswap-v4,0xa151be86b91cf1967c9c00bc30598ff74b0749dad0685b509c455db3d78c2f5e,2026-09-20T18:00:35+00:00,unresolved,activity_gap_and_other_conditions_unverified,0,False,,,,,
uniswap-v4,0x4359ba480d9354dec57423d36a2569f1233be413e8d01e6b50470ce0c3c5bde1,2026-09-20T18:00:35+00:00,unresolved,activity_gap_and_other_conditions_unverified,0,False,,,,,
uniswap-v4,0x0856973150ee12f0d364074974d3021ee706dd58d127334d5cb1f4033ed2ffe4,2026-09-20T18:00:39+00:00,unresolved,activity_gap_and_other_conditions_unverified,0,False,,,,,
uniswap-v4,0xbf42808d79973d91452ed2b18594df52799e94ec7cb5f1b38dfe295606de9565,2026-09-20T18:00:41+00:00,unresolved,activity_gap_and_other_conditions_unverified,0,False,,,,,
uniswap-v4,0xf283d9591444fb94ccc64cf216dbde7216fe6f810da6164a792d48ec4e7ad313,2026-09-20T18:00:43+00:00,unresolved,activity_gap_and_other_conditions_unverified,0,False,,,,,
uniswap-v4,0x37c6c36e3638de689844ba07be4ef81f29f0c83a9d049e8ae9f72bd63961398c,2026-09-20T18:01:17+00:00,unresolved,activity_gap_and_other_conditions_unverified,205,False,,,,,
uniswap-v4,0x336b1cb4a76a423d5fa50a262fd826b09d58800a6ae2b9c6d8847d0c2f3df839,2026-09-20T18:01:29+00:00,unresolved,activity_gap_and_other_conditions_unverified,0,False,,,,,
uniswap-v4,0x852ddfee2a107b6dd4440273c72d55ae5e01ada8f58a6076f020b241bb3bbee6,2026-09-20T18:02:35+00:00,unresolved,activity_gap_and_other_conditions_unverified,2,False,,,,,
uniswap-v3,0xe34b0e910c465ad9570d57827fa156bace8d78b9,2026-09-20T18:02:35+00:00,unresolved,token_lp_or_usd_conditions_unverified,2,True,,,,,
uniswap-v4,0x362f46d0bf6d7df53ad29b895d082bd1573ae7fa9cba8d41a93327c9f6d95250,2026-09-20T18:02:37+00:00,unresolved,activity_gap_and_other_conditions_unverified,5,False,,,,,
uniswap-v4,0xaa6f79c04019f0ccd19155548d90cc16809d39ca4eaf5a25f820e1e20271de7c,2026-09-20T18:02:39+00:00,unresolved,activity_gap_and_other_conditions_unverified,0,False,,,,,
uniswap-v4,0x8d9a934f4cc1c1e5d6c15d71a461db6f339a2b6a172690373d748281185403d0,2026-09-20T18:02:45+00:00,unresolved,activity_gap_and_other_conditions_unverified,0,False,,,,,
uniswap-v4,0x85dc02eb17b1af7d0ea9cbe2fe8d4f6cbaa15ed0d7480fc6c4720fe3d38c8711,2026-09-20T18:04:29+00:00,unresolved,activity_gap_and_other_conditions_unverified,0,False,,,,,
uniswap-v4,0x04f5abfbc04431574ddccfb53658e7b7f80160b2a7c37aed9be0f96450e9d82b,2026-09-20T18:04:29+00:00,unresolved,activity_gap_and_other_conditions_unverified,0,False,,,,,
uniswap-v4,0x32c4758c25499466135365bf039dea039c283b823bbcb98826c7f325f48cda80,2026-09-20T18:04:33+00:00,unresolved,activity_gap_and_other_conditions_unverified,0,False,,,,,
uniswap-v4,0x4a48d30b5b72c5a22374b5d26b7f5bacbd4661feedf3f84d397f580f76665b61,2026-09-20T18:04:35+00:00,unresolved,activity_gap_and_other_conditions_unverified,0,False,,,,,
uniswap-v4,0x282f2c309c613b06d03c44a67e2cec2e1898553b7aeb68f463f054ca04a089ec,2026-09-20T18:05:17+00:00,unresolved,activity_gap_and_other_conditions_unverified,1,False,,,,,
uniswap-v4,0xe21eeed8e94360aca0c2ccee01251bb07bb24bb7251b5ae4bce099cee103b679,2026-09-20T18:05:41+00:00,unresolved,activity_gap_and_other_conditions_unverified,0,False,,,,,
uniswap-v4,0xbfb44eab43b32c7d9a5f8aa50d2feabf7d7d8c0cc29c4c54e197a5785c538287,2026-09-20T18:05:43+00:00,unresolved,activity_gap_and_other_conditions_unverified,0,False,,,,,
uniswap-v4,0xb2ffe96577e44569c25e7a28a68efcc635a3632e28850ad500a8189588993d5d,2026-09-20T18:06:19+00:00,unresolved,activity_gap_and_other_conditions_unverified,0,False,,,,,
uniswap-v4,0x7f08ae50a77fff8412ca39fe5ce3f398eccfa7f476ce6fa445459c54cb0300ea,2026-09-20T18:06:31+00:00,unresolved,activity_gap_and_other_conditions_unverified,0,False,,,,,
uniswap-v4,0x3b171ab52b747c4e59a04f3805803989e2c1eaaabf5d51406587962f53fe7b2c,2026-09-20T18:06:37+00:00,unresolved,activity_gap_and_other_conditions_unverified,0,False,,,,,
uniswap-v4,0x0f733e6f87f0b2674eee9a5f329049be4641c50188d4f7cab777b819823bdd20,2026-09-20T18:06:41+00:00,unresolved,activity_gap_and_other_conditions_unverified,0,False,,,,,
uniswap-v4,0xee71092c4b9831726e279701fd29a6de49da427c2eba1c5e596e0d7a6f6ecdb3,2026-09-20T18:07:05+00:00,unresolved,activity_gap_and_other_conditions_unverified,165,False,,,,,
uniswap-v4,0x64006898faff53fa76a35d62c93129534d49f381fb03a0b7f71baa755473b5c4,2026-09-20T18:07:59+00:00,unresolved,activity_gap_and_other_conditions_unverified,0,False,,,,,
uniswap-v4,0x9b550b19291da69ecded88caa917f936d6821fc866f176a57d46b4766fb416e3,2026-09-20T18:10:01+00:00,unresolved,activity_gap_and_other_conditions_unverified,1,False,,,,,
uniswap-v4,0x486fc442f685d1aaaad61d37e1bb0fff7585ec2ffec87eb3db784cd7c4dffdb8,2026-09-20T18:10:07+00:00,unresolved,activity_gap_and_other_conditions_unverified,0,False,,,,,
uniswap-v4,0xbe31efd4324d8eb72ea8641eff1de7b7a8ee1f3cd4bb00d4df7122944a6f5a8b,2026-09-20T18:10:11+00:00,unresolved,activity_gap_and_other_conditions_unverified,0,False,,,,,
uniswap-v4,0xfd9aa77464c3e0ba52e518555a2f7e625dfe1322c72dd64b9909f8318b9e62de,2026-09-20T18:10:41+00:00,unresolved,activity_gap_and_other_conditions_unverified,0,False,,,,,
uniswap-v4,0x4eed11975a1100d98d4f8936dc607cb8b256de5912b425e92993450d2905e58a,2026-09-20T18:11:43+00:00,unresolved,activity_gap_and_other_conditions_unverified,2,False,,,,,
uniswap-v4,0x59c88f1f9f5f44ad4fdb92fe839cc8507a375b5ab1c64a0ef595b85e02bab800,2026-09-20T18:11:47+00:00,unresolved,activity_gap_and_other_conditions_unverified,0,False,,,,,
uniswap-v4,0x0b3a790eb5be7b9add73799ab403c3618f1fa711e071a1770b869c7335d6b29d,2026-09-20T18:12:13+00:00,unresolved,activity_gap_and_other_conditions_unverified,1,False,,,,,
uniswap-v4,0x8c93ad243a1dbaae375f07b6a9a2bed7696326ac359f3a24dd8a37bff07d7382,2026-09-20T18:12:35+00:00,unresolved,activity_gap_and_other_conditions_unverified,5,False,,,,,
uniswap-v4,0xe6a7447f8c29ee858a895cceef6fe857616c779fde179fbd6f39fd58ac820afa,2026-09-20T18:12:41+00:00,unresolved,activity_gap_and_other_conditions_unverified,0,False,,,,,
uniswap-v4,0xb1f3d1c618dcce1dd48b328cec377935745bda78b5e3467fa594e5416cc67f4e,2026-09-20T18:13:01+00:00,unresolved,activity_gap_and_other_conditions_unverified,1,False,,,,,
uniswap-v4,0x4d57d94f1fae072b671af2ffd10480e13dde948930bd0b6e94d6c8e0b11c70f1,2026-09-20T18:14:09+00:00,unresolved,activity_gap_and_other_conditions_unverified,0,False,,,,,
uniswap-v4,0xa7aae157ab8480e8c48f1977525af111487bd5d9c436101b30da82a66b7f666f,2026-09-20T18:14:43+00:00,unresolved,activity_gap_and_other_conditions_unverified,0,False,,,,,
uniswap-v4,0x691fec0fd4755c93acfc0a4ad6335de1083039147b05f30602acba1f3cfae19c,2026-09-20T18:15:05+00:00,unresolved,activity_gap_and_other_conditions_unverified,2,False,,,,,
uniswap-v4,0xa9f449153ec90e2c9e44ed1ff3e496be95e675a70838b2d7cfba3d613fec341a,2026-09-20T18:15:09+00:00,unresolved,activity_gap_and_other_conditions_unverified,1,False,,,,,
uniswap-v4,0x89c7e6fcb49bdb579229949f613cafd15a48dae1795e1366b970eeb551769c7f,2026-09-20T18:15:15+00:00,unresolved,activity_gap_and_other_conditions_unverified,1,False,,,,,
uniswap-v4,0x898b9978be9faa3b130d690d1325bc093158d7e1411c9c6545d1c04d7bda848f,2026-09-20T18:15:41+00:00,unresolved,activity_gap_and_other_conditions_unverified,23,False,,,,,
uniswap-v4,0x37e3fce946d6b0a74fcfd3408d62566b9fc913b4e9ef0836094e1332ded4795b,2026-09-20T18:16:59+00:00,unresolved,activity_gap_and_other_conditions_unverified,223,False,,,,,
uniswap-v4,0x34b62725932e26f78c1f77641e88d858dbe5f798d6597383c534c04da217b4c0,2026-09-20T18:17:31+00:00,unresolved,activity_gap_and_other_conditions_unverified,1,False,,,,,
uniswap-v4,0xc8ed3775d58c3dcebc8d998b4a8b21a408242b1e5073c5e43d2f3346be75120c,2026-09-20T18:18:07+00:00,unresolved,activity_gap_and_other_conditions_unverified,0,False,,,,,
uniswap-v4,0x5ab907c174bc18e8ab0db5eb1ac2fbc3ef33d59c00ff4fcfbe9018b56deffaae,2026-09-20T18:18:41+00:00,unresolved,activity_gap_and_other_conditions_unverified,0,False,,,,,
uniswap-v4,0x70f1c4d0fa5f73fcddc220f4340f25287448aff482d6da51e7c257a245dc734d,2026-09-20T18:19:53+00:00,unresolved,activity_gap_and_other_conditions_unverified,204,False,,,,,
uniswap-v4,0x82df8229ac85d01937363141cd83137fdc8c39a3aeb46bde4eca81c6fec59ae5,2026-09-20T18:20:51+00:00,unresolved,activity_gap_and_other_conditions_unverified,0,False,,,,,
uniswap-v4,0x2233b80e8a997f3b551a6aa994a25a7f7d7a329f29e85713a463f99c2ca3cc54,2026-09-20T18:20:53+00:00,unresolved,activity_gap_and_other_conditions_unverified,0,False,,,,,
uniswap-v4,0x67e200de15cae2cdf3903b219c8eff1cefa4bb825e405a87d0e77ffa4be00010,2026-09-20T18:22:31+00:00,unresolved,activity_gap_and_other_conditions_unverified,5,False,,,,,
uniswap-v4,0xf69c3543bf28ac6030601083550d5ab3c562692028ea504ccd1397e975f6ca10,2026-09-20T18:24:37+00:00,unresolved,activity_gap_and_other_conditions_unverified,168,False,,,,,
uniswap-v4,0x541c2cfd1905cd3cbf039b39f6a54465e4bd64af49d987b6673a519e39765f88,2026-09-20T18:24:41+00:00,unresolved,activity_gap_and_other_conditions_unverified,0,False,,,,,
uniswap-v4,0x4713c2ab26352ba5c470efb6641920a67fa526386d391f5801fdb63980c4896f,2026-09-20T18:25:33+00:00,unresolved,activity_gap_and_other_conditions_unverified,138,False,,,,,
uniswap-v4,0x8741de768584151f396a399904fc01831a8b2beb04a0e045e0fef51415440a14,2026-09-20T18:25:37+00:00,unresolved,activity_gap_and_other_conditions_unverified,0,False,,,,,
uniswap-v4,0x5a58e030b4d7eb43f14dcd0b1fc64fe9a3da74fda36aa0ef8530c4c9de886c24,2026-09-20T18:25:45+00:00,unresolved,activity_gap_and_other_conditions_unverified,0,False,,,,,
uniswap-v4,0xe501ae9a8df57b8f50566bb0777a0b1d15d1b75acc09009c913408911434db01,2026-09-20T18:26:25+00:00,unresolved,activity_gap_and_other_conditions_unverified,2,False,,,,,
uniswap-v4,0x03ed812e99c07ffc4ea31973a86331bddf6f77b1e55c28d3f24e2e6425b9dfaa,2026-09-20T18:27:09+00:00,unresolved,activity_gap_and_other_conditions_unverified,5,False,,,,,
uniswap-v4,0xde6c6c68e4906d3fdf3687d20f50bdbd7f875209940e11dd789f49d589a02f2c,2026-09-20T18:27:11+00:00,unresolved,activity_gap_and_other_conditions_unverified,1,False,,,,,
uniswap-v4,0x30a7d06567f941678f507e5ee6480d1f16da697b9aa52d028bb024b4a586e7f6,2026-09-20T18:27:13+00:00,unresolved,activity_gap_and_other_conditions_unverified,0,False,,,,,
uniswap-v4,0x5905ff55d645bf5cf158ba7140f1d858bc24ebcf87c4d6adf0f36e17a4009642,2026-09-20T18:27:27+00:00,unresolved,activity_gap_and_other_conditions_unverified,1,False,,,,,
uniswap-v3,0x56adc337b9b2a2ce5b6554ecc2370809fe153267,2026-09-20T18:27:55+00:00,excluded,no_swap_in_complete_creation_to_snapshot_history,0,True,,,,,
uniswap-v4,0x823514c262985f401712533b816f104390ecd0a59def57744b3cf83d23dcf4e6,2026-09-20T18:28:07+00:00,unresolved,activity_gap_and_other_conditions_unverified,0,False,,,,,
uniswap-v4,0x73b68f8ef744e45b638671833504e2530a83099632d0cad005841dc79e057980,2026-09-20T18:28:53+00:00,unresolved,activity_gap_and_other_conditions_unverified,1,False,,,,,
uniswap-v4,0xc0aed3f32e00da8b6e796f5d53e1ee1208eb4749e55e919517234c9c084a837d,2026-09-20T18:28:57+00:00,unresolved,activity_gap_and_other_conditions_unverified,0,False,,,,,
uniswap-v4,0x9af94cf0964a4f5416e5a6bda86c119f85a82a08a224edbe370ca05b58dbf836,2026-09-20T18:29:43+00:00,unresolved,activity_gap_and_other_conditions_unverified,0,False,,,,,
uniswap-v4,0xe32c61948029e7379731006d1a6a6b0aa1ab22830916ce1dd9f35b209f2f84b6,2026-09-20T18:30:19+00:00,unresolved,activity_gap_and_other_conditions_unverified,1,False,,,,,
uniswap-v4,0x993500f30d73207bdf07f0574a1fd89d8ec99bf029677812ec58a2fc2dc2742d,2026-09-20T18:31:21+00:00,unresolved,activity_gap_and_other_conditions_unverified,75,False,,,,,
uniswap-v4,0xb57b7d1c7d71a070e94c0b7c2908e9c119a5a662b262edcb18fa8af76b85cca4,2026-09-20T18:31:25+00:00,unresolved,activity_gap_and_other_conditions_unverified,0,False,,,,,
uniswap-v4,0x0299645c922b5746e23c78ca994f405adca4710e2ba5618734bc5f43a1a54910,2026-09-20T18:32:05+00:00,unresolved,activity_gap_and_other_conditions_unverified,200,False,,,,,
uniswap-v4,0xcacae5a80612224b46b88f089284e559d58389002af817864a5792790bf07235,2026-09-20T18:32:11+00:00,unresolved,activity_gap_and_other_conditions_unverified,236,False,,,,,
uniswap-v4,0xd4f3c004d9ce4fe9b8c7067ac46eef9142683db6a57c6025394d03333c0418fb,2026-09-20T18:32:33+00:00,unresolved,liquidity_history_gap,4,False,,,,,
uniswap-v4,0x7bcfc5e34785726a0f9e58277b4c92c1bfe799e7f225280ba792c47eb812f51c,2026-09-20T18:32:41+00:00,unresolved,activity_gap_and_other_conditions_unverified,0,False,,,,,
uniswap-v4,0xfc1180eae4c10cee6120840f95efe03bcda1dd25969de85b9a4cb4fecb07d7be,2026-09-20T18:32:43+00:00,unresolved,activity_gap_and_other_conditions_unverified,5,False,,,,,
uniswap-v4,0x80ca58b7a79e53b5d61d0d34c967698f60e0ff3c239428a05e3fc4533179ead7,2026-09-20T18:32:45+00:00,unresolved,activity_gap_and_other_conditions_unverified,0,False,,,,,
uniswap-v4,0xeb3024f525eaf6614a4e75e268a6f11c2c9a20d61caa0111e970562e7a2419f8,2026-09-20T18:33:13+00:00,unresolved,activity_gap_and_other_conditions_unverified,0,False,,,,,
uniswap-v4,0x6fb7d321fcc2ce8b6ac5648a72fb87b37c204b04fc7d2c98dd05b29b81178a51,2026-09-20T18:33:17+00:00,unresolved,activity_gap_and_other_conditions_unverified,0,False,,,,,
uniswap-v4,0x2505460f0aaa3bb99a44d70940ba3707dab78078b40a607d8a4b1bf91e4db5f9,2026-09-20T18:33:51+00:00,unresolved,activity_gap_and_other_conditions_unverified,7,False,,,,,
uniswap-v4,0x235d7cb70e7e846344a256e7eba48ec2ec24147c9a8a65c1b0f9c9d20ca5365a,2026-09-20T18:34:55+00:00,unresolved,activity_gap_and_other_conditions_unverified,96,False,,,,,
uniswap-v4,0xe1c2bb6e9696b98bd02f4765c26ff9f7b325d2ddb0dd9a6f73bf4a694f5102fd,2026-09-20T18:34:59+00:00,unresolved,activity_gap_and_other_conditions_unverified,10,False,,,,,
uniswap-v4,0xd7f2975863ec51aa418c35150d6c78259decee51a648aa66176a2ee617ace1d9,2026-09-20T18:34:59+00:00,unresolved,activity_gap_and_other_conditions_unverified,0,False,,,,,
uniswap-v4,0xe6eb26c9682370ea3b5ebeed3e83e4ec322e39eb20e8ec431ac9bb02ef7b0fd1,2026-09-20T18:35:03+00:00,unresolved,activity_gap_and_other_conditions_unverified,0,False,,,,,
uniswap-v4,0x212952c72ea9da62e27b250193d9875e8f8388feaa5ef693eb735e2890b79f1d,2026-09-20T18:35:27+00:00,unresolved,activity_gap_and_other_conditions_unverified,0,False,,,,,
uniswap-v4,0xe395ceee10c740ceb5a802d527b214f05bad0f424e97a698965269e51c12701b,2026-09-20T18:36:41+00:00,unresolved,activity_gap_and_other_conditions_unverified,0,False,,,,,
uniswap-v4,0x181ccdf23c274b55ffb180ec0bc9e9ddb727d5cfabaca8d03d2d537dcf045425,2026-09-20T18:36:45+00:00,unresolved,activity_gap_and_other_conditions_unverified,0,False,,,,,
uniswap-v4,0x196f66bdd898c3ea57670fd81ae507acf0cc1ef49e5a562618f1f05c3ca4fa2b,2026-09-20T18:37:09+00:00,unresolved,liquidity_history_gap,3,False,,,,,
uniswap-v4,0xd5a8c5762853a2e8fd379fdfcf2a8b7aab9efe35b824c561d7865175030aaf2e,2026-09-20T18:38:13+00:00,unresolved,activity_gap_and_other_conditions_unverified,5,False,,,,,
uniswap-v4,0xa1a6b140ad47b6d62f17ba854336fcc1f2de9571d49436857a5794c1292d6aeb,2026-09-20T18:38:37+00:00,unresolved,activity_gap_and_other_conditions_unverified,3,False,,,,,
uniswap-v4,0x3f59a71bff9bcaeb416691b7c878a120dc486325903e09b12d5c3a5c2ad82d55,2026-09-20T18:38:41+00:00,unresolved,activity_gap_and_other_conditions_unverified,0,False,,,,,
uniswap-v4,0x8d450dd93abb7eb56b4f8736ab7c1775a61c2666fac7871e589c4f89f298d82e,2026-09-20T18:38:51+00:00,unresolved,activity_gap_and_other_conditions_unverified,0,False,,,,,
uniswap-v4,0xef83be1dd7456dd2c391152f8d82bdec459523307d82cb0c899b3c4913be56fa,2026-09-20T18:38:55+00:00,unresolved,activity_gap_and_other_conditions_unverified,0,False,,,,,
uniswap-v4,0xff1c8e2e8c4bf4b3cba86bccfefc2ed3b722989a7d3c4788a8928bcf0c6420eb,2026-09-20T18:39:15+00:00,unresolved,activity_gap_and_other_conditions_unverified,0,False,,,,,
uniswap-v4,0x0e6440f2854ab5fbc6de15dbfe82c2059f025e4f6c582296870fcd2160ee2e51,2026-09-20T18:39:43+00:00,unresolved,activity_gap_and_other_conditions_unverified,0,False,,,,,
uniswap-v4,0x718a8f79524d78b3e7ff20dddb0e42d372d0670043b14b40b3b13ab25bff525b,2026-09-20T18:40:09+00:00,unresolved,activity_gap_and_other_conditions_unverified,0,False,,,,,
uniswap-v4,0xa1bad2cc9a6123dc4a7793a21d2db99698f0b61279a2cef3e50cbf2c0c79addd,2026-09-20T18:40:13+00:00,unresolved,activity_gap_and_other_conditions_unverified,0,False,,,,,
uniswap-v4,0xb023b0367bb04ecae4abcd17fb971900e6ab5e65cd4dcb9171757485ae045920,2026-09-20T18:40:31+00:00,unresolved,activity_gap_and_other_conditions_unverified,0,False,,,,,
uniswap-v4,0x42e1bf67c8d22da769ed5abc49417961caf961ddf38896e7671096284a444b2a,2026-09-20T18:40:37+00:00,unresolved,activity_gap_and_other_conditions_unverified,1,False,,,,,
uniswap-v4,0xb92aa322e0d20ece8e3160f6d52eb3a16f8260bbdd0f6fb1a6f57f20e9032a73,2026-09-20T18:41:07+00:00,unresolved,activity_gap_and_other_conditions_unverified,0,False,,,,,
uniswap-v4,0xfcc6c2375f622a38eb3f3e2d113b361b534f78e0b86ef135bbb47e6cee72f051,2026-09-20T18:41:41+00:00,unresolved,activity_gap_and_other_conditions_unverified,0,False,,,,,
uniswap-v4,0xae908c793256711eeb06de739780b2d072f73669bc805e96ed8be92ef13b22b9,2026-09-20T18:41:45+00:00,unresolved,activity_gap_and_other_conditions_unverified,0,False,,,,,
uniswap-v4,0x2981515e373d59855fdf8025f3b6cba43a9e2440fe334b589f4ddcbfcdb4a5c0,2026-09-20T18:42:13+00:00,unresolved,activity_gap_and_other_conditions_unverified,1,False,,,,,
uniswap-v4,0x31e758a20e215ebc9b150dc98d45d68c7782c6ac802709ec6f38bee09e3ecea1,2026-09-20T18:42:17+00:00,unresolved,activity_gap_and_other_conditions_unverified,0,False,,,,,
uniswap-v4,0xdd7d72e77fc1ccfd70a3adc89d3c10cb682f124c6def4f5bc55c17c2ddfb0f5e,2026-09-20T18:42:21+00:00,unresolved,activity_gap_and_other_conditions_unverified,0,False,,,,,
uniswap-v4,0xf6b0b76200e8f9c6906cba29e35e7d1f1edd25f33457b07d335a1251e01cc803,2026-09-20T18:42:23+00:00,excluded,positive_lp_share_withdrawal_succeeded,1436,False,,,,,
uniswap-v4,0x0f6142f20894686f9344fdca092113b45239d228fb91c9246830ff2742627d69,2026-09-20T18:42:27+00:00,unresolved,activity_gap_and_other_conditions_unverified,0,False,,,,,
uniswap-v4,0x811b5598a82f219b0191a1dc9f8c521030ac7a41f0fe509b25f40d6e1ef203d6,2026-09-20T18:42:31+00:00,unresolved,activity_gap_and_other_conditions_unverified,0,False,,,,,
uniswap-v4,0x61b8b79a90ce28d24b4d14d45f9c1406bfc93ab7ecdd9ac5fafc700731d8b670,2026-09-20T18:42:31+00:00,unresolved,activity_gap_and_other_conditions_unverified,0,False,,,,,
uniswap-v4,0x67fb0b7228c38085ff0c57b618a3cd118a507822cf2bf93dbdacba0343a68db5,2026-09-20T18:43:07+00:00,unresolved,activity_gap_and_other_conditions_unverified,24,False,,,,,
uniswap-v4,0x861f812b0fb02293625f106e1f26c65f99cff8451e9993d389f2411fb678cff1,2026-09-20T18:43:55+00:00,unresolved,liquidity_history_gap,3,False,,,,,
uniswap-v4,0x03830b4d5fba04221953b0cee6ad8af8d46e8d19277d04f9435bd0e9d8a16ca4,2026-09-20T18:44:15+00:00,unresolved,activity_gap_and_other_conditions_unverified,11,False,,,,,
uniswap-v4,0x8c75fed07866cb354c463b487dfacd92ee3a320af502c5f9721803a45e61b7a0,2026-09-20T18:44:17+00:00,unresolved,activity_gap_and_other_conditions_unverified,1,False,,,,,
uniswap-v4,0x27d3a65cf2683ffa7c3b08f905720a22eb96f0163e64f3bcd6abe0d91773787e,2026-09-20T18:44:55+00:00,unresolved,activity_gap_and_other_conditions_unverified,0,False,,,,,
uniswap-v4,0x456e1eb2ff63ab829b6698b0b27108eb1933fac75c60ba4e6137e7a39df50fe0,2026-09-20T18:44:59+00:00,unresolved,activity_gap_and_other_conditions_unverified,0,False,,,,,
uniswap-v4,0xb1e652540ce5f0f981a0fa9d45efb111294e59a350f4e2528e6fbdd4b5da0809,2026-09-20T18:45:05+00:00,unresolved,liquidity_history_gap,3,False,,,,,
uniswap-v4,0x4e2d00ed59ec94f2d7a2b86486f0684f5bb877985859c58efcbaa3dc8538313f,2026-09-20T18:45:15+00:00,unresolved,activity_gap_and_other_conditions_unverified,1,False,,,,,
uniswap-v4,0x52e224882e03dfba4de640dd44896b01d401ca4b626ca7e98ba478d105c343e7,2026-09-20T18:45:35+00:00,unresolved,activity_gap_and_other_conditions_unverified,196,False,,,,,
uniswap-v4,0x62a4725cef5a8accefa069f6997a838ef4e929523e82eadf76e7d62cfefc1298,2026-09-20T18:45:49+00:00,unresolved,activity_gap_and_other_conditions_unverified,0,False,,,,,
uniswap-v4,0x7a3cce01896fa6e03672150c5df2626a49b17fb58aea5c1b071e9a9f937ee742,2026-09-20T18:46:01+00:00,unresolved,activity_gap_and_other_conditions_unverified,0,False,,,,,
uniswap-v4,0x1d42eb08624a1e9bac11c13bba0e843fdb39485165f191c6515b72f138754e22,2026-09-20T18:46:05+00:00,unresolved,activity_gap_and_other_conditions_unverified,0,False,,,,,
uniswap-v4,0x777bd2f4def7ec1dc598a5c2a270f0cf0787ac056d11e5995cd527f81c7d86b5,2026-09-20T18:46:25+00:00,unresolved,activity_gap_and_other_conditions_unverified,0,False,,,,,
uniswap-v4,0xcac56dbeb61eb5b0f2ec97afd5bbd1f6771996999347d0d30b514aedd1edf052,2026-09-20T18:46:55+00:00,unresolved,activity_gap_and_other_conditions_unverified,7,False,,,,,
uniswap-v4,0x93ce1a663a8a16962e4b79df4e1edf54304c8c2fcf8ed8c82ca326e6595f7bf5,2026-09-20T18:47:05+00:00,unresolved,activity_gap_and_other_conditions_unverified,14,False,,,,,
uniswap-v4,0x3fc33bd0595cab23c03b1f5f7847f668d81f53b2a086f7826e53b891383c39d8,2026-09-20T18:47:21+00:00,unresolved,activity_gap_and_other_conditions_unverified,32,False,,,,,
uniswap-v3,0x33d609fa71135ba5ed28b5c70a80dc43df4c65bd,2026-09-20T18:47:49+00:00,unresolved,token_lp_or_usd_conditions_unverified,67,True,,,,,
uniswap-v4,0xe0e7e2a4c1f7dab09e18f38aa7d702372b6d6a752958fb47cf41baf6d5716f70,2026-09-20T18:48:15+00:00,unresolved,activity_gap_and_other_conditions_unverified,0,False,,,,,
uniswap-v4,0xfe8e9c39bd338977b089f6a11e62422a0e77e4620c4cd7b8116729ba366f7e93,2026-09-20T18:49:09+00:00,unresolved,activity_gap_and_other_conditions_unverified,99,False,,,,,
uniswap-v4,0x892b17188ab9e1d2556c5cfaf9301536b4934e66b7db20cf8811bc6f529b70bc,2026-09-20T18:50:21+00:00,unresolved,activity_gap_and_other_conditions_unverified,0,False,,,,,
uniswap-v4,0x1d40f38afb61f9cc562b7f5adbb8cb461a14d5acb9f671bbee855d5e4237c417,2026-09-20T18:50:25+00:00,unresolved,activity_gap_and_other_conditions_unverified,0,False,,,,,
uniswap-v4,0x15bc6455c44ee19e37cda54aa86a5f987d70b13559ff642b506c85ceadfc318a,2026-09-20T18:50:29+00:00,unresolved,activity_gap_and_other_conditions_unverified,3,False,,,,,
uniswap-v4,0x8e4b6d62ca2a0b0e91a972969fbc11eab1535668213419b6bdac00062ba43ffb,2026-09-20T18:50:33+00:00,unresolved,activity_gap_and_other_conditions_unverified,0,False,,,,,
uniswap-v4,0xb5d096020d9114666c9ed708df6c5903933b8f6b7a714272283638c9aee2dfa5,2026-09-20T18:51:37+00:00,unresolved,activity_gap_and_other_conditions_unverified,0,False,,,,,
uniswap-v4,0xdc589d181e2cdbe3119c925016dfba46d2095b450859ecf45bfd1fb4d32cd07b,2026-09-20T18:51:41+00:00,unresolved,activity_gap_and_other_conditions_unverified,0,False,,,,,
uniswap-v4,0x040095ef9bda47d0a14d3bf6f69d005e94be56944a6c743e9460146d9313ade3,2026-09-20T18:52:35+00:00,unresolved,activity_gap_and_other_conditions_unverified,0,False,,,,,
uniswap-v4,0xb6ad92ed07b4d867d6c68a09a320ed0c829f39458a5b97627771d408ee7de3ed,2026-09-20T18:53:09+00:00,unresolved,activity_gap_and_other_conditions_unverified,0,False,,,,,
uniswap-v4,0x1fe3f8fec2f07416ef0e97a677839e1184a487c65562f3450323f0dcc2989973,2026-09-20T18:53:21+00:00,unresolved,activity_gap_and_other_conditions_unverified,20,False,,,,,
uniswap-v4,0x8eb9aefa849ec36b434651c54c3f2dcfa0067a1c4184be5a1def1ebe34ccfbaf,2026-09-20T18:53:43+00:00,unresolved,activity_gap_and_other_conditions_unverified,0,False,,,,,
uniswap-v4,0x1c6d21ab65bdbe9bf5c1bb584e86575adf318bc6cdf28d198799a72376a82133,2026-09-20T18:54:35+00:00,unresolved,activity_gap_and_other_conditions_unverified,0,False,,,,,
uniswap-v4,0x70ece1325a2dde3885431cb015febc01c6f79c6183a2efde4f0072a00e1b7196,2026-09-20T18:54:39+00:00,unresolved,activity_gap_and_other_conditions_unverified,0,False,,,,,
uniswap-v4,0x82eab997d2ae8eb02b5f09e193f2d800583a8f83a9a7d9a6e59cd7cd7991da01,2026-09-20T18:54:45+00:00,unresolved,activity_gap_and_other_conditions_unverified,267,False,,,,,
uniswap-v4,0xc26d3f1b9f7f0e66bd4ac912b82f76681448596146fe1b1c2a4269b437223816,2026-09-20T18:56:11+00:00,unresolved,activity_gap_and_other_conditions_unverified,0,False,,,,,
uniswap-v4,0xa8d7c56c4f2b405c839ae2e3380e2afaf8b866616a8721816761c146971755ab,2026-09-20T18:56:47+00:00,unresolved,activity_gap_and_other_conditions_unverified,174,False,,,,,
uniswap-v4,0xb0a2e1858cd441a51e77588974c6adb7f6f7b4021cf5347e3d88710371638c46,2026-09-20T18:56:51+00:00,unresolved,activity_gap_and_other_conditions_unverified,0,False,,,,,
uniswap-v4,0x69caccdd68b901ae576ca6bac1151ae12c0b67f82a48b23ead601c425298d980,2026-09-20T18:56:53+00:00,unresolved,activity_gap_and_other_conditions_unverified,0,False,,,,,
uniswap-v4,0x57c02a949626e2b21e8743397ef7995073cd1279fa21196da317df2da6c2dcc5,2026-09-20T18:56:57+00:00,unresolved,activity_gap_and_other_conditions_unverified,130,False,,,,,
uniswap-v4,0xbd4d113f19164ce53e2a5b4a6344647654e09779434c8f8252615d7ee6391616,2026-09-20T18:57:01+00:00,unresolved,activity_gap_and_other_conditions_unverified,0,False,,,,,
uniswap-v4,0x6359f74d3b0b232debe0057992c7900a8d4838b239c7a51a0d2b08b7efa6077c,2026-09-20T18:57:03+00:00,unresolved,activity_gap_and_other_conditions_unverified,0,False,,,,,
uniswap-v4,0x5fd461181db8e5e4f51025e9820f400583de894b79ccc9f1e1a8b2d8bdd8b63e,2026-09-20T18:57:13+00:00,unresolved,activity_gap_and_other_conditions_unverified,1,False,,,,,
uniswap-v4,0xe65ce9beb8dbd625d6649723e7eb574a392456b888b51f56f714c2da834cfcdd,2026-09-20T18:57:43+00:00,unresolved,activity_gap_and_other_conditions_unverified,156,False,,,,,
uniswap-v3,0x14c457506122cc78ebeb10a46b4d2cdac3083ef0,2026-09-20T18:57:47+00:00,excluded,positive_lp_share_withdrawal_succeeded,1,True,,,,,
uniswap-v4,0x4e4cd12e0cf990d76a4e385d5afc0fbe8bb3fe80f48006e5cc1dc28c6db09ad1,2026-09-20T18:58:03+00:00,unresolved,activity_gap_and_other_conditions_unverified,0,False,,,,,
uniswap-v4,0xcc2a7e05f81794f3a33279c5231cc385aa1e8ad59ceea234887b44651bf1f0bf,2026-09-20T18:58:59+00:00,unresolved,activity_gap_and_other_conditions_unverified,0,False,,,,,
uniswap-v4,0x8350118d5a3771891f39a993f62bc9e54dc4ae2ca16318a6341d865f875d2611,2026-09-20T18:59:03+00:00,unresolved,activity_gap_and_other_conditions_unverified,0,False,,,,,
uniswap-v4,0x1cbc4a994c27fcbfb1ac021500b66827cf92f10444459ee1c3227427623c477b,2026-09-20T19:00:23+00:00,unresolved,activity_gap_and_other_conditions_unverified,1,False,,,,,
uniswap-v4,0xbd284d602491e9aeeb4588a97eb807812fc3a08a17d03df48491faa5599a4ddd,2026-09-20T19:02:09+00:00,unresolved,activity_gap_and_other_conditions_unverified,0,False,,,,,
uniswap-v4,0xae0decc3480bdd63f076fd311eb6e9cf7def8b3febb1b9ccbad3c78904ab25c1,2026-09-20T19:02:37+00:00,unresolved,activity_gap_and_other_conditions_unverified,0,False,,,,,
uniswap-v4,0x3a83fbc0ab16cdec38444b20be09ca0df24b77c06e91690ade6b855a80c90b31,2026-09-20T19:02:37+00:00,unresolved,activity_gap_and_other_conditions_unverified,5,False,,,,,
uniswap-v4,0x528287b2d9b7c8aa4a5603212912bc96239dba666ce4958f98db571641a73187,2026-09-20T19:02:41+00:00,unresolved,activity_gap_and_other_conditions_unverified,0,False,,,,,
uniswap-v4,0x4d8900c0394fe410709358eb5971d4c559518efdd4146a70ec22def24853dcb7,2026-09-20T19:02:43+00:00,unresolved,activity_gap_and_other_conditions_unverified,0,False,,,,,
uniswap-v4,0xfd3b7681f95046d55632f668549abc83472e86234fcea6e3a5386143438af4e6,2026-09-20T19:02:51+00:00,unresolved,activity_gap_and_other_conditions_unverified,0,False,,,,,
uniswap-v4,0x1e43a68dca211250529834af0072fee4dba4db6763374d9e5ad61d96a2353106,2026-09-20T19:02:55+00:00,unresolved,activity_gap_and_other_conditions_unverified,0,False,,,,,
uniswap-v4,0xfcf0f457d9378038713979e2479b0553e127d2267978426197c8d36b05840be1,2026-09-20T19:03:41+00:00,unresolved,liquidity_history_gap,5,False,,,,,
uniswap-v4,0x8a8b27a50899a3c4efac65787b4956c8beb3e22e46d8c115e70842711b7058b9,2026-09-20T19:04:55+00:00,unresolved,activity_gap_and_other_conditions_unverified,0,False,,,,,
uniswap-v4,0x465d48fe43c7d11b399f85a7499cea8a519c4652d9b58908456ca1317d192805,2026-09-20T19:05:09+00:00,unresolved,activity_gap_and_other_conditions_unverified,0,False,,,,,
uniswap-v4,0xd71775cd051f7e9e7918c5b4469b9c522d2821abfa89e6878de3f48ef4284b6c,2026-09-20T19:05:11+00:00,unresolved,activity_gap_and_other_conditions_unverified,0,False,,,,,
uniswap-v4,0x86525ba0b5abfc6490e299959ba2cd6253aad5ed6345b3eddc9fae0bf9fd7b99,2026-09-20T19:05:13+00:00,unresolved,activity_gap_and_other_conditions_unverified,0,False,,,,,
uniswap-v4,0xd8f65fc33f5c96e77d4007f32635584d8b23657d5accf61ba25a284eb00e0fb0,2026-09-20T19:05:35+00:00,unresolved,activity_gap_and_other_conditions_unverified,0,False,,,,,
uniswap-v4,0xae7d3b280641e046b3eea4d407d233de5817a2b91597df5ebc3d85fcf2d09db4,2026-09-20T19:06:01+00:00,unresolved,activity_gap_and_other_conditions_unverified,187,False,,,,,
uniswap-v4,0x4f7cdc457be5e7a3813d897431e61a0b2ddf1f86bf03450cc67cd4330453d325,2026-09-20T19:06:59+00:00,unresolved,activity_gap_and_other_conditions_unverified,0,False,,,,,
uniswap-v4,0x64e1742cffa2f6d8fc4fecfa32b93d36ebdcf07d21ec5a88f7a4cad27f15ffbd,2026-09-20T19:07:03+00:00,unresolved,activity_gap_and_other_conditions_unverified,0,False,,,,,
uniswap-v4,0x4303036deb04252236c3a155f5ac81262b6282b3638946a5b4d350e1a3ecd4f3,2026-09-20T19:07:21+00:00,unresolved,activity_gap_and_other_conditions_unverified,14,False,,,,,
uniswap-v4,0x1d92fb687eccd71a2b9a8b829ce8eb4e9a6da4ec9cbb939ad8d8897b4cba2dee,2026-09-20T19:07:25+00:00,unresolved,activity_gap_and_other_conditions_unverified,0,False,,,,,
uniswap-v4,0xcef10687932b2dfd41f9755b99976141b1fa9eb5684cee22e83465a4173ae4aa,2026-09-20T19:07:31+00:00,unresolved,activity_gap_and_other_conditions_unverified,28,False,,,,,
uniswap-v4,0x27cb54abc194f6d0545464d0b7c84fe880a3ca234b445c9588974500516acd34,2026-09-20T19:07:33+00:00,unresolved,activity_gap_and_other_conditions_unverified,0,False,,,,,
uniswap-v4,0x28270f9fbc1389e1ba7b4de0d3651b75ded66c1aed0ad8b2e5ba6a55156b0c0f,2026-09-20T19:08:03+00:00,unresolved,activity_gap_and_other_conditions_unverified,0,False,,,,,
uniswap-v4,0x0244d727e954fdff581d58ab2561c149b54342110599cf054e3880ef68bf381a,2026-09-20T19:08:07+00:00,unresolved,activity_gap_and_other_conditions_unverified,18,False,,,,,
uniswap-v4,0xa7055a646d459350bb973e13842d63883334063e38cec1da621540ec17097da2,2026-09-20T19:08:19+00:00,unresolved,activity_gap_and_other_conditions_unverified,0,False,,,,,
uniswap-v4,0xec960bc251fe4945dcd3051c07ccc66f445c3b6a28d8380f401b90d5c56a42c9,2026-09-20T19:08:23+00:00,unresolved,activity_gap_and_other_conditions_unverified,0,False,,,,,
uniswap-v4,0x6174db7274c63c37fecb50ece58a8d9ece20feb3f522a283d9537d88dc69a6ea,2026-09-20T19:09:01+00:00,unresolved,activity_gap_and_other_conditions_unverified,0,False,,,,,
uniswap-v4,0xf160eefbb27d72494e45f4a41fb0662c33d909fcc23457b2c265461695573d72,2026-09-20T19:09:05+00:00,unresolved,activity_gap_and_other_conditions_unverified,0,False,,,,,
uniswap-v4,0x9aaf9235f72c4000014f27566beb2dca917ef803c3fdc27f7a7960e2649c4ad3,2026-09-20T19:10:01+00:00,unresolved,activity_gap_and_other_conditions_unverified,246,False,,,,,
uniswap-v4,0x822201220ceda3cfa9176d308eebe9a4ed76c326e136ddafd4bbc1de0a6d2ced,2026-09-20T19:10:09+00:00,unresolved,activity_gap_and_other_conditions_unverified,1,False,,,,,
uniswap-v4,0xb65b8b9f852cbdab0825655ee0d459276b3bc48fd1d3d296b884817025705ceb,2026-09-20T19:11:39+00:00,unresolved,activity_gap_and_other_conditions_unverified,17,False,,,,,
uniswap-v4,0xd29bd89bcb3909550db821ae18da6760ca8edfa9db0fbd89db9e408c0e13c623,2026-09-20T19:12:13+00:00,unresolved,activity_gap_and_other_conditions_unverified,1,False,,,,,
uniswap-v4,0x2b4cdf1a68fe175c5c9483122d42d879b214bd043aa668710ed7b97e7678b89f,2026-09-20T19:12:35+00:00,unresolved,activity_gap_and_other_conditions_unverified,5,False,,,,,
uniswap-v4,0xf54664f07a7d052b79339484765ad6073e224c0f56fc7b44976ebfe097dd1cde,2026-09-20T19:12:43+00:00,unresolved,activity_gap_and_other_conditions_unverified,0,False,,,,,
uniswap-v4,0xe1a276c00fd6347daa227047170ba7db7a86790162287730e6967ac165e22a5a,2026-09-20T19:13:49+00:00,unresolved,activity_gap_and_other_conditions_unverified,0,False,,,,,
uniswap-v4,0x1cf25ff197cfc45d560e018ace27c2e7ab6084f9698c7800e5a918a28ecab6bc,2026-09-20T19:13:53+00:00,unresolved,activity_gap_and_other_conditions_unverified,0,False,,,,,
uniswap-v4,0xbf7deb9e0c9d289986abadfa5410b4e51daa59b3b874943518fb77d0b4a22ac8,2026-09-20T19:15:15+00:00,unresolved,activity_gap_and_other_conditions_unverified,1,False,,,,,
uniswap-v4,0xa49653d58f6daa4d75c242e618301dca0bbc27ef99b70cb9047fe5e750582074,2026-09-20T19:15:15+00:00,unresolved,activity_gap_and_other_conditions_unverified,0,False,,,,,
uniswap-v4,0x4b6b37f0ab5a303cc6d8a4abc28c0544470e2b14c76c0549c996abf8594cc2b2,2026-09-20T19:15:23+00:00,unresolved,activity_gap_and_other_conditions_unverified,21,False,,,,,
uniswap-v4,0xd35076168f2e7b9aba7d049fb3526e33e01e4c16ee1e9c767f5afebe2b245412,2026-09-20T19:15:27+00:00,unresolved,activity_gap_and_other_conditions_unverified,0,False,,,,,
uniswap-v4,0x0def55cb12da24a440a76d19fa0c1a2ce9046491fdcd9d5c80690ea8525d0b34,2026-09-20T19:15:51+00:00,unresolved,activity_gap_and_other_conditions_unverified,0,False,,,,,
uniswap-v4,0xa3d72de6568a13a9aab28d155745a82b2a923fc534fbca0b329fce6e72810a89,2026-09-20T19:16:03+00:00,unresolved,activity_gap_and_other_conditions_unverified,4,False,,,,,
uniswap-v4,0x9ab101dd8903654890175bd1a4086f391cc2455ce8b4a8cbd2d8dfb17e0c7c96,2026-09-20T19:16:05+00:00,unresolved,activity_gap_and_other_conditions_unverified,0,False,,,,,
uniswap-v4,0xe3851845449ba62a33569726eb3d3b0fc45918c299c25966fdbac05e4da869c4,2026-09-20T19:16:07+00:00,unresolved,activity_gap_and_other_conditions_unverified,0,False,,,,,
uniswap-v3,0x8bca396338fe11df2c3a7f6ccb5aa9e17fde1ec4,2026-09-20T19:16:07+00:00,excluded,no_swap_in_complete_creation_to_snapshot_history,0,True,,,,,
uniswap-v4,0x8672f57464add12af6c6aefbf70bdfae2a2c9be364d5716bb3ae11d1511ae077,2026-09-20T19:16:11+00:00,unresolved,activity_gap_and_other_conditions_unverified,0,False,,,,,
uniswap-v4,0x9a988a12573ae1c29f6b7fb75aadd6dd74c06793f52223d021afb81b1071c32d,2026-09-20T19:16:59+00:00,unresolved,activity_gap_and_other_conditions_unverified,0,False,,,,,
uniswap-v4,0x8313eaec2a465b52224d6832dfc1eee392ec9eed734470ecf8f15fb33359bb1f,2026-09-20T19:18:01+00:00,unresolved,activity_gap_and_other_conditions_unverified,0,False,,,,,
uniswap-v4,0xe47cb1f3ac543e55de6ad4ff2f63b7de71278c26fcb5dce98d9bdf581f0cdc29,2026-09-20T19:18:05+00:00,unresolved,activity_gap_and_other_conditions_unverified,0,False,,,,,
uniswap-v4,0xe7df94672c0019929a04e7cb460b7cb5c6e4e4af7b8098368ec14f2df75d5600,2026-09-20T19:18:11+00:00,unresolved,activity_gap_and_other_conditions_unverified,0,False,,,,,
uniswap-v4,0x26c494f69993130e612f7d5e4eb973043ef3d85e90d4731bb8aa1f133c0144f4,2026-09-20T19:18:15+00:00,unresolved,activity_gap_and_other_conditions_unverified,0,False,,,,,
uniswap-v4,0x9b1598d64e2dfe2e4993cba4ed4ca4fc402cb2258dca94119fa829036f507eb3,2026-09-20T19:18:21+00:00,unresolved,activity_gap_and_other_conditions_unverified,0,False,,,,,
uniswap-v4,0x3d2d8d23bd38ca1b7080d2d90e8eb34893fc65914faa26166e9655f013c353e3,2026-09-20T19:18:25+00:00,unresolved,activity_gap_and_other_conditions_unverified,0,False,,,,,
uniswap-v4,0x5c1d399b7d2199aee33250f00ba97f9f58fb9b52ec2f6e94e37668273f3400ae,2026-09-20T19:18:25+00:00,unresolved,activity_gap_and_other_conditions_unverified,180,False,,,,,
uniswap-v4,0xd19a33e10b24fc41652515d5c26da3622b278573dba94d027116c0044c02f2b8,2026-09-20T19:20:51+00:00,unresolved,activity_gap_and_other_conditions_unverified,403,False,,,,,
uniswap-v4,0xdd4f3900a6f09cc7feb59c40b3b6404b1d28c1d295c3e4153c8f4d04664528dc,2026-09-20T19:21:23+00:00,unresolved,activity_gap_and_other_conditions_unverified,50,False,,,,,
uniswap-v4,0x1552cfc1a60c712c7b0b98b5dbe9f4297136f65f720d3fc591a04ee6eb0e2272,2026-09-20T19:21:27+00:00,unresolved,activity_gap_and_other_conditions_unverified,0,False,,,,,
uniswap-v4,0x5201f04075db65c98073e82a6be20e00ca765d29eba5047f2e7f1cef8fd49f28,2026-09-20T19:22:17+00:00,unresolved,activity_gap_and_other_conditions_unverified,0,False,,,,,
uniswap-v4,0x5047363962dda87f5cf3f8b121c9c5d85eae05e7b6f6f31ae24a44a40f4a60ba,2026-09-20T19:22:21+00:00,unresolved,activity_gap_and_other_conditions_unverified,0,False,,,,,
uniswap-v4,0x3d66f9074290dbc23b9bc44aac8bcf406d5d5ecba8a1dcd03e7bf8438c39eb6a,2026-09-20T19:22:27+00:00,unresolved,activity_gap_and_other_conditions_unverified,0,False,,,,,
uniswap-v4,0x501eb1ddd50a69aab29b9766175b34903c7cdf7a56a3bed8387efe878aa29fb1,2026-09-20T19:22:31+00:00,unresolved,activity_gap_and_other_conditions_unverified,0,False,,,,,
uniswap-v4,0x8aeece0b6e79da2fe3a5e0272c64a4f4b370cc0f05fc3e0ada0f900aedddc0d4,2026-09-20T19:22:35+00:00,unresolved,activity_gap_and_other_conditions_unverified,5,False,,,,,
uniswap-v4,0x1494dbb850d801798df8659b4f610b9f25ca997cbd70ffe267e26f146f19a66d,2026-09-20T19:22:55+00:00,unresolved,activity_gap_and_other_conditions_unverified,0,False,,,,,
uniswap-v4,0x057f566dc2b2c4e04bfbdb1ad55c5209c9d6bc7d9ac143853cee3437ac625f1e,2026-09-20T19:24:27+00:00,unresolved,activity_gap_and_other_conditions_unverified,0,False,,,,,
uniswap-v4,0x988f8717a96da9c4b8c55303c5a350c69e56dbd79d2fd2d83227fae1cda9f4c7,2026-09-20T19:25:07+00:00,unresolved,activity_gap_and_other_conditions_unverified,261,False,,,,,
uniswap-v4,0x02e27aec764cd83b9fc9cfe51b5e411fc2311d69a4a7ee130150f05a64a6e7cd,2026-09-20T19:26:25+00:00,unresolved,activity_gap_and_other_conditions_unverified,0,False,,,,,
uniswap-v4,0x6c528c4a0149e48d2654e16fecabfb4982d273d85bddcbccbb81fbc58711519c,2026-09-20T19:26:29+00:00,unresolved,activity_gap_and_other_conditions_unverified,0,False,,,,,
uniswap-v4,0x66de36f20eba531a39b35db7d58e1e753949686118050fc2beb55496a392a615,2026-09-20T19:27:13+00:00,unresolved,activity_gap_and_other_conditions_unverified,1,False,,,,,
uniswap-v4,0x93bf48653c104a55bad3e89eaefb783a1237e1db03921d72cbb7213cbc867af5,2026-09-20T19:27:43+00:00,unresolved,activity_gap_and_other_conditions_unverified,0,False,,,,,
uniswap-v4,0x8d1866f061279534cd4f575a67d842ba781a3e60853a38044db4587185a988c5,2026-09-20T19:27:47+00:00,unresolved,activity_gap_and_other_conditions_unverified,0,False,,,,,
uniswap-v4,0xcb2378b5de67e8adfd2ca793dd6b536b11a5a1cb51a2fc3a171bbb087e701572,2026-09-20T19:28:43+00:00,unresolved,activity_gap_and_other_conditions_unverified,146,False,,,,,
uniswap-v4,0x71ec8de0fad7a7189e07dff8bf7c98154e22a71e7e64fde88961a72549648382,2026-09-20T19:28:47+00:00,unresolved,activity_gap_and_other_conditions_unverified,0,False,,,,,
uniswap-v4,0x2aa25af93871310a6298b3cd42ea77ddd7928b8ea31cd181cac14bee9356f1d7,2026-09-20T19:28:47+00:00,unresolved,activity_gap_and_other_conditions_unverified,0,False,,,,,
uniswap-v4,0x3bc6623ab8cbc5d528ed1f67d2e22ea705e475e77fd01eb00e9726928cc98e69,2026-09-20T19:28:49+00:00,unresolved,activity_gap_and_other_conditions_unverified,151,False,,,,,
uniswap-v4,0xe0681a782316b0e796b9d6c9377f7119eba47bcc93ae2609c4820ff6b2c59f26,2026-09-20T19:28:49+00:00,unresolved,activity_gap_and_other_conditions_unverified,0,False,,,,,
uniswap-v4,0xcdfee54e330bfbd70cf3be615f0485ea77c9239fc5309faa14f76e1dee58af41,2026-09-20T19:28:51+00:00,unresolved,activity_gap_and_other_conditions_unverified,0,False,,,,,
uniswap-v4,0xbf7fed77aba116c3b773eb6fb5c29a3a909d950d672e52d3e0380f78064bbb48,2026-09-20T19:30:19+00:00,unresolved,activity_gap_and_other_conditions_unverified,1,False,,,,,
uniswap-v4,0x55e6c786cffda75aeea04bfe624337b25b5c33bb8fba6cb1134d21097d3ef8b1,2026-09-20T19:30:23+00:00,unresolved,activity_gap_and_other_conditions_unverified,0,False,,,,,
uniswap-v4,0x2d25d9db612f2bd4b700fb94a9253a681cfb3391f93440a5da0afedad0c9476a,2026-09-20T19:30:29+00:00,unresolved,activity_gap_and_other_conditions_unverified,179,False,,,,,
uniswap-v4,0xae63e361b4d215a91ffff5193c70dc9206fcf4fe6d45625c47b15741473a16b3,2026-09-20T19:30:33+00:00,unresolved,activity_gap_and_other_conditions_unverified,0,False,,,,,
uniswap-v4,0x480b49e743bce50d3ffea022a62528c2875a9e8a7b1833fe5a06555fe8a1f273,2026-09-20T19:30:49+00:00,unresolved,activity_gap_and_other_conditions_unverified,0,False,,,,,
uniswap-v4,0x2b847c9c8ef9fe4505d12721c62fe26b9a97d2676a0c164c5098b62e15781d7f,2026-09-20T19:31:25+00:00,unresolved,activity_gap_and_other_conditions_unverified,0,False,,,,,
uniswap-v4,0xcb8fa5832bbe491f3b80a3dfab1c8bc49bbee23ba2695d474989ade42a694dd5,2026-09-20T19:32:27+00:00,unresolved,activity_gap_and_other_conditions_unverified,0,False,,,,,
uniswap-v4,0xf48f8637dbf31cde4f05815a29d77d04e3dfcf574352c6c73d3ca531251a4025,2026-09-20T19:32:27+00:00,unresolved,activity_gap_and_other_conditions_unverified,5,False,,,,,
uniswap-v4,0x47ab3e2621db2765b643e9c49949e29472936326aab3852f3f733910cef21974,2026-09-20T19:33:07+00:00,unresolved,activity_gap_and_other_conditions_unverified,0,False,,,,,
uniswap-v4,0x3db1923a83f128e40a9949aa0bff1eee4755230e3a3f2f4b17fc4802526d7d25,2026-09-20T19:33:49+00:00,unresolved,activity_gap_and_other_conditions_unverified,0,False,,,,,
uniswap-v4,0x479f16e806e5b061a3962f86e75ee27906ec2e4121212475582728d82abe4678,2026-09-20T19:33:53+00:00,unresolved,activity_gap_and_other_conditions_unverified,0,False,,,,,
uniswap-v4,0xd84562389d487e1d2e3c9476652828b4d67a1226abf66a412a861eae580ca123,2026-09-20T19:34:33+00:00,unresolved,activity_gap_and_other_conditions_unverified,0,False,,,,,
uniswap-v4,0x2a1c75e95f31c44893590405e1e1a14b9d07e3cddd66509712956db57f885d10,2026-09-20T19:34:57+00:00,unresolved,activity_gap_and_other_conditions_unverified,0,False,,,,,
uniswap-v4,0x3178d2150e89944d48c1758695572ff27eb67cbdcf569787ef1e378546ab082d,2026-09-20T19:35:09+00:00,unresolved,activity_gap_and_other_conditions_unverified,174,False,,,,,
uniswap-v4,0x684373bfc6427d8f5ddffc49b5141adcd0663410229423c59647a2f6beb879d4,2026-09-20T19:35:13+00:00,unresolved,activity_gap_and_other_conditions_unverified,0,False,,,,,
uniswap-v4,0x0035d13082432e2a64f251b20dd2c9b7c27eb3aba92936a68999b18fdfb1ca4d,2026-09-20T19:35:19+00:00,unresolved,activity_gap_and_other_conditions_unverified,1,False,,,,,
uniswap-v4,0x90dbaac8bc9ccf141973267bc8145e73c89da3a72fe13b97fce84462489eb958,2026-09-20T19:36:07+00:00,unresolved,activity_gap_and_other_conditions_unverified,0,False,,,,,
uniswap-v4,0x191a1a73902de2deacabb3ff29b9c92e6b7856b8ea1f2741c01bd866aaf2b031,2026-09-20T19:36:11+00:00,unresolved,activity_gap_and_other_conditions_unverified,0,False,,,,,
uniswap-v4,0x81e33703125bd7f12a08b95311729d79b0974e81f9f229b4a2d6fb7747d96427,2026-09-20T19:36:23+00:00,unresolved,activity_gap_and_other_conditions_unverified,0,False,,,,,
uniswap-v4,0xe01b95a225a0ece335d7daa58c5a34af2fac2f64d0108c4cff67efd9ad35a052,2026-09-20T19:36:37+00:00,unresolved,activity_gap_and_other_conditions_unverified,0,False,,,,,
uniswap-v4,0xd1aa397e3766b1139994a30e6cdbd1c3838b7a5aa4b65489638d71e328869a2c,2026-09-20T19:37:49+00:00,unresolved,activity_gap_and_other_conditions_unverified,1,False,,,,,
uniswap-v4,0x12ec7f40638db48c883dc8f07e39b43167b6e3aaf067266cf9fe232fab31a123,2026-09-20T19:38:29+00:00,unresolved,activity_gap_and_other_conditions_unverified,0,False,,,,,
uniswap-v4,0x8925ddefe4861c4c7d96e24f5def2b716d4ebb15748d12320fdab7d8636b7cc3,2026-09-20T19:38:31+00:00,unresolved,activity_gap_and_other_conditions_unverified,10,False,,,,,
uniswap-v4,0x0e6111d446ccf7db64a1ba1bcb8d2eaf6c954d4857b43f624d1785c7a0136e44,2026-09-20T19:38:33+00:00,unresolved,activity_gap_and_other_conditions_unverified,0,False,,,,,
uniswap-v4,0xa8174869df0b06630b31fe09ce28ea8e775c830dff035251871748fe4d0fd3c6,2026-09-20T19:39:29+00:00,unresolved,activity_gap_and_other_conditions_unverified,0,False,,,,,
uniswap-v4,0x8a742ce833a71c3c4451b54fec271806e30dd1fcb103fa9015b39509c4fd5dfd,2026-09-20T19:39:29+00:00,unresolved,activity_gap_and_other_conditions_unverified,0,False,,,,,
uniswap-v4,0x11e95893ebc47fe38324a681a32f23a3a12a7977ee027cd58e78a172b0c66662,2026-09-20T19:39:35+00:00,unresolved,activity_gap_and_other_conditions_unverified,0,False,,,,,
uniswap-v4,0xbcb4b10bf9f0017a01b6d558bcabc749dc69aa660aa1aef5249643f33e47ee5f,2026-09-20T19:39:45+00:00,unresolved,activity_gap_and_other_conditions_unverified,0,False,,,,,
uniswap-v4,0x0b4de855182092c4206c5fa13e2351035157cc3a3fec9e97284cd7ef8436ed40,2026-09-20T19:40:13+00:00,unresolved,activity_gap_and_other_conditions_unverified,1,False,,,,,
uniswap-v4,0xbb07eb788ba2da3376fe9192c908f6e5eb063d94360833bc68fac2c4de6b11ee,2026-09-20T19:40:15+00:00,unresolved,activity_gap_and_other_conditions_unverified,2,False,,,,,
uniswap-v4,0x6fb2eb86e19b982bc67ade86ad58b1f646bdee6f8f12f9ca1fb067b99e37c65c,2026-09-20T19:40:15+00:00,unresolved,activity_gap_and_other_conditions_unverified,24,False,,,,,
uniswap-v4,0x8deedac167c7d86b9d4668d05c25cbb114940e49cf915e9b9692ee479cb37edd,2026-09-20T19:40:57+00:00,unresolved,activity_gap_and_other_conditions_unverified,165,False,,,,,
uniswap-v4,0x01f8554a3f4cff9aa7b56f36458b4605eba6dee695db0fee2a29050bfbd95e67,2026-09-20T19:41:01+00:00,unresolved,activity_gap_and_other_conditions_unverified,0,False,,,,,
uniswap-v4,0xe0d945a55fe0bc0e7c8f0f0ac736f2bccbfe451ed43f68b9c9148f46226c6724,2026-09-20T19:41:27+00:00,unresolved,activity_gap_and_other_conditions_unverified,3,False,,,,,
uniswap-v4,0x05b0f3587e5af6e52877192462fcd5eddf421db5b240f517736d7067333413bc,2026-09-20T19:41:29+00:00,unresolved,activity_gap_and_other_conditions_unverified,25,False,,,,,
uniswap-v4,0xa5ffb43e90b7fafc10bc1bc6d7226ccae41faa007a484b313fb08931e0e51c7e,2026-09-20T19:41:59+00:00,unresolved,activity_gap_and_other_conditions_unverified,0,False,,,,,
uniswap-v4,0xd5283f0ca1e02afeebc07255f45fe62d91c6abc08574660c3fdedf84f9678115,2026-09-20T19:42:13+00:00,unresolved,activity_gap_and_other_conditions_unverified,1,False,,,,,
uniswap-v4,0x730d942afcdfc2c45a3dbf952bbf6544deca0309cabf6449756fc015f486a9ce,2026-09-20T19:42:35+00:00,unresolved,activity_gap_and_other_conditions_unverified,5,False,,,,,
uniswap-v4,0x184f87028266ded76906861613512534f084a5164c067e5fe1faba56871475aa,2026-09-20T19:42:45+00:00,unresolved,activity_gap_and_other_conditions_unverified,187,False,,,,,
uniswap-v4,0x86894d0ea44bffc7c8cf56072a2e1434b2b76ae2163ffaba62b2b575542de1d9,2026-09-20T19:43:21+00:00,unresolved,activity_gap_and_other_conditions_unverified,293,False,,,,,
uniswap-v4,0x6c3721a5deb8171a4a69ea3f0caa6f4cde428a05e00af8d6824435e8007e3126,2026-09-20T19:43:21+00:00,unresolved,activity_gap_and_other_conditions_unverified,4288,False,,,,,
uniswap-v4,0xf1f1312a7d2815bae671e8dcc3a78fd642a8357ebf2a9ed41c8b3f1d8dbbcfa8,2026-09-20T19:44:49+00:00,unresolved,activity_gap_and_other_conditions_unverified,59,False,,,,,
uniswap-v4,0x291afccf9165ee3eeae634df9916ea1a8acbaebae562441b8187697646bea95d,2026-09-20T19:45:15+00:00,unresolved,activity_gap_and_other_conditions_unverified,3,False,,,,,
uniswap-v4,0x8bd50175bbc657e94dc007018aedf9a880edc002ec434af77c8e92d4152ab65a,2026-09-20T19:45:57+00:00,excluded,positive_lp_share_withdrawal_succeeded,4,False,,,,,
uniswap-v4,0x82f358e3828eb5bf112d7a613f1f6f7c18d72ee2fda768b4893c364652c57b85,2026-09-20T19:46:01+00:00,unresolved,activity_gap_and_other_conditions_unverified,0,False,,,,,
uniswap-v4,0x88cb5424f1eef9374fed8d3972b80646795742e2389777c2889e977e12690f91,2026-09-20T19:46:17+00:00,unresolved,activity_gap_and_other_conditions_unverified,0,False,,,,,
uniswap-v4,0x424bee98632754c19ffadabaca6cf4be7b7bda4a81a22872f09d36471261ccab,2026-09-20T19:47:13+00:00,unresolved,activity_gap_and_other_conditions_unverified,136,False,,,,,
uniswap-v4,0x16b253909d17775f21b25041d0b4eba5f786d1bc7afe6bc166c99fb46578d2b4,2026-09-20T19:47:17+00:00,unresolved,activity_gap_and_other_conditions_unverified,0,False,,,,,
uniswap-v4,0xf4004772ea9656a471a02e62e1a810509e45da18c9d1d23b0594f79207abe3e9,2026-09-20T19:47:53+00:00,unresolved,activity_gap_and_other_conditions_unverified,20,False,,,,,
uniswap-v4,0x806600351ab3ec47e243e73d45a9bd1203967f075a958d863e168f3f88985b9a,2026-09-20T19:48:21+00:00,unresolved,activity_gap_and_other_conditions_unverified,0,False,,,,,
uniswap-v4,0xb57b34b533befa75bc828136c8000e1ab0999857f9a541be934586916255a517,2026-09-20T19:49:53+00:00,unresolved,activity_gap_and_other_conditions_unverified,0,False,,,,,
uniswap-v4,0x0044b0a5f1f17aeac803c415786000adc0a391a308e4ad827968b4ffbf2594f0,2026-09-20T19:49:55+00:00,unresolved,activity_gap_and_other_conditions_unverified,0,False,,,,,
uniswap-v4,0x19e79c7c64f2f0f011b7ac4d179a859e29bfeb04b1df44f0c9d44a212a3d03d0,2026-09-20T19:50:19+00:00,excluded,positive_lp_share_withdrawal_succeeded,7,False,,,,,
uniswap-v4,0x2f0b6eedf72a32cbb8aab5ead71849252d5397a9950b19f4b6b16f939c84692c,2026-09-20T19:50:21+00:00,unresolved,activity_gap_and_other_conditions_unverified,0,False,,,,,
uniswap-v3,0x6795394b102f4189e4bb5b3db23d694c7953a0a2,2026-09-20T19:50:41+00:00,excluded,no_swap_in_complete_creation_to_snapshot_history,0,True,,,,,
uniswap-v4,0xc3da96a7d91a735ca2781b80ae8c53dfc90bf8607f1e42db95bc7dbb3c871af6,2026-09-20T19:51:49+00:00,unresolved,activity_gap_and_other_conditions_unverified,0,False,,,,,
uniswap-v4,0xfafec04f330627c636a090745219acff1cd33fca4b8895d2d58a1a46040eb383,2026-09-20T19:52:17+00:00,unresolved,activity_gap_and_other_conditions_unverified,0,False,,,,,
uniswap-v4,0x72839b7c00044ab7d6455ec4bd5e99e92ddfcc8c6a0fbc5fa9dabb144c5ce05c,2026-09-20T19:52:21+00:00,unresolved,activity_gap_and_other_conditions_unverified,0,False,,,,,
uniswap-v4,0x29085fe21e043094c568b485bcd41a79e9bdd8abefdc6fdfa00cf36dda346c5b,2026-09-20T19:54:11+00:00,unresolved,activity_gap_and_other_conditions_unverified,0,False,,,,,
uniswap-v4,0xaff8edbe5e3817894a749897a83cae6f3ebf853381f51e0f496bc153325e6b9b,2026-09-20T19:54:19+00:00,unresolved,activity_gap_and_other_conditions_unverified,0,False,,,,,
uniswap-v4,0xe0bb0b553003aa9caa41f11cb8c6ea996a8c11a774ec06159ecd79213901cea4,2026-09-20T19:54:51+00:00,unresolved,activity_gap_and_other_conditions_unverified,0,False,,,,,
uniswap-v4,0xaae1671c534ce94e8091fbc20220e322f1717cfab9dad7c2439432f71f2cf6a5,2026-09-20T19:55:13+00:00,unresolved,activity_gap_and_other_conditions_unverified,182,False,,,,,
uniswap-v4,0x4801bf633bf59ba1032238af059fa71d94b08a08bb27d004d431647bfb2a05d7,2026-09-20T19:55:33+00:00,unresolved,activity_gap_and_other_conditions_unverified,0,False,,,,,
uniswap-v4,0xd136c46135f509313bd3de05602a7f0f46f3cd3f5cd56d8e5e8e20a98d47bbe1,2026-09-20T19:56:23+00:00,unresolved,activity_gap_and_other_conditions_unverified,0,False,,,,,
uniswap-v4,0x981a02769dcfd810da4dd8a2dd0159ff402a8c5f63f8a1eb7552cba22cbf5019,2026-09-20T19:56:33+00:00,unresolved,activity_gap_and_other_conditions_unverified,61,False,,,,,
uniswap-v4,0xef0e4b3b6d843f0e7586b475b43acfba620a86a1c6fc4c02b0408f31748e2256,2026-09-20T19:56:37+00:00,unresolved,activity_gap_and_other_conditions_unverified,0,False,,,,,
uniswap-v4,0xd617df350a46393e9e6a5e2e7094b7d9caa47d04fce3eb3c761f5d37c1fb2c9d,2026-09-20T19:56:37+00:00,unresolved,activity_gap_and_other_conditions_unverified,6,False,,,,,
uniswap-v4,0x940442a969d4fd877fb73bd30bed9fdff76cc5cf127db892c9813843ad00e959,2026-09-20T19:57:13+00:00,unresolved,activity_gap_and_other_conditions_unverified,1,False,,,,,
uniswap-v4,0x8084337dade7e99ced62797d72eda1cce6d90861b7703a3d61a550d49ab0d867,2026-09-20T19:57:49+00:00,unresolved,activity_gap_and_other_conditions_unverified,0,False,,,,,
uniswap-v4,0xe54661099aa3cff6d38d5e92ad228d7392ffb2059dd1195419472fde9cd772fd,2026-09-20T19:57:53+00:00,unresolved,activity_gap_and_other_conditions_unverified,0,False,,,,,
uniswap-v4,0xa80a0ddd7cee838ce541857e990936be2c03729345e205c91e8f07e300707092,2026-09-20T19:58:21+00:00,unresolved,activity_gap_and_other_conditions_unverified,3,False,,,,,
uniswap-v4,0xd42bc010cd6442d75ae148b0f9890f46f47b0e7ea591fd2c703251265e8beb04,2026-09-20T19:58:25+00:00,unresolved,activity_gap_and_other_conditions_unverified,0,False,,,,,
uniswap-v4,0x1e565cb3ce9893fd13730306ce4ac87c6150aa7cbcf5a719c8bff09623bd76ab,2026-09-20T19:58:31+00:00,unresolved,activity_gap_and_other_conditions_unverified,249,False,,,,,
uniswap-v4,0xb43446eead0c07279d71f8e4c7d91ad61e46ec186109a50d1222f2f670650773,2026-09-20T19:59:59+00:00,unresolved,activity_gap_and_other_conditions_unverified,0,False,,,,,
uniswap-v3,0x198625ecb777a2ca95d6ba6ab79d5d29d503f439,2026-09-20T20:00:11+00:00,excluded,no_swap_in_complete_creation_to_snapshot_history,0,True,,,,,
uniswap-v4,0x720c3b04becf048b299d2e260ef82725691e2837cd86b311238f87941506a923,2026-09-20T20:00:11+00:00,unresolved,activity_gap_and_other_conditions_unverified,133,False,,,,,
uniswap-v4,0x04fe2032c98e5fe00ef1ac86b19c9b470814f3bde94118e9bc7d8dbdeb350581,2026-09-20T20:00:15+00:00,unresolved,activity_gap_and_other_conditions_unverified,0,False,,,,,
uniswap-v4,0xd5acddc0255dcc46ab54c10d429ed7a5ba9730e41c43bcda4d39d0825227380b,2026-09-20T20:00:23+00:00,unresolved,activity_gap_and_other_conditions_unverified,3,False,,,,,
uniswap-v4,0x7793ec887595c4331900e4c41618a8ad07a167cbdde7c3231e955a13cc7da13f,2026-09-20T20:01:05+00:00,unresolved,activity_gap_and_other_conditions_unverified,159,False,,,,,
uniswap-v4,0x5da92f6202a78f7d676a63566f3ac9db42e75d8f2a0364fa132fa86a82e9e3e0,2026-09-20T20:01:09+00:00,unresolved,activity_gap_and_other_conditions_unverified,0,False,,,,,
uniswap-v4,0xe9555106dff8530b753cdf3bbef5c71ee7a7edb8160719b819d319dec3c0a12a,2026-09-20T20:01:15+00:00,unresolved,activity_gap_and_other_conditions_unverified,0,False,,,,,
uniswap-v4,0x38b1a6e0e4bc8034d2a558fd5dc018edf1a29261d927b10b54831cb1a9dab036,2026-09-20T20:01:33+00:00,unresolved,activity_gap_and_other_conditions_unverified,0,False,,,,,
uniswap-v4,0x416ca77e21031a5001d8b00384c3c21cd03460c01d14231fd50d1dd73416ad1a,2026-09-20T20:01:57+00:00,unresolved,activity_gap_and_other_conditions_unverified,0,False,,,,,
uniswap-v4,0x35661706df086451379c7b99f3b7c72e46b63833066f635c56e50c0812522bcf,2026-09-20T20:02:01+00:00,unresolved,activity_gap_and_other_conditions_unverified,0,False,,,,,
uniswap-v4,0xb0ddf5fd28ddc535d394159ab9dbf9ab63d29483b2d808ad5b70ab8badd1125a,2026-09-20T20:02:15+00:00,unresolved,activity_gap_and_other_conditions_unverified,1,False,,,,,
uniswap-v4,0x904e7f63d664246b8da20981e3ec9f09bb9cee9be5ed09ba07bc989901ef6119,2026-09-20T20:02:19+00:00,unresolved,activity_gap_and_other_conditions_unverified,0,False,,,,,
uniswap-v4,0xfddc484676de12e7172b85988140b5ac4989d850d412229377e26c006d553081,2026-09-20T20:02:27+00:00,unresolved,activity_gap_and_other_conditions_unverified,0,False,,,,,
uniswap-v4,0x10461bafb6a4961fbfb922a1d0ae794ab3f73861ee050c2b1b5d85974692b4ef,2026-09-20T20:02:29+00:00,unresolved,activity_gap_and_other_conditions_unverified,0,False,,,,,
uniswap-v4,0x455b1b5d752ba8186c1e0421ad9c10e68e1d7a67de421768f1fa759d9934e543,2026-09-20T20:06:01+00:00,unresolved,activity_gap_and_other_conditions_unverified,0,False,,,,,
uniswap-v4,0x62ef96bcc27dc87400d93fc1867dbc7f1e02e41267bab2bf5476b76c6f294632,2026-09-20T20:06:11+00:00,unresolved,activity_gap_and_other_conditions_unverified,0,False,,,,,
uniswap-v3,0x9fca97599cc0d0b0913524e84b59137830986cf7,2026-09-20T20:06:11+00:00,excluded,no_swap_in_complete_creation_to_snapshot_history,0,True,,,,,
uniswap-v4,0x6d1802160b37f75fd892dc437c5ae731accc6d5c11354e2b5f91c2897016975f,2026-09-20T20:06:13+00:00,unresolved,activity_gap_and_other_conditions_unverified,0,False,,,,,
uniswap-v4,0x7f018c90631d33e57f6f2aabf1e5f1baa9c5b5b06fb7e8fc32b97cc3c2cc0970,2026-09-20T20:06:59+00:00,unresolved,activity_gap_and_other_conditions_unverified,0,False,,,,,
uniswap-v4,0x73990b14aeb356849d5e3ed355c2c2076c63fde7bbfa984c9e399258bf5fa38b,2026-09-20T20:07:19+00:00,unresolved,activity_gap_and_other_conditions_unverified,196,False,,,,,
uniswap-v4,0xb1b7c4fbe904bf0bc971905cc6103a2a913886730578016a8ab03923451ac853,2026-09-20T20:07:27+00:00,unresolved,activity_gap_and_other_conditions_unverified,184,False,,,,,
uniswap-v4,0xade7c00e19d7038ba0b8b7a168c0d9dca2e1e58dddaa505e24649e8d7011f014,2026-09-20T20:07:31+00:00,unresolved,activity_gap_and_other_conditions_unverified,0,False,,,,,
uniswap-v4,0x95b98a904a6eb3f55f5f7361c5720b7996a8f9a2eaad7527b91ab0e08f295dd5,2026-09-20T20:08:09+00:00,unresolved,activity_gap_and_other_conditions_unverified,0,False,,,,,
uniswap-v4,0x6cfb6cbd13dc511fbd708fe56ff78baced9a4eaa4108d5c43bc3134abc8232f9,2026-09-20T20:08:21+00:00,unresolved,activity_gap_and_other_conditions_unverified,0,False,,,,,
uniswap-v4,0x3ad327085fe327e2e3136b5a57a0f9308ee0892f95b89121c254c9374342b3c0,2026-09-20T20:09:03+00:00,unresolved,activity_gap_and_other_conditions_unverified,0,False,,,,,
uniswap-v4,0xa107a2937fed3b1be51a75fe0b9303d4979a72fcfc8d35415a4045ab15311091,2026-09-20T20:09:13+00:00,unresolved,activity_gap_and_other_conditions_unverified,0,False,,,,,
uniswap-v4,0xb6412839bc8d92b333f96b3c49250629b9c09438d40406e687508ba76f3b7a5b,2026-09-20T20:09:29+00:00,unresolved,activity_gap_and_other_conditions_unverified,0,False,,,,,
uniswap-v4,0x1873489b960095db7a37984363bdcaf8fb5024ea4b07aa6ff168a91e7bd77bea,2026-09-20T20:09:57+00:00,unresolved,activity_gap_and_other_conditions_unverified,0,False,,,,,
uniswap-v4,0x112804c2d205c377c51e39797ac9a89fd17ee789e8bf316426904db9d6207053,2026-09-20T20:10:01+00:00,unresolved,activity_gap_and_other_conditions_unverified,0,False,,,,,
uniswap-v4,0x242554083f2916dd3987f5c241fb71e5960b4db79b31747d79b6d973924976ca,2026-09-20T20:10:19+00:00,unresolved,activity_gap_and_other_conditions_unverified,2,False,,,,,
uniswap-v4,0x22e6767f5b13ad57a9edcbafa25e6628394b19caa8cb40e933d50e3b2b2f1dcc,2026-09-20T20:11:01+00:00,unresolved,activity_gap_and_other_conditions_unverified,4,False,,,,,
uniswap-v4,0xa31cb188d562b11d03123c9687c8785f2f50c9d8220c55c5d0671233f2ef2507,2026-09-20T20:11:13+00:00,unresolved,activity_gap_and_other_conditions_unverified,0,False,,,,,
uniswap-v4,0xd3a7ec9b9b9ecd54321173a90604a011b3960fcff7b20051cc621f887806cd94,2026-09-20T20:11:13+00:00,excluded,positive_lp_share_withdrawal_succeeded,1,False,,,,,
uniswap-v4,0xe72337a024b04bdde8375a6f98629c047b6fb0bc9309d2dc3c3a0593b3a3e9ec,2026-09-20T20:11:33+00:00,unresolved,activity_gap_and_other_conditions_unverified,0,False,,,,,
uniswap-v4,0xf3148686a3c1ebb8ce7a51e44f249097304436ac936997d65fb2f5ec76ceb16b,2026-09-20T20:11:41+00:00,unresolved,activity_gap_and_other_conditions_unverified,0,False,,,,,
uniswap-v4,0x9feb591c91d544c3809f2e2c3a26599d47a77584271b88f55b9bf69ccadb1cfc,2026-09-20T20:12:07+00:00,unresolved,activity_gap_and_other_conditions_unverified,0,False,,,,,
uniswap-v4,0x29080d7b69dc77a967f08e81cc52485a22d85ddfb8c4a5740d5b9e3cb523573f,2026-09-20T20:12:13+00:00,unresolved,activity_gap_and_other_conditions_unverified,4,False,,,,,
uniswap-v4,0x11fb5fceb8639362d59289939d76c5c86bea5c674aa4f5992762deee5b247b24,2026-09-20T20:12:17+00:00,unresolved,activity_gap_and_other_conditions_unverified,99,False,,,,,
uniswap-v4,0x2dda11b7cc5bcac574dbee1b60af02552eb9181e52e19014cfae67140926f833,2026-09-20T20:12:21+00:00,unresolved,activity_gap_and_other_conditions_unverified,0,False,,,,,
uniswap-v4,0xe81847bcaa28455870197c1db72f159cd81ab7acdb045f2424b5b4ad190f8331,2026-09-20T20:12:29+00:00,unresolved,activity_gap_and_other_conditions_unverified,5,False,,,,,
uniswap-v4,0x3142cc330424157688b7ca40bddf007e6bd8178eb42fd3b227f49f3f141b6c8f,2026-09-20T20:12:43+00:00,unresolved,activity_gap_and_other_conditions_unverified,0,False,,,,,
uniswap-v4,0xc98ee99896e8eb2d4126492925144b2e285edd5bdf2c404246458e5b26966d3f,2026-09-20T20:13:37+00:00,unresolved,activity_gap_and_other_conditions_unverified,0,False,,,,,
uniswap-v4,0xf82b0047fb2be41b1e9175d239329b7bc3346c791e1c73f6d35996a0db549b6b,2026-09-20T20:13:39+00:00,unresolved,activity_gap_and_other_conditions_unverified,254,False,,,,,
uniswap-v4,0x1811fd3fd1f300efc892c2396c051c368eee2b36a80196385d73135de79eab6f,2026-09-20T20:13:47+00:00,unresolved,activity_gap_and_other_conditions_unverified,0,False,,,,,
uniswap-v4,0x4e7c212c34d46d05653faa3c482f2761a033cae79bc4bff0015d02df7d80748e,2026-09-20T20:13:49+00:00,unresolved,activity_gap_and_other_conditions_unverified,0,False,,,,,
uniswap-v4,0xf5e5238a6e79843bd54dc4966ccf76a7c51fec61b7304c511385a673281db38b,2026-09-20T20:14:41+00:00,unresolved,activity_gap_and_other_conditions_unverified,0,False,,,,,
uniswap-v4,0xa1261b8e9fcacba08ae9d2ab49c03c71df4300ff368df9168baba294c42a1a3e,2026-09-20T20:14:43+00:00,unresolved,activity_gap_and_other_conditions_unverified,0,False,,,,,
uniswap-v4,0x460c95f33c1e771b95a6b6e6b8f1f377457af3e3f11421b930f060c726607dec,2026-09-20T20:14:43+00:00,unresolved,activity_gap_and_other_conditions_unverified,1,False,,,,,
uniswap-v4,0x421f1b80d1c6994a280ba261d366f0ff7719a175045275f1e81fbe0ecef7806f,2026-09-20T20:15:13+00:00,unresolved,activity_gap_and_other_conditions_unverified,1,False,,,,,
uniswap-v4,0xf2f1382721f08c651b34a3e7c8f75df0e6426383a5ec6f4d9edff138b66fc6ff,2026-09-20T20:15:33+00:00,unresolved,activity_gap_and_other_conditions_unverified,0,False,,,,,
uniswap-v4,0x1d983daf7fe0694659ada126db63d7aeee6fa990f6d3a9bad8bf0a80afe0826a,2026-09-20T20:17:29+00:00,unresolved,activity_gap_and_other_conditions_unverified,0,False,,,,,
uniswap-v3,0x8045c5c76df3735304cbbcd45339704d05e65c5b,2026-09-20T20:18:19+00:00,excluded,no_remaining_lp_principal,2,True,,,,,
uniswap-v4,0x86f3b4ae61f5d24e86d3f18b5a9d234be532b9ff228a344c102af97a027d231c,2026-09-20T20:18:31+00:00,unresolved,activity_gap_and_other_conditions_unverified,92,False,,,,,
uniswap-v4,0xc900d8caa6852f0243f1f0dd2edda90ac4c35da6e3920aeca878fbba76663584,2026-09-20T20:18:35+00:00,unresolved,activity_gap_and_other_conditions_unverified,0,False,,,,,
uniswap-v4,0xfd398fc2f86ecba220d2179bbb70f5c39c290c0c4b71b1f8a80b9e7105ae1f6f,2026-09-20T20:18:35+00:00,unresolved,activity_gap_and_other_conditions_unverified,0,False,,,,,
uniswap-v4,0x1dca0b1f410b5848f3b3ccb304a845b8237fe3c4179ae59456a57ab5ad38fbe9,2026-09-20T20:19:11+00:00,unresolved,activity_gap_and_other_conditions_unverified,0,False,,,,,
uniswap-v4,0x61a911a64396e524fd1a1cc909c7f5efecf03f031a5c93ded38911248483de07,2026-09-20T20:19:25+00:00,unresolved,activity_gap_and_other_conditions_unverified,217,False,,,,,
uniswap-v4,0xf8fbf12c30b8f648045201394bfde283040a5646f8f3765fc86915fa6a086edd,2026-09-20T20:19:41+00:00,unresolved,activity_gap_and_other_conditions_unverified,0,False,,,,,
uniswap-v3,0x11d4eb45dfb2a84cbc4af4f7623eb0185925d9af,2026-09-20T20:22:37+00:00,excluded,no_remaining_lp_principal,1,True,,,,,
uniswap-v4,0x3dfc3c0f3f50c115ca7aa219a5aaa39731931357956a6508c9780439473aa7b8,2026-09-20T20:22:39+00:00,unresolved,activity_gap_and_other_conditions_unverified,5,False,,,,,
uniswap-v4,0xf336f6ec0f1c5bab2f66244f82ba0afedd56aa55f45d323beebc635869679468,2026-09-20T20:22:51+00:00,unresolved,activity_gap_and_other_conditions_unverified,0,False,,,,,
uniswap-v4,0xdc35a1855d86d0c935d1ebba7e5c366109804608f17f8fd035e529e8cc52debc,2026-09-20T20:24:45+00:00,unresolved,activity_gap_and_other_conditions_unverified,0,False,,,,,
uniswap-v4,0x813dec0502d11c66a5011f4b6831c01712faa8398fa5b8710fa16a6935e5f8b9,2026-09-20T20:25:01+00:00,unresolved,activity_gap_and_other_conditions_unverified,0,False,,,,,
uniswap-v4,0x3a6569d1a17c8959fd1aeca0dfa67640599d953f30cc1439147f42005f278919,2026-09-20T20:25:47+00:00,unresolved,activity_gap_and_other_conditions_unverified,1,False,,,,,
uniswap-v4,0x4e1cb6b8d1e80d91406ea14d465642f191fef4ccac8c685b1419b6ff0384c041,2026-09-20T20:25:55+00:00,unresolved,activity_gap_and_other_conditions_unverified,0,False,,,,,
uniswap-v4,0xa50758cbdfed33762a06943f6df41ee3844e6cf9b4c7f9336ef353d7e6476486,2026-09-20T20:27:13+00:00,unresolved,activity_gap_and_other_conditions_unverified,3,False,,,,,
uniswap-v4,0x30ec6842e4df35fd37b25a529dad0dbcc28d9f3f0d3f6d8bb7d4d56955188439,2026-09-20T20:27:53+00:00,unresolved,activity_gap_and_other_conditions_unverified,0,False,,,,,
uniswap-v4,0xa60d9a56165821a594daa200126259faa5f7f0b0d85fd2772faf7b5170e1d4d2,2026-09-20T20:28:01+00:00,unresolved,activity_gap_and_other_conditions_unverified,0,False,,,,,
uniswap-v4,0x37590fb1675259d051e835961ba69b0c752ba827a91fc7c0f293700f12f1f413,2026-09-20T20:28:59+00:00,unresolved,activity_gap_and_other_conditions_unverified,165,False,,,,,
uniswap-v4,0x578d8e8f13ca393b8a40102b91e239f9d987a74b02894c29935891710b60ec43,2026-09-20T20:30:15+00:00,unresolved,activity_gap_and_other_conditions_unverified,0,False,,,,,
uniswap-v4,0xf9b1a5ecce97b0ddf5f1870150bb57f54e3828bb40fb474d9fe36a6f1ccdbe5e,2026-09-20T20:30:15+00:00,unresolved,activity_gap_and_other_conditions_unverified,0,False,,,,,
uniswap-v4,0x7d0aec906c12689f188d55c241284a28ec1410e19263a48d692889d0ccba0b5d,2026-09-20T20:30:21+00:00,unresolved,activity_gap_and_other_conditions_unverified,2,False,,,,,
uniswap-v4,0x643139a1fe29cf75164f4f313fa60c034592f3a3afb401e3c2c1cbb25a8116b1,2026-09-20T20:30:35+00:00,unresolved,activity_gap_and_other_conditions_unverified,1,False,,,,,
uniswap-v4,0x9c9a20e378bd2f84c772c0e43eb44bb652ce758c30814f7f3f4457d12af15455,2026-09-20T20:31:43+00:00,unresolved,activity_gap_and_other_conditions_unverified,117,False,,,,,
uniswap-v4,0x1bab36732bd6fd485d2ff110981b3692180c9cbcaed30553148d927384fab341,2026-09-20T20:32:17+00:00,unresolved,activity_gap_and_other_conditions_unverified,24,False,,,,,
uniswap-v4,0x8b159da22b6acdb2a239991c841fd56fd2af57c814b383e76326e03997ee3deb,2026-09-20T20:32:21+00:00,unresolved,activity_gap_and_other_conditions_unverified,0,False,,,,,
uniswap-v4,0x0e82225e8e833c72569f68f27ecfc3863278a6c1a903c1c7eb68c4d0481118c6,2026-09-20T20:32:29+00:00,unresolved,activity_gap_and_other_conditions_unverified,5,False,,,,,
uniswap-v4,0xa40592a05530cc9773be0fda3172520bfaabf27a7b68a92807f99ac0dfe9f9e7,2026-09-20T20:32:47+00:00,unresolved,activity_gap_and_other_conditions_unverified,21,False,,,,,
uniswap-v4,0x13b1cb2683a5f4c74e6420092beeca5ffaa73b3b0b963e09ecc2d19faf37c118,2026-09-20T20:32:51+00:00,unresolved,activity_gap_and_other_conditions_unverified,0,False,,,,,
uniswap-v4,0x7b459b3bac669a4c7ebf7740d389cfd15de0d7cae8f516af4e3122237825a867,2026-09-20T20:33:13+00:00,unresolved,activity_gap_and_other_conditions_unverified,0,False,,,,,
uniswap-v4,0xf19668e62dff4c08bbcffe609f384e2cdbc7d6ef5995d254e3be02b62e731887,2026-09-20T20:33:41+00:00,unresolved,activity_gap_and_other_conditions_unverified,1,False,,,,,
uniswap-v4,0xb18548e7a6f9e78823b9b6490595ba5419aacce4e08757bcb83c3fbd100c9c65,2026-09-20T20:34:29+00:00,unresolved,activity_gap_and_other_conditions_unverified,54,False,,,,,
uniswap-v4,0x0dd02e4848c0f0cb2724763b8665edce50884470cb267df87ec49e8acc171bea,2026-09-20T20:34:33+00:00,unresolved,activity_gap_and_other_conditions_unverified,0,False,,,,,
uniswap-v4,0x1b0504a8c733c242986f92c4ab669bcbe1d7f8540caba4cac7a0d58295c59cfd,2026-09-20T20:35:11+00:00,unresolved,activity_gap_and_other_conditions_unverified,1,False,,,,,
uniswap-v4,0x5dc89cab9712098c70dde67d5fda90ac943db5e3123baa88e62ef4a73086aa4c,2026-09-20T20:36:53+00:00,unresolved,activity_gap_and_other_conditions_unverified,1,False,,,,,
uniswap-v4,0x1af3654aca753a1ae0eb477169847daec9c5db6d2a6cf9a70fd677e10232b915,2026-09-20T20:38:45+00:00,unresolved,activity_gap_and_other_conditions_unverified,1,False,,,,,
uniswap-v4,0x3722ee28e6cc143b4f9cce50f7112ab77c05ce682d569eef3d7c6408903d7438,2026-09-20T20:39:05+00:00,unresolved,activity_gap_and_other_conditions_unverified,0,False,,,,,
uniswap-v4,0x3e620477cc0e0a6d12c95fcc37ba5bc96dc74e393802aa90c709c5da9da1cb4f,2026-09-20T20:39:13+00:00,unresolved,activity_gap_and_other_conditions_unverified,0,False,,,,,
uniswap-v4,0x94603a51a6f0f5f9f175a5ae53961c9d432c394c4e7e1beb74007938f35e8f93,2026-09-20T20:39:17+00:00,unresolved,activity_gap_and_other_conditions_unverified,0,False,,,,,
uniswap-v4,0x4dce433a436a56830ce23d9362074673af6dfefe223713014e1b83acde2dd325,2026-09-20T20:39:55+00:00,unresolved,activity_gap_and_other_conditions_unverified,0,False,,,,,
uniswap-v4,0x8cd89787dc6fb84b483bc19589d90bddc5226b078b3c2a4e5cab4db11d862b07,2026-09-20T20:40:09+00:00,unresolved,activity_gap_and_other_conditions_unverified,0,False,,,,,
uniswap-v4,0x8002ac248f56bd7779e079fd5bbf7018bf43be0389b123e607ed8344b99c66c4,2026-09-20T20:40:23+00:00,unresolved,activity_gap_and_other_conditions_unverified,0,False,,,,,
uniswap-v4,0x734d6b87a1633ac02f631e308d8ecf280987f756c69221999bfd9e5052445c02,2026-09-20T20:40:39+00:00,unresolved,activity_gap_and_other_conditions_unverified,0,False,,,,,
uniswap-v4,0xeb5ae5e37697e9dde59ab0edecd4eec3e0ee1f103a9f461046914623d674c00f,2026-09-20T20:40:43+00:00,unresolved,activity_gap_and_other_conditions_unverified,0,False,,,,,
uniswap-v4,0x8189edccfb5312bb288d1e6c01036aad420dc7e425d09270995defa93e62793c,2026-09-20T20:40:45+00:00,unresolved,activity_gap_and_other_conditions_unverified,9,False,,,,,
uniswap-v4,0x4cd15e6e75a33beee92dab474df8b9db3c2ada90543234933ee418ce1d4d0296,2026-09-20T20:40:49+00:00,unresolved,activity_gap_and_other_conditions_unverified,0,False,,,,,
uniswap-v4,0x0477c0394114ec4ffda02f3186caf4fdaecd71a7595e2f34a8c06b50b67f1ac7,2026-09-20T20:41:07+00:00,unresolved,activity_gap_and_other_conditions_unverified,8,False,,,,,
uniswap-v4,0xe554b8ce9739be1301dec0b04ddbad9fbcdc62701f85a3306ec8cdeee4781fab,2026-09-20T20:41:37+00:00,unresolved,activity_gap_and_other_conditions_unverified,0,False,,,,,
uniswap-v4,0x3069d483a4a9baa7767e0d247a9912d8e9eb7e1906b2e50b6659d74b4ac20788,2026-09-20T20:42:09+00:00,unresolved,activity_gap_and_other_conditions_unverified,1,False,,,,,
uniswap-v4,0x0d0b14050ae5bb0125962c2098b0077ed1e90d87c07654dabfed7d96329fce73,2026-09-20T20:42:13+00:00,unresolved,activity_gap_and_other_conditions_unverified,1,False,,,,,
uniswap-v4,0x54d8e08b87b9a688f427e6122148edc996b94da4e9350383e0b1fa182f4f1b30,2026-09-20T20:42:43+00:00,unresolved,activity_gap_and_other_conditions_unverified,0,False,,,,,
uniswap-v4,0x97a8fc452d68b03e654692efb650d71f67257e4696293d5887d743b2f558cf27,2026-09-20T20:43:25+00:00,unresolved,activity_gap_and_other_conditions_unverified,2,False,,,,,
uniswap-v4,0x91db512a93240a006d07c08cadf92ccc2f7434ef0af1f7985c6e0e0b10c99f82,2026-09-20T20:43:29+00:00,unresolved,activity_gap_and_other_conditions_unverified,0,False,,,,,
uniswap-v4,0xaa0715a42ca9a13de1e4619906e401388c0bc9ad6648897570adb7ffd000e12e,2026-09-20T20:43:33+00:00,unresolved,activity_gap_and_other_conditions_unverified,0,False,,,,,
uniswap-v4,0xc0807ed8cd2198836c8985e51a1479d6dd0c7e3d718fbcef82cc7318856f052d,2026-09-20T20:43:51+00:00,unresolved,activity_gap_and_other_conditions_unverified,0,False,,,,,
uniswap-v4,0x93d846b935c7b7dbf233e0ddb3f24010616d1284179411671b03726cd4ca6cc7,2026-09-20T20:44:05+00:00,unresolved,activity_gap_and_other_conditions_unverified,0,False,,,,,
uniswap-v4,0x42dc5c62bf1e5b87158e07ea10d059d4e8c42eb0c3cf57738f214c466dc8c5ba,2026-09-20T20:44:31+00:00,unresolved,activity_gap_and_other_conditions_unverified,9,False,,,,,
uniswap-v4,0x07bf3aef4b433f187d9cd74c96a4d63666ef878a75f96a427ec3c84c1969810d,2026-09-20T20:44:43+00:00,unresolved,activity_gap_and_other_conditions_unverified,0,False,,,,,
uniswap-v4,0xe9ef934dbb17629bd9490cd64b4b8b5e35544fd8159704e024be4f5d7bb080e7,2026-09-20T20:45:15+00:00,unresolved,activity_gap_and_other_conditions_unverified,0,False,,,,,
uniswap-v4,0x5de8bea06338b482e7ea2d3c08b2bfbb8d5a8cd4e50cc14f36a44d0e1a0c9f5f,2026-09-20T20:45:57+00:00,unresolved,activity_gap_and_other_conditions_unverified,2,False,,,,,
uniswap-v4,0xcb552968fd0bd18f7bcdbe79493bbc2fa9ce370e1d64e17c34c3930d6c0d5c91,2026-09-20T20:47:21+00:00,unresolved,activity_gap_and_other_conditions_unverified,0,False,,,,,
uniswap-v4,0x3e998e19c357f9fe2f6ac442140b0d248f5842f9d43453e1793ce485ed1d6e18,2026-09-20T20:47:39+00:00,unresolved,activity_gap_and_other_conditions_unverified,0,False,,,,,
uniswap-v4,0x342c9ab9caf8e65d911ad60ac2515abf1da51a7e16f360b450446079a813da9a,2026-09-20T20:49:45+00:00,unresolved,activity_gap_and_other_conditions_unverified,0,False,,,,,
uniswap-v4,0x2a9f083b52538c2def61ed5a4692d9c114a4a63c5bb10d92bf8b0b21bf297454,2026-09-20T20:49:47+00:00,unresolved,activity_gap_and_other_conditions_unverified,0,False,,,,,
uniswap-v4,0x5ee6a5638bf3173b695029b44120d3b1bd9ce75ce29f3c41c6aa35a4685699f1,2026-09-20T20:49:49+00:00,unresolved,activity_gap_and_other_conditions_unverified,2,False,,,,,
uniswap-v4,0xc813dcb893fc797000dde7d64bebcd8472135f1ca47ff17374c255f9e11ef58c,2026-09-20T20:49:53+00:00,unresolved,activity_gap_and_other_conditions_unverified,0,False,,,,,
uniswap-v4,0x9dc83d1b4f80a3b622aa63dd0d80116709ebf0fac95eff1c6774b0cab72aefaa,2026-09-20T20:51:31+00:00,unresolved,activity_gap_and_other_conditions_unverified,4,False,,,,,
uniswap-v4,0xac22cfbd4e5433980d8554aff3775014c8d996626de9fca560c3bbb7d2b8be0c,2026-09-20T20:52:31+00:00,unresolved,activity_gap_and_other_conditions_unverified,0,False,,,,,
uniswap-v4,0xeeda9892e827bb90e97965267a0760783340051996dcfb71b65b1aba71bc5b77,2026-09-20T20:53:19+00:00,unresolved,activity_gap_and_other_conditions_unverified,0,False,,,,,
uniswap-v4,0xda7446ad0b5e760b69e43fb8520e78df2f08afb8d7c5f9af1f45a50ed4f32046,2026-09-20T20:54:41+00:00,unresolved,activity_gap_and_other_conditions_unverified,0,False,,,,,
uniswap-v4,0x8f09a52ae94c48ebc9614b6062bab05602dc0d718c740a83e45f959fc08b0757,2026-09-20T20:54:43+00:00,unresolved,activity_gap_and_other_conditions_unverified,0,False,,,,,
uniswap-v4,0x7e74a8bc28346e72bc66f7987dce9682423d016ebf1bda7e7a3a70dafcb3610d,2026-09-20T20:55:31+00:00,unresolved,activity_gap_and_other_conditions_unverified,0,False,,,,,
uniswap-v4,0xe7f96b61525f929983c21ebbe2eaf6bde1bafdeb5b3bf2df269064b4d957e494,2026-09-20T20:55:37+00:00,unresolved,activity_gap_and_other_conditions_unverified,0,False,,,,,
uniswap-v4,0xec491dc88dc02992457e68475cf8e184bf7afb80ea9d0814fb41ca5ef8b57475,2026-09-20T20:56:51+00:00,unresolved,activity_gap_and_other_conditions_unverified,0,False,,,,,
uniswap-v4,0xe5030cd182517af673130531dcc88b09c25e837069213c307b16ef2ea51c2ce0,2026-09-20T20:56:57+00:00,unresolved,activity_gap_and_other_conditions_unverified,0,False,,,,,
uniswap-v4,0x43e7ef387fb6e36895c821aec1b9fd9590510d4227b980d01c836cfc72f3f83c,2026-09-20T20:57:13+00:00,unresolved,activity_gap_and_other_conditions_unverified,0,False,,,,,
uniswap-v4,0x87012f2670c08d3bc8c9dabae34c3662fb249c672076d387c7a0ec47cef45bbe,2026-09-20T20:57:59+00:00,unresolved,activity_gap_and_other_conditions_unverified,8,False,,,,,
uniswap-v4,0xae16b93b02cacdc8cfd763049a1bde1b5dd9bbdf982f9cd3f91a69558a06f689,2026-09-20T20:58:35+00:00,unresolved,activity_gap_and_other_conditions_unverified,0,False,,,,,
uniswap-v4,0x39bcad7c266861354847cac83fe271d34fd2614ee198a93b2679cfa754b369c4,2026-09-20T20:58:39+00:00,unresolved,activity_gap_and_other_conditions_unverified,0,False,,,,,
uniswap-v4,0x01120dafa838fc27e82d7d62fe7a387bf267daa35c4c9639bb604de5cbeab90c,2026-09-20T20:59:21+00:00,unresolved,activity_gap_and_other_conditions_unverified,0,False,,,,,
uniswap-v4,0x45245e38cd3eaac69dd02d229394e62f5598c4edd839216a4a191fe652e567c8,2026-09-20T20:59:25+00:00,unresolved,activity_gap_and_other_conditions_unverified,0,False,,,,,
uniswap-v4,0xf421fc7751701c1ce51a50c8f348074f8063182f7e2e840281aadd9c517fb7d8,2026-09-20T20:59:49+00:00,unresolved,activity_gap_and_other_conditions_unverified,0,False,,,,,
uniswap-v4,0x40e47add48d8e0ad18d664c91c16c124bd6bcf307034343a474dc5e22fbc5f3e,2026-09-20T21:00:09+00:00,unresolved,activity_gap_and_other_conditions_unverified,0,False,,,,,
uniswap-v4,0xc15d28e6f2e7f3e1c584d5e8b7103b3489f655b340a22f782cbe5cd6ecdc2fb9,2026-09-20T21:00:13+00:00,unresolved,activity_gap_and_other_conditions_unverified,0,False,,,,,
uniswap-v4,0x0705cf15680789e62bf636e35aa3ca647b4dd1695fcf0dfe4cbb21863bd01b89,2026-09-20T21:00:23+00:00,unresolved,activity_gap_and_other_conditions_unverified,0,False,,,,,
uniswap-v4,0x9b053cc8001a7a23c8be14e4928d0a2a6cf9bdfeb6a13ab2e7b460c9ae5cc0b4,2026-09-20T21:01:33+00:00,unresolved,activity_gap_and_other_conditions_unverified,0,False,,,,,
uniswap-v4,0x69cda37753a1d82bcdff8a074f68db6c68b171e29bb4523691c5a60ccbd2cb5a,2026-09-20T21:01:37+00:00,unresolved,activity_gap_and_other_conditions_unverified,0,False,,,,,
uniswap-v4,0x2a294f9a5840f52076eea4c218cb77518dc89534b38af2b4cc26d203233912e3,2026-09-20T21:01:41+00:00,unresolved,activity_gap_and_other_conditions_unverified,0,False,,,,,
uniswap-v4,0xc08cc329848af84cdefef9b33c93c8970ddaa0e9f987968ad9cbea4e615bbf4f,2026-09-20T21:01:45+00:00,unresolved,activity_gap_and_other_conditions_unverified,0,False,,,,,
uniswap-v4,0x9190e95083312bfe4e8cc55ed253a5af856758099cd730efd2369af3c476c550,2026-09-20T21:02:07+00:00,unresolved,activity_gap_and_other_conditions_unverified,0,False,,,,,
uniswap-v4,0xb829803b0d3a2007b252d8f84e1353310325e4a4aa59a7fe683f0b9fb31851f9,2026-09-20T21:02:43+00:00,unresolved,activity_gap_and_other_conditions_unverified,0,False,,,,,
uniswap-v4,0xd419fbaf88e5e5449cba01f33d90b0b798594825b0bdba04c4cebe013d417e49,2026-09-20T21:03:19+00:00,unresolved,activity_gap_and_other_conditions_unverified,0,False,,,,,
uniswap-v4,0xf03d7f0cde50b3051f69f1e021d7d78e69c6f0a120abb233d86009a06e8fc0a6,2026-09-20T21:03:23+00:00,unresolved,activity_gap_and_other_conditions_unverified,0,False,,,,,
uniswap-v4,0xf7262ac8ac0aa843b5d77d07590bf4b42654bee59dd0d7f2816524ef6d916393,2026-09-20T21:03:41+00:00,unresolved,activity_gap_and_other_conditions_unverified,0,False,,,,,
uniswap-v4,0x6472c7353c96d02af388a3c118c2dd7c3e67f3b71bb10740359566746df8c662,2026-09-20T21:04:05+00:00,unresolved,activity_gap_and_other_conditions_unverified,0,False,,,,,
uniswap-v4,0xe52c3bbc1a57b5009229c37c9d8526883bba05c2820005ee1ebbae775d55bd13,2026-09-20T21:04:09+00:00,unresolved,activity_gap_and_other_conditions_unverified,0,False,,,,,
uniswap-v4,0x85fe289de1377206267aa7c69e5b3e3e755457389e632dfd2e2b783244a5734e,2026-09-20T21:04:23+00:00,unresolved,activity_gap_and_other_conditions_unverified,0,False,,,,,
uniswap-v4,0x2315cc6ced0919194d48378c6bf0672b60ce5a7d570ba0d2822d0c70a5a726d2,2026-09-20T21:04:27+00:00,unresolved,activity_gap_and_other_conditions_unverified,0,False,,,,,
uniswap-v4,0xc96186cb16d1519e3d5e7638a65aa25e225fdaa7c7a60270fcdfc2b9100c8a8f,2026-09-20T21:05:35+00:00,unresolved,activity_gap_and_other_conditions_unverified,30,False,,,,,
uniswap-v4,0x11159bf5599d8e643aff1a74ec6dfc2e0fcb54239299941e8b9907bee3e09fb3,2026-09-20T21:06:49+00:00,unresolved,activity_gap_and_other_conditions_unverified,0,False,,,,,
uniswap-v4,0x46480b6623d6fa0af0844999b535fa5127e4febd3e5ea2d4b855cdfcbfb14ef7,2026-09-20T21:07:25+00:00,unresolved,activity_gap_and_other_conditions_unverified,0,False,,,,,
uniswap-v4,0x7ef7e38044bca00cd49aa4c23f3112afee0c6c56929006bdf56728cce425cc99,2026-09-20T21:07:49+00:00,unresolved,activity_gap_and_other_conditions_unverified,59,False,,,,,
uniswap-v4,0x1695a961f62051e132a94cd9e663a88dba5714ea2f9a3137c2d6e155dc734fde,2026-09-20T21:07:53+00:00,unresolved,activity_gap_and_other_conditions_unverified,0,False,,,,,
uniswap-v4,0x18b3353052b7daa258abe02f7378fb9c617e40d6616197c616e365517a049bfa,2026-09-20T21:08:29+00:00,unresolved,activity_gap_and_other_conditions_unverified,0,False,,,,,
uniswap-v4,0xb73b866a6512c2c8f45758194982827042465f7c427233dd0592e58552fa0e1b,2026-09-20T21:08:33+00:00,unresolved,activity_gap_and_other_conditions_unverified,0,False,,,,,
uniswap-v4,0x79a420e86274d699d30f58bb59464e486ba7c4e24aa1d15fec5ead72ce320d28,2026-09-20T21:09:07+00:00,unresolved,activity_gap_and_other_conditions_unverified,0,False,,,,,
uniswap-v4,0xa22a705bb1dd6c683da57207f91cc2c01021e2ebaf3274f7cb1231e1447d439f,2026-09-20T21:09:53+00:00,unresolved,activity_gap_and_other_conditions_unverified,0,False,,,,,
uniswap-v4,0x8acfd0850af3c6b5a7020d362e35461b47aca490a4b1385ae206062b97f2cae0,2026-09-20T21:09:57+00:00,unresolved,activity_gap_and_other_conditions_unverified,0,False,,,,,
uniswap-v4,0xec06e94e4ce3a16b0a692348771bad0a8d5ced883d131219762118490aaba0fa,2026-09-20T21:10:01+00:00,unresolved,activity_gap_and_other_conditions_unverified,0,False,,,,,
uniswap-v4,0x5bab61d5491b91ab0e924dfa679953ecfbf70e74e37d525c7ec5738e8caeb614,2026-09-20T21:10:11+00:00,unresolved,activity_gap_and_other_conditions_unverified,6,False,,,,,
uniswap-v4,0x6f8df6410d3b018eecbb4af55a544d6fe57fb82f32c0a9743d5b7e143e6056fb,2026-09-20T21:10:23+00:00,unresolved,activity_gap_and_other_conditions_unverified,0,False,,,,,
uniswap-v4,0x6f4ef38e24774890290e95d533b5a7f44263efc122b677aabb736532f24f07a1,2026-09-20T21:10:27+00:00,unresolved,activity_gap_and_other_conditions_unverified,0,False,,,,,
uniswap-v4,0x744b987fc6329351d8fdfd4d296654e261ee1452e8589acc942da42644882bbf,2026-09-20T21:10:29+00:00,unresolved,activity_gap_and_other_conditions_unverified,0,False,,,,,
uniswap-v4,0xd6900cf9b280cb367e241307582b878963ba567166f91ab17a988a117b916521,2026-09-20T21:10:31+00:00,unresolved,activity_gap_and_other_conditions_unverified,0,False,,,,,
uniswap-v4,0x5f36540d2c137cf4a2add0786e669d861932d3e218822967a78e3f57e82655fc,2026-09-20T21:11:13+00:00,unresolved,activity_gap_and_other_conditions_unverified,0,False,,,,,
uniswap-v4,0xbe4e03a02af4bcf52af2f0863a4042c73362f773441989a052c01af70dd003f6,2026-09-20T21:11:13+00:00,unresolved,activity_gap_and_other_conditions_unverified,0,False,,,,,
uniswap-v4,0x79e9c3be22678045fa0a298467a2d878a5ca9df6ae6e62557bcdf3e559e93d40,2026-09-20T21:11:15+00:00,unresolved,activity_gap_and_other_conditions_unverified,0,False,,,,,
uniswap-v4,0x12802218aa4ef2caf755f8bf2757a09e7a771cf36e669e8d86bd2816ce2a4b48,2026-09-20T21:11:29+00:00,unresolved,activity_gap_and_other_conditions_unverified,0,False,,,,,
uniswap-v4,0x3218c2fd7f1c036d265cd57dde7fbbf091604cbe1e4e4015ee1fafef696ad00c,2026-09-20T21:11:31+00:00,unresolved,activity_gap_and_other_conditions_unverified,0,False,,,,,
uniswap-v4,0x20138074016d38892272331a7c710ab3161a87bcdd367c5fea3ee70f292586f3,2026-09-20T21:11:35+00:00,unresolved,activity_gap_and_other_conditions_unverified,0,False,,,,,
uniswap-v4,0xab854e54d56019f62ca1aadc716fd1359172b30275b0a257676964de0498f99e,2026-09-20T21:12:13+00:00,unresolved,activity_gap_and_other_conditions_unverified,0,False,,,,,
uniswap-v4,0x28f0dc198469b317e60482413650a2a32c00042007364b9775f07061fa0d2d12,2026-09-20T21:12:35+00:00,unresolved,activity_gap_and_other_conditions_unverified,0,False,,,,,
uniswap-v4,0x4982b01d5c06d0afbe286daecdc900bef68518552a03799d9c1c297fcca54cb0,2026-09-20T21:12:49+00:00,unresolved,activity_gap_and_other_conditions_unverified,0,False,,,,,
uniswap-v4,0x93713876465457776b551a36d4cf2712a3c1dfb380aeb5cb143e068dfbf5b4de,2026-09-20T21:13:29+00:00,unresolved,activity_gap_and_other_conditions_unverified,0,False,,,,,
uniswap-v4,0x83856cca393ecf03de38373fd709ee059ffdb8e257f364be42bb2115cb83de76,2026-09-20T21:14:09+00:00,unresolved,activity_gap_and_other_conditions_unverified,0,False,,,,,
uniswap-v4,0xff231d821199070c20a23f4fc164c701ab5917131bee73a23cc4f8350ff3e03d,2026-09-20T21:14:11+00:00,unresolved,activity_gap_and_other_conditions_unverified,0,False,,,,,
uniswap-v4,0xf45c0f009a8e3679e1a11421abc374fc018c1ad5e0b04d3df33a3fcf2d34c6f2,2026-09-20T21:14:41+00:00,unresolved,activity_gap_and_other_conditions_unverified,0,False,,,,,
uniswap-v4,0x0407fed73002a36441895c09a274897beacd39e0ea85268ad0ef48cf504b6f38,2026-09-20T21:14:47+00:00,unresolved,activity_gap_and_other_conditions_unverified,0,False,,,,,
uniswap-v4,0x07760f78ad5ea11bac787b76481964f8c17a41f253c498833cb2d3e52a7e9f0b,2026-09-20T21:14:51+00:00,unresolved,activity_gap_and_other_conditions_unverified,0,False,,,,,
uniswap-v4,0x22e1182298bc6299354912da75b3619e9d45da7cf9fd15984a14f993d7bf590a,2026-09-20T21:15:03+00:00,unresolved,activity_gap_and_other_conditions_unverified,0,False,,,,,
uniswap-v4,0x3a8ab185b49a34734a35732b0ace3a1700d6c8a5c9dc9116d644e8a8d3eb5df2,2026-09-20T21:15:05+00:00,unresolved,activity_gap_and_other_conditions_unverified,0,False,,,,,
uniswap-v4,0x17656f86a780dcd273e316a75e580d2880a0159331f2b8617ea4ddbacd8fd7f4,2026-09-20T21:15:07+00:00,unresolved,activity_gap_and_other_conditions_unverified,0,False,,,,,
uniswap-v4,0x3969d3fbb06c1e00dab4895b2a1fcbfb4b6fa7eb834ec20a364c1be4fe2f3b6f,2026-09-20T21:15:09+00:00,unresolved,activity_gap_and_other_conditions_unverified,0,False,,,,,
uniswap-v4,0xeaaa7d7fcb6d74f541f0d8ed9f4aef1392e6f821587483ae2e74f381fe43ca42,2026-09-20T21:15:15+00:00,unresolved,activity_gap_and_other_conditions_unverified,1,False,,,,,
uniswap-v4,0xeaae3c3c7fc7a87dc9b7506cc397a0fc678bf15e5534b4ed697b514d30d0dd6b,2026-09-20T21:15:25+00:00,unresolved,activity_gap_and_other_conditions_unverified,0,False,,,,,
uniswap-v3,0x33b74c2df34c4b47c74dc8d076a3f28cdbedcfdc,2026-09-20T21:16:45+00:00,excluded,positive_lp_share_withdrawal_succeeded,4,True,,,,,
uniswap-v4,0x0b434247addeee31efb6cacd72e1601eda38e5fa1c451d7e5ec8d77d0f65a4fc,2026-09-20T21:16:55+00:00,unresolved,activity_gap_and_other_conditions_unverified,0,False,,,,,
uniswap-v4,0xc413ffc76565451c21b435d7eab483760e42f29b769e3407a0cf8fc3b381837a,2026-09-20T21:16:59+00:00,unresolved,activity_gap_and_other_conditions_unverified,0,False,,,,,
uniswap-v4,0x4e072fafe6f49db14c25436e6429e6282ba9b4412ab3b1c2c87d0e5cfa6c2c2d,2026-09-20T21:17:07+00:00,unresolved,activity_gap_and_other_conditions_unverified,0,False,,,,,
uniswap-v4,0x507e8cde029738920e2034d76a38e2ba3253f2a59845944927ddc2adb71d70d8,2026-09-20T21:17:27+00:00,unresolved,activity_gap_and_other_conditions_unverified,2,False,,,,,
uniswap-v4,0xf3cdc9c7a9ae1d1343b6cc60296044685dfcfd02ca315df9154703b92fd3efb0,2026-09-20T21:17:31+00:00,unresolved,activity_gap_and_other_conditions_unverified,0,False,,,,,
uniswap-v4,0xa272441b38ea176c777a4f8a8ae8f81b80040308568fd6099b4e8a56fd67a63c,2026-09-20T21:18:05+00:00,unresolved,activity_gap_and_other_conditions_unverified,0,False,,,,,
uniswap-v4,0x6c23ae95c13184c85e8993a558991efb0d30bd064191e45816f30f9b20ee1754,2026-09-20T21:19:21+00:00,unresolved,activity_gap_and_other_conditions_unverified,0,False,,,,,
uniswap-v4,0xecc98fbe3b22b680d73cab47c73fe27b6a057eac65c9d8203e23ed8a22c36d88,2026-09-20T21:19:23+00:00,unresolved,activity_gap_and_other_conditions_unverified,0,False,,,,,
uniswap-v4,0x817a361c7b97f5b31592163ea571d93d3423cadb9934ab30a4adee480e10347d,2026-09-20T21:19:25+00:00,unresolved,activity_gap_and_other_conditions_unverified,0,False,,,,,
uniswap-v4,0xfe4f79a8162986d144a8f7672d3784af1d1aeab7e1a91e08fc3f78ceb021c46c,2026-09-20T21:19:43+00:00,unresolved,activity_gap_and_other_conditions_unverified,0,False,,,,,
uniswap-v4,0x5639700497ece40b36a2f2b1b0406d9f45a5dc02addf6ac0473aee8763d4d6f8,2026-09-20T21:20:35+00:00,unresolved,activity_gap_and_other_conditions_unverified,0,False,,,,,
uniswap-v4,0x3a7bda94958166d584375a38fad7825ffac03d78520e8e51d9e4290ef4fa13dc,2026-09-20T21:20:47+00:00,unresolved,activity_gap_and_other_conditions_unverified,0,False,,,,,
uniswap-v4,0x3146fa296ad2ce855331c08bcb7203a99671659a7e6f05e9c5df8ce7c237a176,2026-09-20T21:20:51+00:00,unresolved,activity_gap_and_other_conditions_unverified,0,False,,,,,
uniswap-v4,0x6dd32d6937451276e595c3d371d4f9153e0074de38a554c26e1cb7c71c24d49e,2026-09-20T21:21:17+00:00,unresolved,activity_gap_and_other_conditions_unverified,0,False,,,,,
uniswap-v4,0x77d5e64b57560d0a3dff85eea997aae256e6331c100cc54c6e9a3f2ed6cf0431,2026-09-20T21:21:31+00:00,unresolved,activity_gap_and_other_conditions_unverified,0,False,,,,,
uniswap-v4,0x965da27b2961a1143da6ab107c6aa5e93eab9a5e5ed1fe0e5d31d41d9854ab23,2026-09-20T21:21:41+00:00,unresolved,activity_gap_and_other_conditions_unverified,0,False,,,,,
uniswap-v4,0xdef36481c34a550c1a2e293883a14ef2d22c7cb662782fc2782d81f2346c0115,2026-09-20T21:21:45+00:00,unresolved,activity_gap_and_other_conditions_unverified,0,False,,,,,
uniswap-v4,0x26c73e19a06d8087dd7126473efbd76ddd20bdd37a78f8690e09b8c8e587f52c,2026-09-20T21:22:29+00:00,unresolved,activity_gap_and_other_conditions_unverified,0,False,,,,,
uniswap-v4,0xdb0d391b7804ad0edd463f2af7ff0bfc2aa78d2e3cdda038e700e3d24ee61eb6,2026-09-20T21:23:21+00:00,unresolved,activity_gap_and_other_conditions_unverified,0,False,,,,,
uniswap-v4,0x71c21b182c586f67e7f2c6230255fe1841950703b4c27d4bcffd8db38709baf5,2026-09-20T21:24:01+00:00,unresolved,activity_gap_and_other_conditions_unverified,0,False,,,,,
uniswap-v4,0x8c773462f4f7afece310a47fa4153130ca6ee80cb90f68d92c82c87b320fe10b,2026-09-20T21:24:37+00:00,unresolved,activity_gap_and_other_conditions_unverified,4,False,,,,,
uniswap-v4,0x85a1e3bbb1969acf7a6bf7227f20e911ea5d8feb01fe7bd976fce9354c50fefe,2026-09-20T21:24:41+00:00,unresolved,activity_gap_and_other_conditions_unverified,0,False,,,,,
uniswap-v4,0xf940572bf4d7acc9b730614ce12bed3f63438fd131466e2760645f0ae72ad351,2026-09-20T21:24:59+00:00,unresolved,activity_gap_and_other_conditions_unverified,0,False,,,,,
uniswap-v4,0x2c1f5b7d00bfb6d8a5f977ef805d833d21f4e307c1cc167bb7c05081ce370bea,2026-09-20T21:25:01+00:00,unresolved,activity_gap_and_other_conditions_unverified,0,False,,,,,
uniswap-v4,0xf036f097424851035ae5072dc007dc0636bae7de47842b3b084a201fd7968528,2026-09-20T21:25:17+00:00,unresolved,activity_gap_and_other_conditions_unverified,2,False,,,,,
uniswap-v4,0x7041be8fc84004af1533cbee676651be0270864e9eca9a544a6b287932aa502f,2026-09-20T21:25:21+00:00,unresolved,activity_gap_and_other_conditions_unverified,0,False,,,,,
uniswap-v4,0xdccb43545590e6a86e723b664da25a02253e57ccb5cbfb7dbd235bc9ff2bc833,2026-09-20T21:25:29+00:00,unresolved,activity_gap_and_other_conditions_unverified,0,False,,,,,
uniswap-v4,0xf53efe9574ba02093e38b8822421848179b337b8ec5527d024ee046dfe3c3625,2026-09-20T21:25:41+00:00,unresolved,activity_gap_and_other_conditions_unverified,1,False,,,,,
uniswap-v4,0x8c1d6457d90cdab0fc04b26d6e63c5446ff67962754d0ccf5474b81cf51593c5,2026-09-20T21:26:13+00:00,unresolved,activity_gap_and_other_conditions_unverified,0,False,,,,,
uniswap-v4,0x506468b1ceaf02bd69489408892b26d3cf9b75e6e6019cde10bc9389e038b6e6,2026-09-20T21:26:17+00:00,unresolved,activity_gap_and_other_conditions_unverified,0,False,,,,,
uniswap-v4,0xacc85726b3d995d8da820b676af69d23e7dd60e60b8afcb2d320bdfdcddfa2fb,2026-09-20T21:26:19+00:00,unresolved,activity_gap_and_other_conditions_unverified,0,False,,,,,
uniswap-v4,0xac62241f2c03c995ab11d232f86767ed05a8386c9f2359c834b2fb2370a8e16c,2026-09-20T21:26:23+00:00,unresolved,activity_gap_and_other_conditions_unverified,0,False,,,,,
uniswap-v4,0x74e898752a686a66efab63d88eada3472f069aa3c434d2488138d9e2f2ed965b,2026-09-20T21:27:13+00:00,unresolved,activity_gap_and_other_conditions_unverified,0,False,,,,,
uniswap-v4,0x2fb399f2c7257cc479d0ba15b7727b3d2dcee334d528be9785104033d08fbeae,2026-09-20T21:27:23+00:00,unresolved,activity_gap_and_other_conditions_unverified,0,False,,,,,
uniswap-v4,0x1e9923b3470a0dc301fb148685c05db175224a540feafb829018c0008ec822bd,2026-09-20T21:28:43+00:00,unresolved,activity_gap_and_other_conditions_unverified,0,False,,,,,
uniswap-v4,0x6d2017f3dd88173b9cf8670d89f0bcd37ac00f833ddd59e70ac9a01bfbe0fa07,2026-09-20T21:28:47+00:00,unresolved,activity_gap_and_other_conditions_unverified,0,False,,,,,
uniswap-v4,0xafdb175aadf08fbfb3fe5019f822e2a771c8030980df79195b543f3404c95ce5,2026-09-20T21:29:59+00:00,unresolved,activity_gap_and_other_conditions_unverified,0,False,,,,,
uniswap-v4,0xa9f4726b0a4b0bc09930c833a6e12e7383dd07d79d4bb1872036eef50b969e07,2026-09-20T21:30:15+00:00,unresolved,activity_gap_and_other_conditions_unverified,0,False,,,,,
uniswap-v4,0x61686f2326628a2e82e3931c540f425aa78b7cb339b2f892e9d67e837ae4c9b5,2026-09-20T21:30:17+00:00,unresolved,activity_gap_and_other_conditions_unverified,0,False,,,,,
uniswap-v4,0x63c6ca8beaf4fbb92c8b57aeb91394727e010fd9fe1924ddc560df201de6d8c2,2026-09-20T21:30:19+00:00,unresolved,activity_gap_and_other_conditions_unverified,0,False,,,,,
uniswap-v4,0x90b85cab8ee5c4b3a7a2a222d8500084a2b155ddaba42087cef6682eee7dd97d,2026-09-20T21:32:27+00:00,unresolved,activity_gap_and_other_conditions_unverified,0,False,,,,,
uniswap-v4,0xbaf353b44aa30bbf1abeeca84d56ce2954154f2e21f8df09ea9e69727b877427,2026-09-20T21:33:13+00:00,unresolved,activity_gap_and_other_conditions_unverified,0,False,,,,,
uniswap-v4,0xa86ea21c306868894991f19b7f148c8f914714c20f12598f4f564e75d2d8060f,2026-09-20T21:33:23+00:00,unresolved,activity_gap_and_other_conditions_unverified,0,False,,,,,
uniswap-v4,0xc7e8ceac9b33730941155042be9a1f12d0021919044bef06bc37c460fe2df8f3,2026-09-20T21:35:23+00:00,unresolved,activity_gap_and_other_conditions_unverified,23,False,,,,,
uniswap-v4,0xccd9dd249d9e239dcc9ce6c46a49c0f13ea279824c13bbda5b085688ba2bf00f,2026-09-20T21:35:31+00:00,unresolved,activity_gap_and_other_conditions_unverified,0,False,,,,,
uniswap-v4,0x13cd44fe5da3135aa7b0abee44d4e084edd8e05cb2781c6dffe7170daa17d711,2026-09-20T21:35:43+00:00,unresolved,activity_gap_and_other_conditions_unverified,104,False,,,,,
uniswap-v4,0x7a9ae46e7149aa743d5988211dc2ff09e50c80683acc9fe5f131dbb66039a511,2026-09-20T21:35:47+00:00,unresolved,activity_gap_and_other_conditions_unverified,0,False,,,,,
uniswap-v4,0x38a5891c8d2a19a67c4f89153fc551c8c445d79e7ccd11fba24729d0872666a0,2026-09-20T21:36:23+00:00,unresolved,activity_gap_and_other_conditions_unverified,0,False,,,,,
uniswap-v4,0x56e3fb5d26761b8db48831cbc2bb0cf0faf6bc5c24acfdeb48f5831dd4ae3add,2026-09-20T21:36:25+00:00,unresolved,activity_gap_and_other_conditions_unverified,0,False,,,,,
uniswap-v4,0x11ad601d8f4ab2a1693515727c7a4bc97e4e9fdb717b2640ce33affab613dfac,2026-09-20T21:36:43+00:00,unresolved,activity_gap_and_other_conditions_unverified,109,False,,,,,
uniswap-v4,0x3eb42d568316025fba1b581a9661ce82bf80823dbde2b24457b47f82cc4eef60,2026-09-20T21:36:47+00:00,unresolved,activity_gap_and_other_conditions_unverified,0,False,,,,,
uniswap-v4,0x9b2c06f6b8f8e772414c433472f70b54abb1cf6e38742e053aa4897b5a6deffe,2026-09-20T21:37:31+00:00,unresolved,activity_gap_and_other_conditions_unverified,0,False,,,,,
uniswap-v4,0x29bd3945022f8e7d232ccea43eb8799375292a54f5a5b8c2c57b09658de71733,2026-09-20T21:37:35+00:00,unresolved,activity_gap_and_other_conditions_unverified,0,False,,,,,
uniswap-v4,0x5bac1ef998dce6466639b63529c0aca4b5d7efb4532240fed157933846dcacb7,2026-09-20T21:37:53+00:00,unresolved,activity_gap_and_other_conditions_unverified,0,False,,,,,
uniswap-v4,0xeaf2b780219de34df3a04dcb903cbfebc3c859d01b461d3430be04e73d98eb67,2026-09-20T21:38:15+00:00,unresolved,activity_gap_and_other_conditions_unverified,0,False,,,,,
uniswap-v4,0x1db5a72af57caa3bc73c871b3a789b34414fff50ed97f12bf0ebd1a051fff28f,2026-09-20T21:38:19+00:00,unresolved,activity_gap_and_other_conditions_unverified,0,False,,,,,
uniswap-v4,0xf71f506df769ba5a63bd0ac015f3a18303d47090c0af15e6ad4560e354bf6817,2026-09-20T21:38:29+00:00,unresolved,activity_gap_and_other_conditions_unverified,0,False,,,,,
uniswap-v4,0x2df2e3c41b145927e7b0cf684e5d2dc995c5e9a9ee69998ac12c8bbce40a319a,2026-09-20T21:38:59+00:00,unresolved,activity_gap_and_other_conditions_unverified,0,False,,,,,
uniswap-v4,0xcf35dfeaa85e23769845f27ed1ca71d287da4b6f0034d6db5ebd8a4a96cffad4,2026-09-20T21:39:03+00:00,unresolved,activity_gap_and_other_conditions_unverified,0,False,,,,,
uniswap-v4,0xdaab83c0c4af3057a57f5824b7b88c5c38b2a5f6f24c3240c79702d7dff187f9,2026-09-20T21:39:41+00:00,unresolved,activity_gap_and_other_conditions_unverified,0,False,,,,,
uniswap-v4,0x9cbff25a385026d31a6c8ade7d0e33086203a8820783e2b4215c2b52023d93c8,2026-09-20T21:40:31+00:00,unresolved,activity_gap_and_other_conditions_unverified,0,False,,,,,
uniswap-v4,0x0bfeb6534d42082bf7e46050b39abc72b25be32b9080728d9b3034c8e8fe4863,2026-09-20T21:40:43+00:00,unresolved,activity_gap_and_other_conditions_unverified,0,False,,,,,
uniswap-v4,0x7699b482da9e5e2d559c2fe83d118b24d746527146daa826dfdb334e36e09c96,2026-09-20T21:41:01+00:00,unresolved,activity_gap_and_other_conditions_unverified,0,False,,,,,
uniswap-v4,0x694c19719076b62aa80ad97c7aad3b0e6fda3ce29ea556b4188ac0bbf3ee3c8e,2026-09-20T21:41:19+00:00,unresolved,activity_gap_and_other_conditions_unverified,0,False,,,,,
uniswap-v4,0xea526f5b90e1fb86164092f1732d705e8e4e8c9d6ca37cbb98b4aae7fb28a8d8,2026-09-20T21:41:35+00:00,unresolved,activity_gap_and_other_conditions_unverified,0,False,,,,,
uniswap-v4,0x461e474125a6bdeffbb8b6d7af5009d68cccf207824aeb6accd521b239e005cf,2026-09-20T21:42:13+00:00,unresolved,activity_gap_and_other_conditions_unverified,1,False,,,,,
uniswap-v4,0xe379ce9b8025b5be43febd634d3a6b2d3fe5c96e9581fcf60f236aab5edd8973,2026-09-20T21:42:15+00:00,unresolved,activity_gap_and_other_conditions_unverified,0,False,,,,,
uniswap-v4,0xfb9ef61a449d7f543515ea50d17df87d23cf2b06e1e0873efe03e32e19b3043c,2026-09-20T21:42:25+00:00,unresolved,activity_gap_and_other_conditions_unverified,0,False,,,,,
uniswap-v4,0xf9bccec164e95a68fcfe4b25000dffddfa0a10e0243e8dbf9dc4a3806dfdfe09,2026-09-20T21:42:55+00:00,unresolved,activity_gap_and_other_conditions_unverified,143,False,,,,,
uniswap-v4,0xa8dada102444b03d51b8afd039b577044ba587a645b00d840170e5819a12ca9a,2026-09-20T21:42:59+00:00,unresolved,activity_gap_and_other_conditions_unverified,0,False,,,,,
uniswap-v4,0xfa89a4a0296d691bb44714f512263439e9287e7e2085ec30d616a45d2faef90e,2026-09-20T21:42:59+00:00,unresolved,activity_gap_and_other_conditions_unverified,0,False,,,,,
uniswap-v4,0x0a3844661fa66a0fdca992d5b10d584d16e8f8260d26bcec65212df4f9af97cc,2026-09-20T21:43:49+00:00,unresolved,activity_gap_and_other_conditions_unverified,0,False,,,,,
uniswap-v4,0xe9b6508768e1e3301c46a707d1f4500626e52e1b4657eb047e44f9d1389b93e3,2026-09-20T21:43:53+00:00,unresolved,activity_gap_and_other_conditions_unverified,0,False,,,,,
uniswap-v4,0x315d94f829be53200c7a3b3b0a84da62f83603303da1d617f4111096dfb52878,2026-09-20T21:44:09+00:00,unresolved,activity_gap_and_other_conditions_unverified,0,False,,,,,
uniswap-v4,0x428d2637a7295b5f29c2b359a1b1e8a4331d7abd6194545215395ae69545ed58,2026-09-20T21:44:51+00:00,unresolved,activity_gap_and_other_conditions_unverified,0,False,,,,,
uniswap-v4,0x2f97db2bb3469a8bb7c8e20efc6539340bbe61c651fcc576c6f1bef33e5a2a10,2026-09-20T21:44:55+00:00,unresolved,activity_gap_and_other_conditions_unverified,0,False,,,,,
uniswap-v4,0x6f1da5425afc3b830dafa499d5937d422f064a76d2f48f9071da07eb2d167d5a,2026-09-20T21:44:59+00:00,unresolved,activity_gap_and_other_conditions_unverified,0,False,,,,,
uniswap-v4,0x2263e942ee7449b6d1e21e6243ca5c1f23632c3f36ab115972a02d8e2f192344,2026-09-20T21:45:03+00:00,unresolved,activity_gap_and_other_conditions_unverified,0,False,,,,,
uniswap-v4,0x6605e977ce15ff670002de28ec6b864779174dd1ca5abe33bbc8b8c49e02013f,2026-09-20T21:45:13+00:00,unresolved,activity_gap_and_other_conditions_unverified,248,False,,,,,
uniswap-v4,0x3706b34aaba722b9830e01905c39daf7d43867e12bf8795bea53738a764d5509,2026-09-20T21:45:15+00:00,unresolved,activity_gap_and_other_conditions_unverified,0,False,,,,,
uniswap-v4,0xac3641dfe1c78cd0d7ac87b5c812a8da78e3746244724d787ea0bc628d1f25b2,2026-09-20T21:45:49+00:00,excluded,no_remaining_lp_principal,228,True,,,,,
uniswap-v4,0x321782c224f79519206b07048f44f7a02a7613a869ac7e510dcf306056538447,2026-09-20T21:46:21+00:00,excluded,no_swap_in_complete_creation_to_snapshot_history,0,True,,,,,
uniswap-v4,0xd2956588b066e1b198685fbb6e27a979654f75040a52e644820638e23f5835da,2026-09-20T21:46:31+00:00,excluded,no_swap_in_complete_creation_to_snapshot_history,0,True,,,,,
uniswap-v4,0xaa1ed351d533f98b7f200ca2b288034179f5f118cd5321dcc885cd8d247825a1,2026-09-20T21:46:53+00:00,excluded,no_swap_in_complete_creation_to_snapshot_history,0,True,,,,,
uniswap-v4,0xd007d56f224a61ae40d18163c0d690660bd872dc515a20df645a6f54ead45be1,2026-09-20T21:47:43+00:00,excluded,no_swap_in_complete_creation_to_snapshot_history,0,True,,,,,
uniswap-v4,0x9507ce298cc1ab9643a4709aca87e70e3e734b3cbbebf6ed5cee2a4d65fe87a3,2026-09-20T21:47:51+00:00,excluded,no_swap_in_complete_creation_to_snapshot_history,0,True,,,,,
uniswap-v4,0x06dea06298e5c67f0c1bba3d637b7cd8adb0fbeac1356005750727776cad8c09,2026-09-20T21:47:55+00:00,excluded,no_swap_in_complete_creation_to_snapshot_history,0,True,,,,,
uniswap-v4,0xadafc44b9e54e9e93418db89f9ffa325997a1fd641ffdf33b20182038f976663,2026-09-20T21:49:19+00:00,excluded,no_swap_in_complete_creation_to_snapshot_history,0,True,,,,,
uniswap-v4,0xc7f3afdbddaf734e26e88773f737984f0c4f814448f212804c88507ae29da83e,2026-09-20T21:50:29+00:00,excluded,no_swap_in_complete_creation_to_snapshot_history,0,True,,,,,
uniswap-v4,0xeb6136a728346d1036234ad47b61fb4371676af9b2a47b98bbcbcf55314af8f3,2026-09-20T21:51:37+00:00,excluded,no_swap_in_complete_creation_to_snapshot_history,0,True,,,,,
uniswap-v4,0x49786b4ed36d07275f31cf22f5eb7294b05a40a52b4d7722445a5f4c354da52f,2026-09-20T21:51:41+00:00,excluded,no_swap_in_complete_creation_to_snapshot_history,0,True,,,,,
uniswap-v4,0xcf43451e91cc3947ed9ad7b9c498343439a6ccbdb9e0bf45c7809348f150ba0d,2026-09-20T21:52:25+00:00,excluded,positive_lp_share_withdrawal_succeeded,4,True,,,,,
uniswap-v4,0x8f14fc6f2efdcd1df67a74c8c9333c6e1b5a42c599656fe73f506b2dddbd812f,2026-09-20T21:52:39+00:00,excluded,no_swap_in_complete_creation_to_snapshot_history,0,True,,,,,
uniswap-v4,0xcc8b98ba21ca8602892636d7ade8c362ba6537c3ea689da063e9de0c54eadc6f,2026-09-20T21:52:49+00:00,excluded,no_remaining_lp_principal,5,True,,,,,
uniswap-v4,0xd4907c2ca0197493f2d0c797afea22500ba77b2a81183b95c8db85836b5487d5,2026-09-20T21:52:49+00:00,unresolved,token_lp_or_usd_conditions_unverified,208,True,,,,,
uniswap-v4,0x644b6be7e4d9ef041b29aab6d79442b950ff7688ff86c8d00cc22907d665d013,2026-09-20T21:54:11+00:00,excluded,no_swap_in_complete_creation_to_snapshot_history,0,True,,,,,
uniswap-v4,0x6a8ce6585738b53ba10641326db089c6f8e971741e00487aed06de636f26620e,2026-09-20T21:56:49+00:00,excluded,no_swap_in_complete_creation_to_snapshot_history,0,True,,,,,
uniswap-v4,0x20ce7172ba3ed197d61c9c7d40779c424a051d2952997319106a994406c857a9,2026-09-20T21:56:53+00:00,excluded,no_swap_in_complete_creation_to_snapshot_history,0,True,,,,,
uniswap-v4,0xf2961057dc09e53702083779fe8844284f0adf413e581c11343f494e155ddde7,2026-09-20T21:57:03+00:00,excluded,no_swap_in_complete_creation_to_snapshot_history,0,True,,,,,
uniswap-v4,0xb14c88e6902250b2d60a9b74deb52953db1963fdf2fdb48f320b502debf1679a,2026-09-20T21:57:13+00:00,unresolved,token_lp_or_usd_conditions_unverified,4,True,,,,,
uniswap-v4,0x6dba57e8300dfb99490f6841a2758abd84ec153cd0a7b74c6a9a56a88b888714,2026-09-20T21:57:31+00:00,unresolved,token_lp_or_usd_conditions_unverified,4,True,,,,,
uniswap-v4,0x220744ee2dcbb2d48861aea1cdc3e65ac5e3b79009a93bcfc6afab20ae2abf6a,2026-09-20T21:57:31+00:00,excluded,no_swap_in_complete_creation_to_snapshot_history,0,True,,,,,
uniswap-v4,0xe66d6dbdb8cbe1e50060bee3a987d5f336509af3262d89bc768e521073d078f3,2026-09-20T21:57:57+00:00,excluded,no_remaining_lp_principal,11,True,,,,,
uniswap-v4,0xf0cdb9a6597316a35f7e6dabd51534ee8d99929b8a99498f04960484a37aaa2d,2026-09-20T21:58:05+00:00,excluded,no_swap_in_complete_creation_to_snapshot_history,0,True,,,,,
uniswap-v4,0xb1a7fdd6d6c0bdd66a1e7e05618a771d77f1a1bd06bd0d117b3f1bd35eff4c87,2026-09-20T21:58:57+00:00,excluded,no_remaining_lp_principal,216,True,,,,,
uniswap-v4,0x8a868eeeaf3c0ab077d4feaae05e6341fb3cd04c372d11a6386b09ba1e808961,2026-09-20T22:00:13+00:00,excluded,no_swap_in_complete_creation_to_snapshot_history,0,True,,,,,
uniswap-v4,0x45262c63e2ae8b4a0b8fcf1d04c6080abe7da8eea20dd616eb748dccce683168,2026-09-20T22:00:23+00:00,excluded,no_remaining_lp_principal,269,True,,,,,
uniswap-v4,0x9decff95de1fefab7f1d3818f2127d32b35ed1f8c32e1dd8b4e162fdb4e8429d,2026-09-20T22:00:23+00:00,unresolved,token_lp_or_usd_conditions_unverified,4,True,,,,,
uniswap-v4,0xbe356d87c699bab81d1d268149cb8e87d1d19c33412c096bcfbcbbf72dc838d5,2026-09-20T22:00:43+00:00,excluded,no_swap_in_complete_creation_to_snapshot_history,0,True,,,,,
uniswap-v4,0x9ed977ceb8c3457156f14071e25cd6f904805ecca82435be2e040347ff5d694e,2026-09-20T22:00:53+00:00,excluded,no_swap_in_complete_creation_to_snapshot_history,0,True,,,,,
uniswap-v4,0x8c2807ffb3a29476d85706744b569252424d376a105c5406b45d65fe2995a5d1,2026-09-20T22:02:37+00:00,excluded,no_remaining_lp_principal,5,True,,,,,
uniswap-v4,0xe663f4fe29e752847ddfeec6b7bb75fc0de1c760ad8a01544dfdd01a2219c0ea,2026-09-20T22:03:15+00:00,excluded,no_swap_in_complete_creation_to_snapshot_history,0,True,,,,,
uniswap-v4,0x92235f58f66d3707c5a7f1a79d4ca8c57c2a7f4587c42191db1125738360d77b,2026-09-20T22:03:47+00:00,excluded,no_swap_in_complete_creation_to_snapshot_history,0,True,,,,,
uniswap-v4,0x629d30273d0d38949241c5590eb301c790e8fe3f4c3559eda8612abd5042812d,2026-09-20T22:04:23+00:00,unresolved,token_lp_or_usd_conditions_unverified,2,True,,,,,
uniswap-v4,0x327756a0c51ab09b439578223ef856078c5ef712255f13f8219836979e94d69b,2026-09-20T22:04:59+00:00,excluded,no_swap_in_complete_creation_to_snapshot_history,0,True,,,,,
uniswap-v4,0x1e6c50b2f9cfa66eb36aecb38e6394d79298ab108000c4a477ce576f5ba50acc,2026-09-20T22:05:15+00:00,excluded,no_swap_in_complete_creation_to_snapshot_history,0,True,,,,,
uniswap-v4,0xa634b0785a3847c73bb2bbf5d360b497e7992f4eed52819d6401b2c4519bc4ec,2026-09-20T22:05:19+00:00,excluded,no_swap_in_complete_creation_to_snapshot_history,0,True,,,,,
uniswap-v4,0xce2b9900e6a6d7cb0d61570fbf283c779c04331d80c75b46f520b3bec96a21c5,2026-09-20T22:06:49+00:00,excluded,no_remaining_lp_principal,139,True,,,,,
uniswap-v4,0xd09e0e257630def5f50c823a7512152dbe0e75b7e77ee4e881cae06ec31d58e4,2026-09-20T22:06:51+00:00,excluded,no_swap_in_complete_creation_to_snapshot_history,0,True,,,,,
uniswap-v3,0x024b6b82a234c5360363bf6519933640584c0393,2026-09-20T22:07:47+00:00,excluded,no_swap_in_complete_creation_to_snapshot_history,0,True,,,,,
uniswap-v4,0x788039096f7ca2ebd31bfa79932bb60d9475a65904c73d9971b5b6674c69c3da,2026-09-20T22:08:27+00:00,excluded,no_remaining_lp_principal,132,True,,,,,
uniswap-v4,0xc7b0bc24f6672190d44957b7bf927ee079820eb5d5688e0ae8297b61704f0bf7,2026-09-20T22:08:31+00:00,excluded,no_swap_in_complete_creation_to_snapshot_history,0,True,,,,,
uniswap-v4,0xbae607461b8b9956cd8f1c19b6dbcd1a5b9ef03fcea56b1ee09fa4c972c4118a,2026-09-20T22:08:45+00:00,unresolved,token_lp_or_usd_conditions_unverified,1,True,,,,,
uniswap-v4,0xf3cdebf3c7b54c0c0cf4005ceffe907118941ec7dc65b66d08391dcb2e9e4d68,2026-09-20T22:08:53+00:00,excluded,no_swap_in_complete_creation_to_snapshot_history,0,True,,,,,
uniswap-v4,0x526f3f43a036f732a4b236cebfa044d80db47135e9af52fc9b88d62eb54d78be,2026-09-20T22:09:31+00:00,excluded,no_swap_in_complete_creation_to_snapshot_history,0,True,,,,,
uniswap-v4,0xad731c46b41d82369d690537e553af7aa2653b9191bbaef4a61704e9307daedd,2026-09-20T22:09:41+00:00,excluded,no_swap_in_complete_creation_to_snapshot_history,0,True,,,,,
uniswap-v4,0x760303007d260d327037f79c01ec5996a932e51824fb3b049762cd314cc06041,2026-09-20T22:09:45+00:00,excluded,no_swap_in_complete_creation_to_snapshot_history,0,True,,,,,
uniswap-v4,0xb24d92f1f6a3e0d9144dae301389b56a33747933b1f4fee19d680f1b3db2541f,2026-09-20T22:10:31+00:00,unresolved,token_lp_or_usd_conditions_unverified,2,True,,,,,
uniswap-v4,0x955817c0ddd44d9e0966e3826df5db3f4dddc9248e54b881bb167a04f007a359,2026-09-20T22:10:35+00:00,unresolved,token_lp_or_usd_conditions_unverified,3,True,,,,,
uniswap-v4,0x30cb63e2ee8d916566fc15459812b680958c9619d9123d84bae308901189fb5f,2026-09-20T22:10:59+00:00,excluded,no_swap_in_complete_creation_to_snapshot_history,0,True,,,,,
uniswap-v4,0x96ae5146ea06bdab666e2ba5854703d8a52375e08bbc1b8f2c5199199a4601df,2026-09-20T22:11:07+00:00,unresolved,token_lp_or_usd_conditions_unverified,1,True,,,,,
uniswap-v4,0x3a20231fa5bf7038196eebfcc5fb32c30bdc24d162ed509a1e10976449dd6d64,2026-09-20T22:11:07+00:00,excluded,no_remaining_lp_principal,203,True,,,,,
uniswap-v4,0x06d2f49cc380594d9103ceb77ab102adb317001734b90e5967fa52208e8f9d54,2026-09-20T22:12:13+00:00,unresolved,token_lp_or_usd_conditions_unverified,4,True,,,,,
uniswap-v4,0x2277584d0698877f2b9b4dca8b615e8031948809015a3cf0e115d949a29dbd5d,2026-09-20T22:12:37+00:00,excluded,no_remaining_lp_principal,5,True,,,,,
uniswap-v4,0x6bb234c337d46be1f2a43b5e8b98eb77716f0bb1d4e6bbff71d6b8a23d6baab0,2026-09-20T22:12:59+00:00,excluded,no_swap_in_complete_creation_to_snapshot_history,0,True,,,,,
uniswap-v4,0x8e23a4cf60f2baa4d99dd53329f84178637c782b764956de1a9a3e4bce00cf56,2026-09-20T22:13:03+00:00,excluded,no_swap_in_complete_creation_to_snapshot_history,0,True,,,,,
uniswap-v4,0xaca24601e3b97e003356e1f770d64cee5b2423357784f5aa724fa31d3f208771,2026-09-20T22:13:23+00:00,excluded,no_swap_in_complete_creation_to_snapshot_history,0,True,,,,,
uniswap-v4,0xa9aeaa7f4a7fcf249e53c8a301bc4383ca5bbf46f95411342a6153e678ed346b,2026-09-20T22:13:49+00:00,excluded,no_swap_in_complete_creation_to_snapshot_history,0,True,,,,,
uniswap-v4,0x51d1790a1ef7f26f1f6162acb422e6531e3b930ba6926dd4d51917976a1ca853,2026-09-20T22:13:53+00:00,excluded,no_swap_in_complete_creation_to_snapshot_history,0,True,,,,,
uniswap-v4,0x736d54a896f78ecf263a08e3df26db322a64118f24f290797955973323c26407,2026-09-20T22:13:53+00:00,excluded,no_swap_in_complete_creation_to_snapshot_history,0,True,,,,,
uniswap-v4,0xa2a796012d929e0dfe869f9193ec1a07fc4b41daf0a36af57e6a803e2fc42ade,2026-09-20T22:14:51+00:00,excluded,no_swap_in_complete_creation_to_snapshot_history,0,True,,,,,
uniswap-v4,0x5f81fc4da6b2376972c7bc79daea59d735ceb82430a2afa3bb108a15e7e87aa2,2026-09-20T22:14:51+00:00,excluded,no_swap_in_complete_creation_to_snapshot_history,0,True,,,,,
uniswap-v4,0xe991bec899854abf622817cda4930cfeb04c4acc99bbd150efe299d44ba4fecf,2026-09-20T22:14:55+00:00,excluded,no_swap_in_complete_creation_to_snapshot_history,0,True,,,,,
uniswap-v4,0x7219cd2ce405368be64cc2b44ec1991bf04c0df8067669b93ff16200505388b7,2026-09-20T22:15:15+00:00,unresolved,token_lp_or_usd_conditions_unverified,1,True,,,,,
uniswap-v4,0xcbfd7cf315ab025635c74a7da3602eeda1f455618e4fbcf7b0768de533aa9697,2026-09-20T22:15:29+00:00,excluded,no_remaining_lp_principal,280,True,,,,,
uniswap-v4,0xb93a8403c7555e939747f768d45c427d52538e26d6576fee59e66a3a767dc040,2026-09-20T22:15:47+00:00,excluded,no_swap_in_complete_creation_to_snapshot_history,0,True,,,,,
uniswap-v4,0xcb8d3609b547d876efaf5fd9ef6aee0c718cb967200004d438be4dd6ce8f44d1,2026-09-20T22:15:51+00:00,excluded,no_swap_in_complete_creation_to_snapshot_history,0,True,,,,,
uniswap-v4,0xadd7594a9d3d738ce9109d576a5288e70d98ebe3e309726765aef863b797f274,2026-09-20T22:16:43+00:00,excluded,no_swap_in_complete_creation_to_snapshot_history,0,True,,,,,
uniswap-v4,0x52f79bee369bd8b524ed921c93c126e7334e5927686fd08e271adc9ece178a51,2026-09-20T22:18:05+00:00,excluded,no_swap_in_complete_creation_to_snapshot_history,0,True,,,,,
uniswap-v4,0xa04429b672af8954aba61c487e6cd27eb56fd855e98db39e86de9d92f1aabef5,2026-09-20T22:18:09+00:00,excluded,no_swap_in_complete_creation_to_snapshot_history,0,True,,,,,
uniswap-v4,0x3599f4d94229892712797d905098f19a233d3a9eecacd5184c5857ed45dc2a03,2026-09-20T22:18:13+00:00,excluded,no_swap_in_complete_creation_to_snapshot_history,0,True,,,,,
uniswap-v4,0xae48a8829e231f3cc4cdfebbdf747ccf772bda0e438988389dcae6fd7f1fb875,2026-09-20T22:18:25+00:00,unresolved,token_lp_or_usd_conditions_unverified,1,True,,,,,
uniswap-v4,0x33de6a7d9640594ac150006bc60232fecd71cb42f41488c0403357a13b0eb85c,2026-09-20T22:18:37+00:00,unresolved,token_lp_or_usd_conditions_unverified,1,True,,,,,
uniswap-v4,0x4aeb50f23bfcbe74a3bbdf629cfe7ed8e56cdf8de3981125710ccd393a0df304,2026-09-20T22:18:49+00:00,excluded,no_swap_in_complete_creation_to_snapshot_history,0,True,,,,,
uniswap-v4,0x0d94bce44815907492f0d34446be346d0bd843854162c1006c474c0d2ce692d1,2026-09-20T22:18:53+00:00,excluded,no_swap_in_complete_creation_to_snapshot_history,0,True,,,,,
uniswap-v4,0xf33e50a0d654c5f48c5079af4f935d13a03e4735aaf1547b03d677f493e41186,2026-09-20T22:20:25+00:00,excluded,no_swap_in_complete_creation_to_snapshot_history,0,True,,,,,
uniswap-v4,0x7f66a2f954829d48e47c2da0f2147ec92a2a776b5a15a722cccc6ee348d47e41,2026-09-20T22:22:09+00:00,excluded,no_swap_in_complete_creation_to_snapshot_history,0,True,,,,,
uniswap-v4,0xb997979b7d949f7962b24251d2817903baecb1072b4a5211a81ef5975633443e,2026-09-20T22:22:17+00:00,excluded,no_remaining_lp_principal,5,True,,,,,
uniswap-v4,0x725e2f5474b583817a97538441e461c209b389838e95ae2718b353878559b93a,2026-09-20T22:22:51+00:00,excluded,no_swap_in_complete_creation_to_snapshot_history,0,True,,,,,
uniswap-v4,0xf342e3cb84d0c9e39317e630633d14529ba6cdffdebca8f6886bf48df91495fd,2026-09-20T22:23:19+00:00,excluded,no_remaining_lp_principal,178,True,,,,,
uniswap-v4,0xd82b9478054956098c857b3d5848030d2b6d8ee583180b32e5b6a81c13f24e98,2026-09-20T22:24:29+00:00,excluded,no_swap_in_complete_creation_to_snapshot_history,0,True,,,,,
uniswap-v4,0xe1fee80ef37539337d0f5547754a430526e89beecb595383e886aa0ed15d826e,2026-09-20T22:26:09+00:00,unresolved,token_lp_or_usd_conditions_unverified,1,True,,,,,
uniswap-v4,0x084ca3dadfb03917c7eb1bba6c01488d22c6592cd35f09a33fe107b6982f3425,2026-09-20T22:26:33+00:00,excluded,no_swap_in_complete_creation_to_snapshot_history,0,True,,,,,
uniswap-v4,0xb5115fdc3e82ff822d10f581f8b7611bc21a86df16ead4209876b8464e3c0848,2026-09-20T22:26:59+00:00,excluded,no_swap_in_complete_creation_to_snapshot_history,0,True,,,,,
uniswap-v4,0xac365bc613f2e44961ccc0f91db1bc7fcb316a1349f407a5f48bd8a9789d40d7,2026-09-20T22:27:11+00:00,excluded,no_swap_in_complete_creation_to_snapshot_history,0,True,,,,,
uniswap-v4,0xd709ff5e2b86b44b15931f7e19e3ed312f35cd29b002d53cee619ce6f712a44c,2026-09-20T22:27:11+00:00,excluded,no_swap_in_complete_creation_to_snapshot_history,0,True,,,,,
uniswap-v4,0x640ae93fcd290e58d2dc83909940b12af072fb65bcb7db4d9d2e019988ae037b,2026-09-20T22:27:13+00:00,unresolved,token_lp_or_usd_conditions_unverified,1,True,,,,,
uniswap-v4,0xd1ae223e0450bab6f996e312d214dc91313ef1e857a2a900788cf842684fa7d9,2026-09-20T22:27:37+00:00,excluded,no_swap_in_complete_creation_to_snapshot_history,0,True,,,,,
uniswap-v4,0xfb236674bc78e3416e93806d5c4e2b9f329e6d84c36720b20cf2f71be3a17466,2026-09-20T22:27:41+00:00,excluded,no_swap_in_complete_creation_to_snapshot_history,0,True,,,,,
uniswap-v4,0xd2145538b0124a53f7d063e0d066451677280d5ec18dd5893b0cab243dfdab21,2026-09-20T22:27:43+00:00,unresolved,token_lp_or_usd_conditions_unverified,1,True,,,,,
uniswap-v4,0x5aff0bff178632152255a09bb538ad930343f8d800b83a88e69ecb835d04f148,2026-09-20T22:27:55+00:00,excluded,no_swap_in_complete_creation_to_snapshot_history,0,True,,,,,
uniswap-v4,0x00df15126317cfafb5a3c88e6e35fbbd9eed5af875388357be015c022e4e4c18,2026-09-20T22:29:29+00:00,excluded,no_swap_in_complete_creation_to_snapshot_history,0,True,,,,,
uniswap-v4,0x81485091d76b5d8b841e0c650c465b146efdb1b79db937586a7f657f4dc884af,2026-09-20T22:29:33+00:00,excluded,no_swap_in_complete_creation_to_snapshot_history,0,True,,,,,
uniswap-v4,0xbead8e862e568273c6ced5fb1f864f67ad9be5b2ab8b5c080562edd5d9c87b94,2026-09-20T22:30:19+00:00,unresolved,token_lp_or_usd_conditions_unverified,1,True,,,,,
uniswap-v4,0xbf4e4898a8bc88f98280acdca36136be9b2fa918f54d0c074985d69d74fc36e3,2026-09-20T22:30:49+00:00,excluded,no_swap_in_complete_creation_to_snapshot_history,0,True,,,,,
uniswap-v4,0xd71525693d31f5c8e62e3d207b708e13bf940f9b4e58415443ce5e11d8b94242,2026-09-20T22:30:53+00:00,excluded,no_swap_in_complete_creation_to_snapshot_history,0,True,,,,,
uniswap-v4,0xf7b486b94dc19e4bd2068f7d858a86895308dbe0368fdeac33e070f4aea8ae45,2026-09-20T22:30:57+00:00,excluded,no_remaining_lp_principal,237,True,,,,,
uniswap-v4,0x8d821ecfaf510341fb0151d3db7edbfa58ec263f2c309247e1ec032fdfb63008,2026-09-20T22:31:25+00:00,unresolved,token_lp_or_usd_conditions_unverified,29,True,,,,,
uniswap-v4,0x4a3d3b0faee255255edea61d44ad733dd09051277a9eee2aa6a2e0c38c2867f3,2026-09-20T22:31:29+00:00,excluded,no_swap_in_complete_creation_to_snapshot_history,0,True,,,,,
uniswap-v4,0xb07ca6074eb9978c9cdfa4fbb57fe7b155adc2d0fa3087488bca62db11099678,2026-09-20T22:32:35+00:00,excluded,no_remaining_lp_principal,5,True,,,,,
uniswap-v4,0xfd1c621af7c3b1580206b7dbce9a79faebbaed3f35577570a4b11270cf92d968,2026-09-20T22:35:35+00:00,excluded,no_remaining_lp_principal,193,True,,,,,
uniswap-v4,0xa1f35039bc5c63756cc50c7055b054a1381d8f985210c8f7a5afd3ae5b28bb76,2026-09-20T22:35:39+00:00,excluded,no_swap_in_complete_creation_to_snapshot_history,0,True,,,,,
uniswap-v4,0x8cf663582e94eb91a28d587ec4c37cdcb82effb8a109503b2ed6c1626dc11e39,2026-09-20T22:35:43+00:00,excluded,no_swap_in_complete_creation_to_snapshot_history,0,True,,,,,
uniswap-v4,0x6cf029d3b10a4bb80fe29afdc9715c953bf22071504312c0a8b161ad25e5d610,2026-09-20T22:36:15+00:00,unresolved,token_lp_or_usd_conditions_unverified,28,True,,,,,
uniswap-v4,0x3783307aa0d0a69961384015aa7f0def24952739584fe58ec318829632c84306,2026-09-20T22:36:53+00:00,excluded,no_swap_in_complete_creation_to_snapshot_history,0,True,,,,,
uniswap-v4,0xfec6ee46e7425b5f96e0bb2be649db274c237cc0fb36171cf6e58ae04cba6205,2026-09-20T22:37:57+00:00,unresolved,token_lp_or_usd_conditions_unverified,33,True,,,,,
uniswap-v4,0x42a3718f01515b7ad9ff6f546db8002212605643e371013676c934414ab669ee,2026-09-20T22:37:59+00:00,excluded,no_swap_in_complete_creation_to_snapshot_history,0,True,,,,,
uniswap-v4,0x1b2718eb28cf2674cc811be6d089bb9a52c9edfff2c169f5d88c8955f3378144,2026-09-20T22:37:59+00:00,excluded,no_swap_in_complete_creation_to_snapshot_history,0,True,,,,,
uniswap-v4,0xd9e739955ef4458bdcc9483bc4f10896dc9d330f1ddca616fd583d2baf44026b,2026-09-20T22:38:01+00:00,excluded,no_swap_in_complete_creation_to_snapshot_history,0,True,,,,,
uniswap-v4,0xf6a72a303af4d56fea9ef39b2c81b71eb695ad56f21df247610eaaeb76b968bd,2026-09-20T22:38:03+00:00,excluded,no_swap_in_complete_creation_to_snapshot_history,0,True,,,,,
uniswap-v4,0x0c69f75397ec54598167fbd05490c4d168dae7b69f3cce1ced6f9a6ab0f958e3,2026-09-20T22:38:51+00:00,excluded,no_remaining_lp_principal,118,True,,,,,
uniswap-v4,0x219cabb8eb9bcf0b29746e99c6323010dc55ecb51669faf04d297e85224d3cf2,2026-09-20T22:38:55+00:00,excluded,no_swap_in_complete_creation_to_snapshot_history,0,True,,,,,
uniswap-v4,0x985d8e711e7d80a44190348a0c47485c4c5307cd7d3d8a7d9a6f052b1b05d198,2026-09-20T22:39:29+00:00,excluded,no_swap_in_complete_creation_to_snapshot_history,0,True,,,,,
uniswap-v4,0xd129b4dffae4d81982041b57fafae185b6675775241e1f8035d2ce97ed8e7963,2026-09-20T22:39:39+00:00,excluded,no_swap_in_complete_creation_to_snapshot_history,0,True,,,,,
uniswap-v4,0xa6d882578b98ea4e3613b97ed1d03b025f0fcb91c8c465bb720b195ddae423c2,2026-09-20T22:40:37+00:00,excluded,no_remaining_lp_principal,186,True,,,,,
uniswap-v4,0x090b0b1cdef357bbbfb7406eda7a1317df45943fe86932937fea5b635dc1da3a,2026-09-20T22:40:39+00:00,excluded,no_swap_in_complete_creation_to_snapshot_history,0,True,,,,,
uniswap-v4,0x4094ee18d6cfb9af8fd2e186464a1a30ae37926eec6cd2af217a19c9d6f3b449,2026-09-20T22:40:41+00:00,unresolved,token_lp_or_usd_conditions_unverified,1,True,,,,,
uniswap-v4,0x36e34439247385e9150de465cb88e1dd7feb0da56119c2def29ca55ea64259b9,2026-09-20T22:40:43+00:00,excluded,no_swap_in_complete_creation_to_snapshot_history,0,True,,,,,
uniswap-v4,0xf7df4b5efb6e5429c8913e952ab4f7a159e49faea0323d93e64f758ea65ba894,2026-09-20T22:40:47+00:00,excluded,no_swap_in_complete_creation_to_snapshot_history,0,True,,,,,
uniswap-v4,0x8cebc6ab969431128965fa8b30027a30ea1805755713544d9050627d9f8fb1c8,2026-09-20T22:40:49+00:00,excluded,no_swap_in_complete_creation_to_snapshot_history,0,True,,,,,
uniswap-v4,0xc2b0d9b04328cbd02a4c7b26c0580481d08f7a457b0fa1f54d7903ceb247d66c,2026-09-20T22:40:53+00:00,excluded,no_swap_in_complete_creation_to_snapshot_history,0,True,,,,,
uniswap-v4,0xc88d19e339eb07a2c899fdb8949221012451a8c6c6e60f5658c4ed4c3309faa7,2026-09-20T22:41:37+00:00,excluded,no_swap_in_complete_creation_to_snapshot_history,0,True,,,,,
uniswap-v4,0x1a0822f3d6ccb7681619995df2a737fc6a7f8ac1e6db4b842709db3cb54bb4f2,2026-09-20T22:41:41+00:00,excluded,no_swap_in_complete_creation_to_snapshot_history,0,True,,,,,
uniswap-v4,0x16b27ba3a9f67efa0566ef84b37a62f006757b319cec36cc8cbb16675a4b1cc0,2026-09-20T22:41:47+00:00,excluded,no_swap_in_complete_creation_to_snapshot_history,0,True,,,,,
uniswap-v4,0x243e6d2655a042e490b50a6dd716216bae1c6c1432492b69a117bf580c83ae9c,2026-09-20T22:42:19+00:00,excluded,no_swap_in_complete_creation_to_snapshot_history,0,True,,,,,
uniswap-v4,0x83b03f28d531daa0b262805a106bc8e04688fa0876b9399565178e87efe886ba,2026-09-20T22:42:27+00:00,excluded,no_remaining_lp_principal,5,True,,,,,
uniswap-v4,0x605270e4fdbbf29aa0519ca2b37a1f148a0cf6bbb8cde235c04e9576c6ddd805,2026-09-20T22:42:39+00:00,unresolved,token_lp_or_usd_conditions_unverified,1,True,,,,,
uniswap-v4,0x92d997d9618b77a6c040dbed7cc5b2af31e3636e9f1187d4eb25b1c722fe1657,2026-09-20T22:42:43+00:00,excluded,no_swap_in_complete_creation_to_snapshot_history,0,True,,,,,
uniswap-v4,0x44d93be0cd5b7410ec04eaeb165da788674f0b4cea369e68ce7aa6d2d63abd72,2026-09-20T22:42:47+00:00,excluded,no_swap_in_complete_creation_to_snapshot_history,0,True,,,,,
uniswap-v4,0xb2c69570032c9ffb2ff6ba268875bce30cd6502b55cbd58c464925455663bb38,2026-09-20T22:42:49+00:00,excluded,no_swap_in_complete_creation_to_snapshot_history,0,True,,,,,
uniswap-v4,0x01df61fcb3fde49a7c0ec340e087420c23dd6538c22982c5a3c51ea96c9c8f82,2026-09-20T22:43:17+00:00,excluded,no_swap_in_complete_creation_to_snapshot_history,0,True,,,,,
uniswap-v4,0xdfdd59cb7df505c9cb49486f270a1d94baece96646444c0930017c7c9d7ba6c6,2026-09-20T22:43:19+00:00,unresolved,token_lp_or_usd_conditions_unverified,3,True,,,,,
uniswap-v4,0x52e15e04b4466c0575abce63bd212d3fccb6d3563e19d235e0ce5e158d0ea9cb,2026-09-20T22:43:43+00:00,unresolved,token_lp_or_usd_conditions_unverified,25,True,,,,,
uniswap-v4,0xead36e0790a0acd00fb09b8d2e8c6980fae48d551344a80fa972eac54c071c75,2026-09-20T22:43:47+00:00,excluded,no_swap_in_complete_creation_to_snapshot_history,0,True,,,,,
uniswap-v4,0xd8d4f7fc4969963865fd3cf772b9d3818ddb09d16460ad3328783d1fd7f741b9,2026-09-20T22:43:51+00:00,excluded,no_swap_in_complete_creation_to_snapshot_history,0,True,,,,,
uniswap-v4,0x43cc016aba05cca21475f0b94c3532bfb57cf0739c208aba7a1ad74ea0fcd15c,2026-09-20T22:44:15+00:00,excluded,no_swap_in_complete_creation_to_snapshot_history,0,True,,,,,
uniswap-v4,0xddaa9f8cbff1d8ed1d31ce45a6102766ec31a562250e8af614b710e747ecf570,2026-09-20T22:44:49+00:00,excluded,no_swap_in_complete_creation_to_snapshot_history,0,True,,,,,
uniswap-v4,0x29e326c8c76a532895b2da7f0d0b30c77f31c86cb2fd211cbaacc47a6f99ef1d,2026-09-20T22:45:15+00:00,unresolved,token_lp_or_usd_conditions_unverified,3,True,,,,,
uniswap-v4,0xab0a68f42d58c8fa4c26beae0dc9134091b55ab172db4236c78e02d610c18af4,2026-09-20T22:45:17+00:00,excluded,no_swap_in_complete_creation_to_snapshot_history,0,True,,,,,
uniswap-v4,0x19f3276fa9b3b8d9fa6b44fd6bc07fca99c8f7740509f8654190826ed2752038,2026-09-20T22:45:39+00:00,excluded,no_swap_in_complete_creation_to_snapshot_history,0,True,,,,,
uniswap-v4,0x3a16da33fc70b1837d4af1c20f738397f8a18af8afbe887099629c0b9ba48d83,2026-09-20T22:46:09+00:00,excluded,no_swap_in_complete_creation_to_snapshot_history,0,True,,,,,
uniswap-v4,0xe12fed3ba1eadb730c2aacb87df71ca4578f8028a835056e3a4e44023fb7a24b,2026-09-20T22:46:15+00:00,excluded,no_remaining_lp_principal,231,True,,,,,
uniswap-v4,0xe62c8554774f5f121cd76bd9e7b7e2107c0684adf20420501141f40bcd0c0b3a,2026-09-20T22:46:27+00:00,excluded,no_swap_in_complete_creation_to_snapshot_history,0,True,,,,,
uniswap-v4,0x9f1e8bf9978cedeadf0a2d96a58d35662b78e2e77fdd3eee3b00205f0bfa0bbe,2026-09-20T22:46:35+00:00,excluded,no_swap_in_complete_creation_to_snapshot_history,0,True,,,,,
uniswap-v4,0x2c6e0b9e7a74bf97fe9ccb5e2a8224f95d672bd8b50a2a3c281a89f9a7b7da5c,2026-09-20T22:47:17+00:00,excluded,no_swap_in_complete_creation_to_snapshot_history,0,True,,,,,
uniswap-v4,0x3f8159fbdde81ed037f1f590d36188872d1da3f31e0f3e80923467364aba7f05,2026-09-20T22:47:45+00:00,excluded,no_remaining_lp_principal,179,True,,,,,
uniswap-v4,0x0341226241a6dee7fba45db260bb86da9b122b97d37cd693455d6405fd4ae877,2026-09-20T22:48:51+00:00,excluded,no_swap_in_complete_creation_to_snapshot_history,0,True,,,,,
uniswap-v4,0x2af8b7b3dc2325378b31e9fc01d6bf8164b2847fad407c8143281d864b5826d7,2026-09-20T22:49:13+00:00,excluded,no_remaining_lp_principal,5,True,,,,,
uniswap-v4,0xf46dc1401d3ad5ce5fdfada42f20eb70604c4e192df2028acff2cdac37df0c4f,2026-09-20T22:49:15+00:00,excluded,no_remaining_lp_principal,2,True,,,,,
uniswap-v4,0xd2edb3ebf0111143bb547da2a2168962a05c1ebc60ac208c5915b489f99b6e9a,2026-09-20T22:49:15+00:00,excluded,no_swap_in_complete_creation_to_snapshot_history,0,True,,,,,
uniswap-v4,0x63e52e4faa2d925cb2f34356d07c7f49349dbd9f447f1fa2c7033dcea21547c6,2026-09-20T22:49:41+00:00,unresolved,token_lp_or_usd_conditions_unverified,1,True,,,,,
uniswap-v4,0x4b86f641db23880f2563f84523cd681944f86d4e41a56ff21baf31ce48560f58,2026-09-20T22:50:21+00:00,excluded,no_swap_in_complete_creation_to_snapshot_history,0,True,,,,,
uniswap-v4,0xb7210c3dc63be355c2fb542fbce37d501e96e7011962830ce4385f7d828a0a9f,2026-09-20T22:50:53+00:00,unresolved,usd_reference_unverified;token_semantics_unverified,1,True,,,,,
uniswap-v4,0x14fe0fbc82ceab2f0e024adf8b6c0f006f9192769ad35df277b5ca437995f8b3,2026-09-20T22:51:15+00:00,excluded,no_swap_in_complete_creation_to_snapshot_history,0,True,,,,,
uniswap-v4,0x4e2024b717f3a21f475bc5a9a0824855153374901b3da40ac59157af175562c3,2026-09-20T22:52:27+00:00,excluded,no_remaining_lp_principal,5,True,,,,,
uniswap-v4,0xf146ef031a367c8ca1a8928d49fa91c4df2d03fe5cdb481b0654c8b7653a19cd,2026-09-20T22:52:49+00:00,excluded,no_swap_in_complete_creation_to_snapshot_history,0,True,,,,,
uniswap-v4,0x64b83c56f6aca2fb272c8b9393e2f108a41a50b30f9193a77713e7e67eda90cc,2026-09-20T22:53:03+00:00,excluded,no_swap_in_complete_creation_to_snapshot_history,0,True,,,,,
uniswap-v4,0x9941cd52620c0e268b119ee00f34e890afcf4829744b1b16e21d8ed8051f1ce1,2026-09-20T22:53:07+00:00,excluded,no_swap_in_complete_creation_to_snapshot_history,0,True,,,,,
uniswap-v4,0xd9844c0f86c201cb2be68b64a550bfb6228648a1301f19842295b5ab2e201390,2026-09-20T22:53:13+00:00,unresolved,token_lp_or_usd_conditions_unverified,48,True,,,,,
uniswap-v4,0x8cafc13625c9fa61737b9a09bc8e7991fc48d0c00eaeb9df245e71b6e2ff9b7c,2026-09-20T22:53:17+00:00,excluded,no_swap_in_complete_creation_to_snapshot_history,0,True,,,,,
uniswap-v4,0xaee3429081cf14394d76d285e2d61600bce9dd5acc65a534fe8bd11f2509d19d,2026-09-20T22:53:31+00:00,excluded,no_swap_in_complete_creation_to_snapshot_history,0,True,,,,,
uniswap-v4,0x9932e432e4455395566a7928405862dfa9daa3470ef356550a70103a86987a90,2026-09-20T22:53:55+00:00,unresolved,token_lp_or_usd_conditions_unverified,1,True,,,,,
uniswap-v4,0x641f7fdd37893a661ee88627aeee91e8d13523510c146dbda605329f9a089642,2026-09-20T22:54:49+00:00,unresolved,token_lp_or_usd_conditions_unverified,2,True,,,,,
uniswap-v4,0x0cfb30844e65a3c3443c72f6f826042ce370e5e7ac20bb401515b4401e0b1b0e,2026-09-20T22:55:35+00:00,excluded,no_swap_in_complete_creation_to_snapshot_history,0,True,,,,,
uniswap-v4,0x534f9d1a213086aeaf8af079c707535167b740f7e3bc1cb892c40beab8a74111,2026-09-20T22:55:39+00:00,excluded,no_swap_in_complete_creation_to_snapshot_history,0,True,,,,,
uniswap-v4,0x5c5d1192325de7cd0d1b2f47b412156b1a13aac35b5427f1d25051de7b389a4f,2026-09-20T22:56:55+00:00,excluded,no_swap_in_complete_creation_to_snapshot_history,0,True,,,,,
uniswap-v4,0xf17144bebd848a0d97f82535b01096f8c864424c31e398d90def37ef2c3c4d48,2026-09-20T22:56:59+00:00,excluded,no_swap_in_complete_creation_to_snapshot_history,0,True,,,,,
uniswap-v4,0x852b05eeecae1b11492e5fb90212da084681c21add87ad46b7245e8e0b2b127e,2026-09-20T22:57:25+00:00,excluded,no_swap_in_complete_creation_to_snapshot_history,0,True,,,,,
uniswap-v4,0x26810b01e1a36a1301b1abe806f50a98196855fa4619aff5bf9fd39688455904,2026-09-20T22:58:01+00:00,excluded,no_swap_in_complete_creation_to_snapshot_history,0,True,,,,,
uniswap-v4,0x453f11f7f54c087b606ab34c362e368c6f26e6605414661368047ca3c6602e68,2026-09-20T22:59:01+00:00,excluded,no_swap_in_complete_creation_to_snapshot_history,0,True,,,,,
uniswap-v4,0x49e47b540886f787f2694b56063564481c2ff838aa8f150f4fa58241b24edf6a,2026-09-20T22:59:31+00:00,unresolved,token_lp_or_usd_conditions_unverified,2,True,,,,,
uniswap-v4,0x2e93efd897599cd76bc14bb6b9c190a55db61ca7c5028eecf5e0074fbef279d7,2026-09-20T22:59:35+00:00,excluded,no_swap_in_complete_creation_to_snapshot_history,0,True,,,,,
uniswap-v4,0xeca712f3d33c52a12e4c8865e6bd5783cdd8e326643426d5450f6351aa1181fa,2026-09-20T22:59:51+00:00,unresolved,token_lp_or_usd_conditions_unverified,3,True,,,,,
uniswap-v4,0xe7bbf54d2d8cb9437a7ea3ee3dd694cae5662ad3cdc377abb4cba25daf5771f0,2026-09-20T23:00:07+00:00,excluded,no_remaining_lp_principal,7,True,,,,,
uniswap-v4,0xfd153964c8b85f18d1579ecde83413e4db3d496596fb1435e2852b7bc02f8142,2026-09-20T23:00:07+00:00,excluded,no_swap_in_complete_creation_to_snapshot_history,0,True,,,,,
uniswap-v4,0x862e4ddb2a47a761dc094a9ac997d3e7eb47958ed56d468c25ded27024d602b7,2026-09-20T23:00:09+00:00,excluded,no_swap_in_complete_creation_to_snapshot_history,0,True,,,,,
uniswap-v4,0x275a798047fa841c4f29fc69997f9455f3c79ac4494ed26755186d3bb2fb18b5,2026-09-20T23:00:15+00:00,excluded,no_swap_in_complete_creation_to_snapshot_history,0,True,,,,,
uniswap-v4,0xe75c9a15942df465ce5bbc93712f9ef1760bb74d2904f35f62385ad4374c2384,2026-09-20T23:00:27+00:00,unresolved,token_lp_or_usd_conditions_unverified,2,True,,,,,
uniswap-v4,0x908b680e5fc449ce88ece8be20698c0c0c7d8f684c11a278dcddc62a08c9e013,2026-09-20T23:01:03+00:00,excluded,no_remaining_lp_principal,177,True,,,,,
uniswap-v4,0xf872da9c515ec6bc95d21e03506f0072be64a4fe5df77aa0c8234b97a0d99d2c,2026-09-20T23:01:27+00:00,excluded,no_remaining_lp_principal,282,True,,,,,
uniswap-v4,0x4cca681eda7e49d0855f3f870ccaec92b3ee767fa76ddd1ed7a976c7f6f1acd6,2026-09-20T23:02:31+00:00,excluded,no_remaining_lp_principal,5,True,,,,,
uniswap-v4,0x25a9d490d93c2b65db845204a230fbec5182357bb8d4e96518d20ffce57479ab,2026-09-20T23:02:49+00:00,excluded,no_swap_in_complete_creation_to_snapshot_history,0,True,,,,,
uniswap-v4,0x514edea5c392ecf89de708a4968c7c2f60b226e0c05be767117743d5521a9ebe,2026-09-20T23:02:57+00:00,unresolved,token_lp_or_usd_conditions_unverified,45,True,,,,,
uniswap-v4,0x6d97c7bdbfed82f5d78a7747c88dbdcc5fbc39a7b5d94cc3e88c79ffcbd5ebd9,2026-09-20T23:03:01+00:00,excluded,no_swap_in_complete_creation_to_snapshot_history,0,True,,,,,
uniswap-v4,0x5b44ec9ade69ff88ad1042f66cf9ce0c54df389cc5214e766ffb11a6229c89ed,2026-09-20T23:03:29+00:00,excluded,no_swap_in_complete_creation_to_snapshot_history,0,True,,,,,
uniswap-v4,0x2ef0709d3f0718393e8ea9769e859b613bc1e630c6ab75400b4133f971918568,2026-09-20T23:03:39+00:00,excluded,no_swap_in_complete_creation_to_snapshot_history,0,True,,,,,
uniswap-v4,0xbd9855cfeda7ca2340e7308d87d95914b826fb698ac692d87c1d58eb3dc5e200,2026-09-20T23:03:43+00:00,excluded,no_swap_in_complete_creation_to_snapshot_history,0,True,,,,,
uniswap-v4,0x734240e5dbf85842629bcab957a6b241bf5f706eabeec163b160ea95b2057ed2,2026-09-20T23:04:15+00:00,excluded,no_swap_in_complete_creation_to_snapshot_history,0,True,,,,,
uniswap-v4,0x6552f4e508e49f566622146e110ed27fc2343753c68c6c354abf479d5b65928b,2026-09-20T23:05:59+00:00,excluded,no_swap_in_complete_creation_to_snapshot_history,0,True,,,,,
uniswap-v4,0x22af441452ae2cf54b9ce4d1bd5e3ecd462e23bef1537c639a08aaf1810d22f7,2026-09-20T23:06:27+00:00,excluded,no_swap_in_complete_creation_to_snapshot_history,0,True,,,,,
uniswap-v4,0x617c3be23b8393bd97bb64399f31b6a2e398d98a0597e9b2bf2efa6c73f96b51,2026-09-20T23:06:27+00:00,excluded,no_swap_in_complete_creation_to_snapshot_history,0,True,,,,,
uniswap-v4,0xc5dc937ac494c96ca0d4695722dfb07e24f49bda6ea2447677938a4b68c521f6,2026-09-20T23:07:41+00:00,unresolved,token_lp_or_usd_conditions_unverified,2,True,,,,,
uniswap-v4,0x825a848e560dec4d6d7353bbd23e32f7572070e602b3635c92c0db501f909499,2026-09-20T23:08:55+00:00,unresolved,token_lp_or_usd_conditions_unverified,2,True,,,,,
uniswap-v4,0x47981d68e7d17159d90a0957aec92d3be9ba9824b585dde1bc01057893aa1840,2026-09-20T23:09:57+00:00,unresolved,token_lp_or_usd_conditions_unverified,2,True,,,,,
uniswap-v4,0x6550fd188d80b259a89c596ac76af72383af5af6925fc973ae6e9350477ddc33,2026-09-20T23:10:25+00:00,excluded,no_remaining_lp_principal,133,True,,,,,
uniswap-v4,0xfd4d3124234998f86842cdb44da8de1bfdabed6ca80ecf534912bf34b9a32011,2026-09-20T23:10:27+00:00,excluded,no_swap_in_complete_creation_to_snapshot_history,0,True,,,,,
uniswap-v4,0x1c5bb84a1aa074d20b7a370251ca444993bb07932e65350ebcd9546374c2a904,2026-09-20T23:10:45+00:00,unresolved,token_lp_or_usd_conditions_unverified,1,True,,,,,
uniswap-v4,0x35c45cfc8a0c958bbeee41eab15684b85c4068aa2ace4f1e100b894ca10b80f1,2026-09-20T23:11:29+00:00,unresolved,token_lp_or_usd_conditions_unverified,30,True,,,,,
uniswap-v4,0x0b70ffcd598c679ab55535dd9ad7a46697245ba5cb690b933c0b1565bbd72c8e,2026-09-20T23:11:31+00:00,unresolved,token_lp_or_usd_conditions_unverified,47,True,,,,,
uniswap-v4,0x6b7646c75d8c6ab04c7ef899663e2a91c8524050152cb39b16420773f7831dad,2026-09-20T23:11:31+00:00,excluded,no_swap_in_complete_creation_to_snapshot_history,0,True,,,,,
uniswap-v4,0xe0133141d4c398684500cdb348612ab6d1541194ac7a9b3aee48152dd68e7a39,2026-09-20T23:11:33+00:00,excluded,no_swap_in_complete_creation_to_snapshot_history,0,True,,,,,
uniswap-v4,0x782f0e55b1ac10476d290ad0b7827237b19129605a54f464ef15db521d90ef7f,2026-09-20T23:11:43+00:00,excluded,no_swap_in_complete_creation_to_snapshot_history,0,True,,,,,
uniswap-v4,0x2e20ebeddf68e460c3b1174806f85acdb2a08c21027185d12bd179d9df7b07ff,2026-09-20T23:12:29+00:00,excluded,no_remaining_lp_principal,130,True,,,,,
uniswap-v4,0x2c6093363c0a506b7a20389b54d1e692bf1ea92397def5780a43f6e36feb5b0a,2026-09-20T23:12:31+00:00,excluded,no_swap_in_complete_creation_to_snapshot_history,0,True,,,,,
uniswap-v4,0xa8858e84d6d382d55913c918ae814799106ff75b8e19be0a73d95e31e5af05a6,2026-09-20T23:12:41+00:00,excluded,no_remaining_lp_principal,5,True,,,,,
uniswap-v4,0x0e18323cae24b7c372ecbf67d0d629d9029716e6d112a44ccacb10bc4c4bec32,2026-09-20T23:13:13+00:00,excluded,no_remaining_lp_principal,193,True,,,,,
uniswap-v4,0x0333cc9cd4bb098419853a978e2c24588b0196e8007624a784be36b94b27a849,2026-09-20T23:13:17+00:00,unresolved,token_lp_or_usd_conditions_unverified,24,True,,,,,
uniswap-v4,0xecb58fa39e9da483061021ce940c4c3017dd82999d5b31c7cecb19466fef8d35,2026-09-20T23:15:07+00:00,unresolved,token_lp_or_usd_conditions_unverified,2,True,,,,,
uniswap-v4,0xab679b31ec2be87e210f6c165e48a80aa7ac3a9e2824578d3160656962965f7b,2026-09-20T23:15:39+00:00,unresolved,token_lp_or_usd_conditions_unverified,1,True,,,,,
uniswap-v4,0xb228e5a4eb83d0e18ae145c226f740c1f86b63fa353db959702982d6e5e1a64e,2026-09-20T23:15:51+00:00,excluded,no_swap_in_complete_creation_to_snapshot_history,0,True,,,,,
uniswap-v4,0xf18f40560cc848757ad350efcbc43e7ebe6da5d1e9597a08754a6927be64100c,2026-09-20T23:16:35+00:00,excluded,no_remaining_lp_principal,232,True,,,,,
uniswap-v4,0x19d0d61ded93aca235fb7ac99c82c372aed48ac8d7f2ac1b228ecc36062a9af3,2026-09-20T23:16:55+00:00,excluded,no_swap_in_complete_creation_to_snapshot_history,0,True,,,,,
uniswap-v4,0xaa3a378a2242a5409d73308faa0774651c5040d6cbd7b35e866074be79fc7ae1,2026-09-20T23:16:57+00:00,excluded,no_swap_in_complete_creation_to_snapshot_history,0,True,,,,,
uniswap-v4,0xdbba32beb0eb15cf67e996829f6c740d04845230ebbefabb20c9995b481c38aa,2026-09-20T23:16:57+00:00,excluded,no_swap_in_complete_creation_to_snapshot_history,0,True,,,,,
uniswap-v4,0x5fda1d218d3b10d646a667b33800aa4b135b8addacc84371031abe3bff030dd6,2026-09-20T23:16:59+00:00,excluded,no_swap_in_complete_creation_to_snapshot_history,0,True,,,,,
uniswap-v4,0x72888e2e1d1fcb3ffb1a2de9a619aceecf89f3651fdcff7cd5b1be58b044043d,2026-09-20T23:17:11+00:00,unresolved,token_lp_or_usd_conditions_unverified,2,True,,,,,
uniswap-v4,0x9db0f6d75587812f6b35dff43c81d8529ae16ef1baa07c0b177825ffcaa7445c,2026-09-20T23:18:37+00:00,unresolved,token_lp_or_usd_conditions_unverified,1,True,,,,,
uniswap-v4,0x51b0374ebf2411bafbf06f361722fc2e31173222ab308d93aabc76e5990184e2,2026-09-20T23:21:21+00:00,unresolved,token_lp_or_usd_conditions_unverified,55,True,,,,,
uniswap-v4,0x6d494dd38be2ab6789b484bc819ee6fb96278672d1bd71ae9476b10815653633,2026-09-20T23:21:25+00:00,excluded,no_swap_in_complete_creation_to_snapshot_history,0,True,,,,,
uniswap-v4,0x7fb859625326cefd22388b11e70ad32fb005a739095f8c472463247b7c7e2be7,2026-09-20T23:21:41+00:00,excluded,no_swap_in_complete_creation_to_snapshot_history,0,True,,,,,
uniswap-v4,0xeb210d2bf95d2a681b183052e4016eb8be1f0c7c244092d0060dd2724af8c1a2,2026-09-20T23:22:25+00:00,excluded,no_remaining_lp_principal,5,True,,,,,
uniswap-v4,0xc29de65d30ece9f160b2bf4d40ec46f12ac803376d82bee71912426452907182,2026-09-20T23:25:37+00:00,excluded,no_remaining_lp_principal,230,True,,,,,
uniswap-v4,0x877e3a097f155ba4207ed2dda392c33d0a202a26e1d059b7f8f56fdd5810c18f,2026-09-20T23:25:41+00:00,excluded,no_swap_in_complete_creation_to_snapshot_history,0,True,,,,,
uniswap-v4,0x9414b5f2198f53bebcfbe757af6d122e8550ffe1e5d38079baf7d1635e674d86,2026-09-20T23:25:41+00:00,excluded,no_swap_in_complete_creation_to_snapshot_history,0,True,,,,,
uniswap-v4,0xb6d711ca35f0d4465be0a864074e61d03bb26e384c7801140227dc420bd6923b,2026-09-20T23:26:15+00:00,excluded,no_swap_in_complete_creation_to_snapshot_history,0,True,,,,,
uniswap-v3,0x3f20183c36cbad4b632a825bb1962ba518e33fec,2026-09-20T23:26:57+00:00,excluded,no_remaining_lp_principal,2,True,,,,,
uniswap-v4,0x5cb2eb5f471943756975c397115cf5a9e94c4659c49013d96530d8ccb6d736a8,2026-09-20T23:27:09+00:00,excluded,no_remaining_lp_principal,12,True,,,,,
uniswap-v4,0x5b36258f7ccacabd8ff31a296af38fef6f26ce7724b845ca1b735ecb68b316ef,2026-09-20T23:27:11+00:00,excluded,no_remaining_lp_principal,5,True,,,,,
uniswap-v4,0xca86929cef7c6046fa8dbc06ab14a12251f9bc22dd82ad93664ab2e2916a9eae,2026-09-20T23:28:47+00:00,excluded,no_swap_in_complete_creation_to_snapshot_history,0,True,,,,,
uniswap-v4,0x5f96a29b0ac942d5c8b099634dcd89f72ad4ec1e571025c6cdc96f11fe683db6,2026-09-20T23:29:47+00:00,excluded,no_swap_in_complete_creation_to_snapshot_history,0,True,,,,,
uniswap-v4,0xe99f18cb9ec23d99934bbb93917d59617158dd0776bc0690960cfe410c79b300,2026-09-20T23:30:07+00:00,unresolved,token_lp_or_usd_conditions_unverified,1,True,,,,,
uniswap-v4,0x915330b550662b9dc1ed01e5647ae4edcda1bc78a2bd4417156c3aa105281a1f,2026-09-20T23:30:23+00:00,excluded,no_swap_in_complete_creation_to_snapshot_history,0,True,,,,,
uniswap-v4,0x7c48e5a1f5f1fdeb5ef316509cb9b2afa50f0f26600295ff25f21202a94514dd,2026-09-20T23:30:25+00:00,excluded,positive_lp_share_withdrawal_succeeded,1,True,,,,,
uniswap-v4,0x1a10567c492d018c79c217aa0128375c61ee3aef13e3e5810b65c5571d271426,2026-09-20T23:30:29+00:00,excluded,no_swap_in_complete_creation_to_snapshot_history,0,True,,,,,
uniswap-v4,0xaafd67fb710b59a5b5116f49d553af973690e5db2a123de8f3d4f35d0b83dfe6,2026-09-20T23:30:37+00:00,excluded,no_swap_in_complete_creation_to_snapshot_history,0,True,,,,,
uniswap-v4,0x580ba3afcec3bf4a167207dc87b435b9e45aae82ff166702269f0156a36a5621,2026-09-20T23:30:43+00:00,unresolved,token_lp_or_usd_conditions_unverified,2,True,,,,,
uniswap-v4,0x757517dbbed2dfa00c1d92f6048aa5d1d203261aae05a729a8050e6df6138fcf,2026-09-20T23:30:47+00:00,excluded,no_swap_in_complete_creation_to_snapshot_history,0,True,,,,,
uniswap-v3,0xc501f48b2139d3d9e3250061450025901e79a2b7,2026-09-20T23:31:11+00:00,excluded,no_remaining_lp_principal,1,True,,,,,
uniswap-v4,0x9c5ba11d1ca1d35cb257fd5aea0c879a6b7da049a9b4f7d97ec70595ac0e72da,2026-09-20T23:31:51+00:00,excluded,no_remaining_lp_principal,70,True,,,,,
uniswap-v4,0x1ab30c79672eb7cf3d6ecf26f0ea1b3437a235ede4eb6038bb04eeb29f6ec4ea,2026-09-20T23:32:13+00:00,excluded,no_swap_in_complete_creation_to_snapshot_history,0,True,,,,,
uniswap-v4,0xfbd1a1e0af97f70099b4d440c98f087e61ec3a37e85215deeee37a1ecacbec74,2026-09-20T23:32:25+00:00,excluded,no_remaining_lp_principal,5,True,,,,,
uniswap-v4,0xb711303d2190272e26fb2dd91b894dfe1d3608030bd53d8859997205bd351049,2026-09-20T23:35:35+00:00,excluded,no_remaining_lp_principal,283,True,,,,,
uniswap-v4,0xb4dbf4bac4db6b1ee11a3171f11adeba52229aff71abc8d00ed52524fd5462c3,2026-09-20T23:37:05+00:00,excluded,no_swap_in_complete_creation_to_snapshot_history,0,True,,,,,
uniswap-v4,0xbbf6e0fd27629d4ed59d309db6d648d6c054cddb8044d9b6ebe01de7ae4ebaee,2026-09-20T23:37:09+00:00,excluded,no_swap_in_complete_creation_to_snapshot_history,0,True,,,,,
uniswap-v4,0x82212475610f436fb33920d64261e96826921166322906b4933cf0d054555790,2026-09-20T23:37:59+00:00,excluded,no_remaining_lp_principal,73,True,,,,,
uniswap-v4,0x7af6e098a0ca02de3cf8df418e678d074905f5f119878a184b6d476fa5afaf8f,2026-09-20T23:40:47+00:00,unresolved,token_lp_or_usd_conditions_unverified,46,True,,,,,
uniswap-v4,0xb3c822afb4c069dcd3cdd3b33f86434f23bf00845d1f7b2eb3d602e575cd4c1e,2026-09-20T23:40:49+00:00,excluded,no_swap_in_complete_creation_to_snapshot_history,0,True,,,,,
uniswap-v4,0xfcdd2131b8f1e40e696232d13bfe15f9aea592f1a56011669a9726925a53930b,2026-09-20T23:40:51+00:00,unresolved,token_lp_or_usd_conditions_unverified,1,True,,,,,
uniswap-v4,0x3d846950a6b5e0b937d9004745caed4c78e06915bdf3ed6ded0d54f443ae5045,2026-09-20T23:42:15+00:00,excluded,no_remaining_lp_principal,111,True,,,,,
uniswap-v4,0x75983349da190c541748dd493f1caeeffefdbb29fac697a66582f1ee494344c8,2026-09-20T23:42:19+00:00,excluded,no_swap_in_complete_creation_to_snapshot_history,0,True,,,,,
uniswap-v4,0xd0c9a61c8aa32761066f074d6e3dc1a6fa2d215eff9b8a86bd72412cd2576268,2026-09-20T23:42:29+00:00,excluded,no_remaining_lp_principal,5,True,,,,,
uniswap-v4,0xcd2a434bb42f36871b3f372855a64162e89e9d4a6776fe71c3ab571b894fc076,2026-09-20T23:42:41+00:00,excluded,no_remaining_lp_principal,207,True,,,,,
uniswap-v4,0x353f869ba690f30e0776e109292ed10dfc71a9197c33f91cc0620afa5924540b,2026-09-20T23:43:05+00:00,unresolved,token_lp_or_usd_conditions_unverified,47,True,,,,,
uniswap-v4,0xccb2860394922f1a961df63d61b8b94c95e9f72f9c1db9ff8861ada3d87e36da,2026-09-20T23:43:09+00:00,excluded,no_swap_in_complete_creation_to_snapshot_history,0,True,,,,,
uniswap-v4,0x76783a25ae5180678c98eed2603f436ab42a135c2afb3720371f5d02e4c39fc2,2026-09-20T23:44:25+00:00,excluded,no_remaining_lp_principal,128,True,,,,,
uniswap-v4,0x081c322ef93b664dd98fb055d113abfc877b2cace5ae1fd719699c20ddc75225,2026-09-20T23:44:29+00:00,excluded,no_swap_in_complete_creation_to_snapshot_history,0,True,,,,,
uniswap-v4,0x1a380231ee256c7f2d564657b1e266330a1734102793780b8908fc7b05d45391,2026-09-20T23:44:57+00:00,excluded,no_swap_in_complete_creation_to_snapshot_history,0,True,,,,,
uniswap-v4,0x00cad5a0c40936b1238c3b331e622940959b23233487cef2c88d7873e348dbe3,2026-09-20T23:45:01+00:00,excluded,no_swap_in_complete_creation_to_snapshot_history,0,True,,,,,
uniswap-v4,0xaeebbc5e2c2545d34a67b123c9999939af2478cf777d09eb1a4cf8fecc4a6dbe,2026-09-20T23:45:17+00:00,unresolved,token_lp_or_usd_conditions_unverified,1,True,,,,,
uniswap-v4,0x753439a491baded2756204dbd6b085280960cd5c239795b607210480887e1ed5,2026-09-20T23:45:19+00:00,unresolved,token_lp_or_usd_conditions_unverified,3,True,,,,,
uniswap-v4,0x7d1c648ecef8ffef92de3e43d53b3b841ae58fac269a8f957b2fa697e3ff0866,2026-09-20T23:45:21+00:00,excluded,no_swap_in_complete_creation_to_snapshot_history,0,True,,,,,
uniswap-v3,0xe03cce449932219fc0ca28f3a4f784ce55de0c4e,2026-09-20T23:45:35+00:00,excluded,positive_lp_share_withdrawal_succeeded,13,True,,,,,
uniswap-v4,0x07ad9740895affd9074df503502c05b93935c7249611117596fb3149c755d4be,2026-09-20T23:46:21+00:00,excluded,no_swap_in_complete_creation_to_snapshot_history,0,True,,,,,
uniswap-v4,0x5341beb5d5b02d513e93916b200852c9e71b4f1d8cd773ef529bb2a6603d3b42,2026-09-20T23:46:21+00:00,unresolved,token_lp_or_usd_conditions_unverified,2,True,,,,,
uniswap-v4,0x0809715ae553a30726780ca91caa612e66f6ad20415df39fec653dd58b91f787,2026-09-20T23:49:51+00:00,excluded,no_swap_in_complete_creation_to_snapshot_history,0,True,,,,,
uniswap-v4,0xf709c13b978b3ca905926587963425969d0c5c53d0bdb66b915f334fbe7eb847,2026-09-20T23:50:45+00:00,excluded,no_remaining_lp_principal,267,True,,,,,
uniswap-v4,0x9fec6f69f6c5c95f5f40652667debe48a20603d0d90c36c676ecfa114bafebf7,2026-09-20T23:50:49+00:00,excluded,no_swap_in_complete_creation_to_snapshot_history,0,True,,,,,
uniswap-v4,0x5a13fd1cb1eb534e95f3aacec05af2dc4340163baccb06179e08e986b1987445,2026-09-20T23:51:11+00:00,excluded,no_swap_in_complete_creation_to_snapshot_history,0,True,,,,,
uniswap-v4,0x25de7471864adfb330665190e338f569190d22c6086df6e88d7a21e524ced2c1,2026-09-20T23:51:15+00:00,excluded,no_swap_in_complete_creation_to_snapshot_history,0,True,,,,,
uniswap-v4,0x9270ddfbdc294f8162d50a87c8c174472cc6301d0b9a56a6140e991c00598551,2026-09-20T23:51:33+00:00,unresolved,token_lp_or_usd_conditions_unverified,35,True,,,,,
uniswap-v4,0x4a37682064ad5054896b071bb55425c3cdec9c63df2be9acb640050407a3490a,2026-09-20T23:51:37+00:00,excluded,no_swap_in_complete_creation_to_snapshot_history,0,True,,,,,
uniswap-v4,0xcc20dd5e7b3054470df7e747be7e9cbadb4c16c51d1c51e09dc385fa296188b1,2026-09-20T23:52:31+00:00,excluded,no_remaining_lp_principal,5,True,,,,,
uniswap-v4,0x8ab286b113ec77a046f9e517e5c06c9f40f6416f6189f24f98339cecb774f1b9,2026-09-20T23:52:47+00:00,excluded,no_swap_in_complete_creation_to_snapshot_history,0,True,,,,,
uniswap-v4,0xed7f48baa1af6447b41233b12760e9ec524a97310a78d4e3a18539283db2a8e6,2026-09-20T23:53:23+00:00,excluded,no_swap_in_complete_creation_to_snapshot_history,0,True,,,,,
uniswap-v4,0x1436183ac96ce9e1ad573f3e570a6319c29d3b0f29ae7462fa3500429bd0e07f,2026-09-20T23:54:03+00:00,unresolved,token_lp_or_usd_conditions_unverified,4,True,,,,,
uniswap-v4,0x8e3102d0542219c1dd7e0ebbac434e2b438cbe623e84008bf60b3a22b6f03481,2026-09-20T23:54:45+00:00,excluded,no_swap_in_complete_creation_to_snapshot_history,0,True,,,,,
uniswap-v4,0xa65c854c334d410a365d8d39c562ba3bdd24e708a7077bc8fab28902f981abe4,2026-09-20T23:54:51+00:00,excluded,no_remaining_lp_principal,229,True,,,,,
uniswap-v4,0x7b86feb1e9ffa0be67ec0528103b2f7acf95bb44038822ecd24e1b8b738deb13,2026-09-20T23:54:53+00:00,excluded,no_swap_in_complete_creation_to_snapshot_history,0,True,,,,,
uniswap-v4,0x60eb52dbc4e674747481fb4c949dd8595ca65adc78e8b2e4158fb47f0976688f,2026-09-20T23:54:57+00:00,excluded,no_swap_in_complete_creation_to_snapshot_history,0,True,,,,,
uniswap-v4,0xed7b31b337b7ceeeadb9bfc1dba752de69d20073539b5181149dcb4571afcb77,2026-09-20T23:55:01+00:00,excluded,no_swap_in_complete_creation_to_snapshot_history,0,True,,,,,
uniswap-v4,0x898c2d45be72d7d7bd771213864fba40a72594b9a91f0e99c88d4f041770bd16,2026-09-20T23:56:05+00:00,excluded,no_swap_in_complete_creation_to_snapshot_history,0,True,,,,,
uniswap-v4,0xca5ff2ac71f410040e904b9e1b01ec5ba4bcc03adc47abe9ad7888debec5ac09,2026-09-20T23:56:33+00:00,excluded,no_swap_in_complete_creation_to_snapshot_history,0,True,,,,,
uniswap-v4,0xb51311a6cce4218b3aec235523c7668f2956d5271b777a189e47c11b958f0369,2026-09-20T23:57:41+00:00,unresolved,token_lp_or_usd_conditions_unverified,3,True,,,,,
uniswap-v4,0x96b22934e0865c6662d0950b96963003a299ab7bb023196fc2f3a90da68842ab,2026-09-20T23:57:41+00:00,unresolved,token_lp_or_usd_conditions_unverified,2,True,,,,,
uniswap-v4,0x8e934204d49a5bcbb3df98014cc5581001de89215b387131dd2e365b7de6a3c1,2026-09-20T23:57:41+00:00,unresolved,token_lp_or_usd_conditions_unverified,2,True,,,,,
uniswap-v4,0x8bb909884a24ed0f89f02281cdb7f033acb80210ba46e271e6d62701ca96b943,2026-09-20T23:57:41+00:00,unresolved,token_lp_or_usd_conditions_unverified,3,True,,,,,
uniswap-v4,0x14a7a51ac35796c59ce1948efd7fd48920fcd4878b99a476ec3cc87c32a96df5,2026-09-20T23:57:41+00:00,unresolved,token_lp_or_usd_conditions_unverified,2,True,,,,,
uniswap-v4,0xc7ed9ed415cbc0949e34641081f4682eb70d2d4939c01fd606debd59af2577b7,2026-09-20T23:59:37+00:00,excluded,positive_lp_share_withdrawal_succeeded,9,True,,,,,
uniswap-v4,0x1bd5b897a36f7f2926071e14e94fdf832182d4bbaa438117b25244bbe0ee1da8,2026-09-20T23:59:41+00:00,excluded,no_swap_in_complete_creation_to_snapshot_history,0,True,,,,,
uniswap-v4,0x5d029bf47950baa77791ffbf8b9180ea50d755d335280c8ca15dd3b5e1c2ca11,2026-09-21T00:00:31+00:00,unresolved,token_lp_or_usd_conditions_unverified,2,True,,,,,
uniswap-v4,0xc6e9b668f911d8316ae823612645dd99c9555848ff7fb64100109c27bdfb7530,2026-09-21T00:00:53+00:00,excluded,no_swap_in_complete_creation_to_snapshot_history,0,True,,,,,
uniswap-v4,0x4c93794465e8e6aafa37b5230d7c5c1d9133a535f326d7ee441f40933a990e48,2026-09-21T00:00:55+00:00,excluded,no_swap_in_complete_creation_to_snapshot_history,0,True,,,,,
uniswap-v4,0xfad872fb3d4734a18912eb1f51beacfcc28f433dce7c6f794fb00bf29e2d5a97,2026-09-21T00:00:59+00:00,excluded,no_swap_in_complete_creation_to_snapshot_history,0,True,,,,,
uniswap-v4,0xa26b2a863d7e1667e2c675c58e88ff9f399842cffbdbd028e1da4f4a6989f0ca,2026-09-21T00:02:19+00:00,excluded,no_swap_in_complete_creation_to_snapshot_history,0,True,,,,,
uniswap-v4,0x1d1b30cde9a247ed83e7904726b025fb82ac8885c7809f7e9b0839f3b76c9b4c,2026-09-21T00:02:33+00:00,unresolved,token_lp_or_usd_conditions_unverified,30,True,,,,,
uniswap-v4,0x6b7d71cd6ccbccad67038a5f87c89d3b1508b029e2505126295c4e8f46334a2d,2026-09-21T00:02:35+00:00,excluded,no_remaining_lp_principal,5,True,,,,,
uniswap-v4,0xe1d4bbbe11deb1a64ea8ac38570650fd0a57e4cc3ae4a8f0a3b9415424a57edf,2026-09-21T00:02:37+00:00,excluded,no_swap_in_complete_creation_to_snapshot_history,0,True,,,,,
uniswap-v4,0x4f42a0193038a17e52d99dc516d1c7f3a57184956ad7fe47a6427ff3aecb3fef,2026-09-21T00:02:43+00:00,excluded,no_swap_in_complete_creation_to_snapshot_history,0,True,,,,,
uniswap-v4,0x6ae406b48bb174b86a5dd140706b59fe68905cb3efe652b78fbf7d5266653d2b,2026-09-21T00:02:51+00:00,unresolved,token_lp_or_usd_conditions_unverified,2,True,,,,,
uniswap-v4,0x5de708435c1ba6c5b0201a0bbe04684d6d1f01348bb56f87519206d88ddc696c,2026-09-21T00:04:29+00:00,excluded,no_swap_in_complete_creation_to_snapshot_history,0,True,,,,,
uniswap-v4,0xc6b5e53ecfcb0c3c6f3e15a5ec11aa2e27b5f607b00f5a976c8d548725db53d0,2026-09-21T00:04:33+00:00,excluded,no_swap_in_complete_creation_to_snapshot_history,0,True,,,,,
uniswap-v4,0xa50fe17fb159310edc326535087adb89c9d9413c6dee497464605f8f70391671,2026-09-21T00:05:05+00:00,unresolved,token_lp_or_usd_conditions_unverified,3,True,,,,,
uniswap-v4,0xb7355f1708d9ce50773c70b34d143249a4466a8fd483fe12b042d31b42e46bac,2026-09-21T00:06:05+00:00,excluded,no_remaining_lp_principal,273,True,,,,,
uniswap-v4,0xdf264dc9e3dfa2437cd83ca35443752539e6f9150080bd1ddb23068591be19f3,2026-09-21T00:07:03+00:00,unresolved,token_lp_or_usd_conditions_unverified,5,True,,,,,
uniswap-v4,0x9b529a29316b9e0e6065173fde6d53c98856914626257634d76c80c5c3e2e70c,2026-09-21T00:07:07+00:00,excluded,no_swap_in_complete_creation_to_snapshot_history,0,True,,,,,
uniswap-v4,0x06dc8ee503a6211e884d0dd162100926bf0b1d893bad037f05e1e0e008e0434d,2026-09-21T00:07:51+00:00,excluded,no_remaining_lp_principal,198,True,,,,,
uniswap-v4,0x9e0e737aec8d5a2f21f657d8a23ca1a38a338a0fa5707d6d6c64ea671e68813e,2026-09-21T00:09:33+00:00,excluded,no_swap_in_complete_creation_to_snapshot_history,0,True,,,,,
uniswap-v4,0x0863b8a1a1a7657e02653258149221eddb86981c97e1a9e827db2c255624afb4,2026-09-21T00:09:37+00:00,excluded,no_swap_in_complete_creation_to_snapshot_history,0,True,,,,,
uniswap-v4,0x61aa0690fc8ce3ba7d699248a36faf591d3088c544917a9e0432ac699c8b3a72,2026-09-21T00:09:37+00:00,unresolved,token_lp_or_usd_conditions_unverified,2,True,,,,,
uniswap-v4,0xe7c2ec7c82c7e5485122c3e3899cab8442f0e8830efd4a51bf8d500f2143f1da,2026-09-21T00:10:35+00:00,excluded,no_swap_in_complete_creation_to_snapshot_history,0,True,,,,,
uniswap-v4,0x7aed17abd6e6f0a6004a057b37883fd342f516d3cb2c81626284c9893d8e143c,2026-09-21T00:10:37+00:00,excluded,no_swap_in_complete_creation_to_snapshot_history,0,True,,,,,
uniswap-v4,0xc24d913cd2c211dfacee47be993a07976e2525e10013771c7aff47fc28d9a738,2026-09-21T00:10:47+00:00,unresolved,token_lp_or_usd_conditions_unverified,2,True,,,,,
uniswap-v4,0x83fe3c41e719b391e6cdbd7872139cbbb9bfc34efaf4379be3bdc14da39f8081,2026-09-21T00:10:55+00:00,unresolved,token_lp_or_usd_conditions_unverified,1,True,,,,,
uniswap-v4,0x36442f82ffa121dc376b15acb41cfbde25c26eadbd8af746789909194345db47,2026-09-21T00:11:29+00:00,unresolved,token_lp_or_usd_conditions_unverified,2,True,,,,,
uniswap-v4,0xe8b12c5f36adb296afb8ba991b82bd08c2aef3ae72a745692e39d5462c3f3f29,2026-09-21T00:12:31+00:00,excluded,no_remaining_lp_principal,5,True,,,,,
uniswap-v4,0xf87f1e3e9102fe4753ee306c371900a43fe489d7733b230b96f0807501aeee9c,2026-09-21T00:12:33+00:00,excluded,no_swap_in_complete_creation_to_snapshot_history,0,True,,,,,
uniswap-v4,0x77ac26720d6db4a5babdfb773c0c61e7cc64a9186783f84d121e093ac8b4616a,2026-09-21T00:13:03+00:00,unresolved,token_lp_or_usd_conditions_unverified,2,True,,,,,
uniswap-v4,0x54eb458ba0855d1115ff2f692a01f27e896bed744e1735a6784d6f08418de0c5,2026-09-21T00:13:45+00:00,excluded,no_remaining_lp_principal,127,True,,,,,
uniswap-v4,0xc54a704c9c29a8e289addd35c13f6ca487f6418c7b2ee2fcbb783d4e6d6948d6,2026-09-21T00:13:49+00:00,excluded,no_swap_in_complete_creation_to_snapshot_history,0,True,,,,,
uniswap-v4,0x238ba0360225c6174eb3bce8ef7aec87685adae2ba1a528efd4b2f73a1b5a2bf,2026-09-21T00:13:53+00:00,unresolved,token_lp_or_usd_conditions_unverified,4,True,,,,,
uniswap-v4,0x927d53aea5d5f0e9c819b739a67de26401b4e0af0e3d23e61790a531219ac041,2026-09-21T00:14:27+00:00,excluded,no_swap_in_complete_creation_to_snapshot_history,0,True,,,,,
uniswap-v4,0x1f8f72fd605842d487b2029801845cbdc1feeab19569b353832596ec964aeb70,2026-09-21T00:15:17+00:00,unresolved,token_lp_or_usd_conditions_unverified,1,True,,,,,
uniswap-v4,0xd546d76702ac2a8f8a69a45fb1baa3a9255a402362f2d9ba47e0e6d7ba3ba414,2026-09-21T00:15:41+00:00,excluded,no_remaining_lp_principal,113,True,,,,,
uniswap-v4,0x7a50ab7f94211c9bedb3793328657e68941791187bef261994e1ace1c4b268be,2026-09-21T00:15:45+00:00,excluded,no_swap_in_complete_creation_to_snapshot_history,0,True,,,,,
uniswap-v4,0x744f9777d2d530e10853a52db9b1ef533a86f4c7b0c8ddd6b6ca8b9fdb2cd752,2026-09-21T00:15:47+00:00,excluded,no_swap_in_complete_creation_to_snapshot_history,0,True,,,,,
uniswap-v4,0x7d737037ee3f3ae4957ffc05b3a9fc7b5faf224275fe45b4f14ae9b828b6ce03,2026-09-21T00:17:25+00:00,unresolved,token_lp_or_usd_conditions_unverified,6,True,,,,,
uniswap-v4,0xab1f244487c9570b38186c397d346bcda84023b21c1f8767ab9760a6deef2da2,2026-09-21T00:17:39+00:00,unresolved,token_lp_or_usd_conditions_unverified,1,True,,,,,
uniswap-v4,0xaac71c9d0b6307b24d7b498e250f4989beb941c2ba52d78aa89cf8a828a7aa8f,2026-09-21T00:17:49+00:00,unresolved,token_lp_or_usd_conditions_unverified,2,True,,,,,
uniswap-v4,0x831481408ec134db582dbdb6f8085eb7f3f3f455804d625f2e01894a93383684,2026-09-21T00:19:55+00:00,unresolved,token_lp_or_usd_conditions_unverified,27,True,,,,,
uniswap-v4,0x58745eeba78c9410ffcf135c01cefeff01ae020d95aeb1492247a0bbd8a5326f,2026-09-21T00:20:01+00:00,excluded,no_remaining_lp_principal,203,True,,,,,
uniswap-v4,0xd2982e89635601f17409dd7e4e6bedc6633a3f0dd6c386b857e4561ac5643b9c,2026-09-21T00:21:01+00:00,excluded,no_swap_in_complete_creation_to_snapshot_history,0,True,,,,,
uniswap-v4,0xd0d5dd024e681d410a3491721e6238931358e8a88b65244c6c9e796288d929f9,2026-09-21T00:21:17+00:00,excluded,no_remaining_lp_principal,246,True,,,,,
uniswap-v4,0x1c9bd398aee49cac71d975263428e4b76b57e454ce3627f6111ea5031c3e90d6,2026-09-21T00:21:39+00:00,excluded,no_swap_in_complete_creation_to_snapshot_history,0,True,,,,,
uniswap-v4,0xd7bdfedb49521f0fabec5bdaa48fad45fc6161ab151e3b99d9795a29bfc5fe4b,2026-09-21T00:22:25+00:00,excluded,no_swap_in_complete_creation_to_snapshot_history,0,True,,,,,
uniswap-v4,0x59f9ad4d9e4404aeaa628e2da5911750cf2d221b13df7905105657ea6c1f0b05,2026-09-21T00:22:33+00:00,excluded,no_remaining_lp_principal,5,True,,,,,
uniswap-v4,0x99cf7a8d4e86534dd88b36c87c284f81f47631d8fd718c9a4740d95de4907e19,2026-09-21T00:24:31+00:00,excluded,no_swap_in_complete_creation_to_snapshot_history,0,True,,,,,
uniswap-v4,0x1d02683515776604c65d4572f3b8caa19d4b39fd5217166508717f4c41d9dc73,2026-09-21T00:24:49+00:00,excluded,no_swap_in_complete_creation_to_snapshot_history,0,True,,,,,
uniswap-v4,0xcfde05b0c6af8f6ff9c95dda469a844b937f2436e80b966f8cdbdd83ffc19fd8,2026-09-21T00:24:49+00:00,excluded,no_swap_in_complete_creation_to_snapshot_history,0,True,,,,,
uniswap-v4,0x64ea5710e63010326780b16e0e1e46bf21f7e8ae29a9f8e9a0e72be7d2964cb8,2026-09-21T00:24:53+00:00,excluded,no_swap_in_complete_creation_to_snapshot_history,0,True,,,,,
uniswap-v4,0xe38987c40cd3d80cb8009fd218b57c0dad953a19396f71ed2fb46abc91c419c5,2026-09-21T00:25:51+00:00,excluded,no_swap_in_complete_creation_to_snapshot_history,0,True,,,,,
uniswap-v4,0xed28962eb570dec3bce5cb3de836ef19264fcdfbd54985a830e248b580b3e48c,2026-09-21T00:28:11+00:00,unresolved,token_lp_or_usd_conditions_unverified,1,True,,,,,
uniswap-v4,0x8aa384e4a46fac06d72e71c0147c9b57a7d767ea945da7b53e881b5b1576b373,2026-09-21T00:29:03+00:00,excluded,no_swap_in_complete_creation_to_snapshot_history,0,True,,,,,
uniswap-v4,0x4f2a9202461a35facc780d2d3395018d1d7954c51dd9b49c39d0df373dd5ad60,2026-09-21T00:29:05+00:00,excluded,no_remaining_lp_principal,6,True,,,,,
uniswap-v4,0xa364efb7525af7a7477067dcfddfd21392782960ba93ecf6d775d01b03f05bab,2026-09-21T00:29:07+00:00,excluded,no_swap_in_complete_creation_to_snapshot_history,0,True,,,,,
uniswap-v4,0x41fdb867698f7375990de991cbec517efdc504f139b9a12031ed9c593b322088,2026-09-21T00:30:15+00:00,unresolved,token_lp_or_usd_conditions_unverified,1,True,,,,,
uniswap-v4,0x5c71f103a268c9269a7a3f6ed936e6cf9c9822a9bdb028c208735e91e7ea07d0,2026-09-21T00:30:23+00:00,unresolved,token_lp_or_usd_conditions_unverified,2,True,,,,,
uniswap-v4,0x270c59e6255e5f90732b605b114ad2ad3ceeb188439f4e489de2732ac53585f0,2026-09-21T00:32:17+00:00,excluded,no_remaining_lp_principal,5,True,,,,,
uniswap-v4,0xcc80134202e8696288f492d2caaf04ee2c7391c9fc0f24a9b99ffc88c1eed17c,2026-09-21T00:32:39+00:00,unresolved,token_lp_or_usd_conditions_unverified,3,True,,,,,
uniswap-v4,0x900534dacb244a6c71c93d8786de6159ce5501fe77f479f058cc3261c2f8e707,2026-09-21T00:32:43+00:00,excluded,no_swap_in_complete_creation_to_snapshot_history,0,True,,,,,
uniswap-v4,0xcf6c9abe07681175cd0ca074a564ceb55ce7a39a001390885443274e7d5856da,2026-09-21T00:32:51+00:00,unresolved,token_lp_or_usd_conditions_unverified,3,True,,,,,
uniswap-v4,0xc92086528be5ad2008aaefd45a4b11e53e99b25164c7521ba01d9faddb983a2f,2026-09-21T00:32:55+00:00,excluded,no_remaining_lp_principal,209,True,,,,,
uniswap-v4,0x0082e05faf2202d0603e5dfaa14ea18456fcc6808fbc13242434090a56a4ca6e,2026-09-21T00:33:09+00:00,excluded,no_swap_in_complete_creation_to_snapshot_history,0,True,,,,,
uniswap-v4,0xf6dee577dc351eb4911156e7cafdff6b9674e38bbc2186df46918a1716c33b73,2026-09-21T00:34:15+00:00,unresolved,token_lp_or_usd_conditions_unverified,1,True,,,,,
uniswap-v4,0x89b17a3fac5d88ee99a2dec8f7059ce98a0f8824b774be2ad4f72c36c1d88fee,2026-09-21T00:34:55+00:00,unresolved,token_lp_or_usd_conditions_unverified,2,True,,,,,
uniswap-v4,0x2fe6010f115234d90fc72795b3616c00268b89984b610b960489ea3b4190c2ca,2026-09-21T00:34:59+00:00,excluded,no_swap_in_complete_creation_to_snapshot_history,0,True,,,,,
uniswap-v4,0xd9e0289b6a2a82147c16e45f25da6f8377320ac7355eea1bd812bfa4a44fa9c3,2026-09-21T00:36:25+00:00,excluded,no_remaining_lp_principal,238,True,,,,,
uniswap-v4,0x803f24912bf08aafcdee36e2a288ed064347a901042dec03bac564534c2fc366,2026-09-21T00:38:41+00:00,excluded,no_swap_in_complete_creation_to_snapshot_history,0,True,,,,,
uniswap-v4,0x0d1a928d4629dc2636682212c853fa068b68e3e6fabd96aaca2699da1a85bd85,2026-09-21T00:39:27+00:00,excluded,no_swap_in_complete_creation_to_snapshot_history,0,True,,,,,
uniswap-v4,0xba6ea55365552c187d3d33368319c022ed86e41ef528fef1bfa8d35b9875b2fd,2026-09-21T00:40:13+00:00,excluded,no_swap_in_complete_creation_to_snapshot_history,0,True,,,,,
uniswap-v4,0x9667261d29f278b840cbc6def711bdc6da3766db0cdc80d54c9819541aaedbed,2026-09-21T00:40:59+00:00,unresolved,token_lp_or_usd_conditions_unverified,1,True,,,,,
uniswap-v4,0x8c016e1f12fe29a6400e72ab030a17229669ffd14bfd425e7a62203337e37e57,2026-09-21T00:41:49+00:00,unresolved,token_lp_or_usd_conditions_unverified,3,True,,,,,
uniswap-v4,0x91a9a092b3f5b0f785577a52da9145dac4a34f4ecfc177e84b39ea2ea8c12254,2026-09-21T00:42:23+00:00,excluded,no_remaining_lp_principal,5,True,,,,,
uniswap-v4,0x6b7f89a7dfbbf428621a5fbe7910b0dfd13977507df8b866abaf0b0475b4b596,2026-09-21T00:44:33+00:00,unresolved,token_lp_or_usd_conditions_unverified,1,True,,,,,
uniswap-v4,0xc3e71638e3e90c68cfa2da332235a485b5110284cddde4a1f37a428a7b52fe52,2026-09-21T00:44:51+00:00,unresolved,token_lp_or_usd_conditions_unverified,1,True,,,,,
uniswap-v4,0xf256df0a79e5bca0b2b41d459b07b1a0e457d0a1ddc17ec02cfe7a7085329a68,2026-09-21T00:45:09+00:00,excluded,no_remaining_lp_principal,194,True,,,,,
uniswap-v4,0x2ce51b44ddfbf3b375513c2951cb44523c3118e87cf0e6f5977db8f807b3ced1,2026-09-21T00:45:19+00:00,unresolved,token_lp_or_usd_conditions_unverified,1,True,,,,,
uniswap-v4,0x87544e5cd6ee65e42db5bebc2d01c09734b5c304ab9f686bb429ddb34ab82b9b,2026-09-21T00:47:53+00:00,unresolved,token_lp_or_usd_conditions_unverified,1,True,,,,,
uniswap-v4,0x955d3f0d2bf0c05b268d11479e5aef00bc4ff8e4b5d8af0bb1e83e7b955ecc8c,2026-09-21T00:48:01+00:00,excluded,no_swap_in_complete_creation_to_snapshot_history,0,True,,,,,
uniswap-v4,0xf3b573110a9385dbed0c2f98649de10b237207c41bc6c811625adf62b82d9793,2026-09-21T00:50:03+00:00,excluded,no_swap_in_complete_creation_to_snapshot_history,0,True,,,,,
uniswap-v4,0x172fc3b09e6a8f7d5470283d7c43a3ddb0e5925904de97f1971f6f6081a8eab9,2026-09-21T00:50:05+00:00,excluded,positive_lp_share_withdrawal_succeeded,15,True,,,,,
uniswap-v4,0x7a6f7c1fd3eb4df3c8e91a7eb99336d1c6258304555c38857c02db6c4e30a28e,2026-09-21T00:51:03+00:00,unresolved,token_lp_or_usd_conditions_unverified,23,True,,,,,
uniswap-v4,0x80cdeae704d5f7bb29b9520bef7f3254f1681e32d0cc8a58cad8f819a8aba6d5,2026-09-21T00:51:07+00:00,excluded,no_swap_in_complete_creation_to_snapshot_history,0,True,,,,,
uniswap-v4,0x4a1dc643689e492281fd0d443ce4e858b39c663659e8ff34ffc327b6c6d25848,2026-09-21T00:51:37+00:00,excluded,no_remaining_lp_principal,242,True,,,,,
uniswap-v4,0xaa75ee0b872122510a17c7c67ead9ed29bd2798c8032fd0d6ceeb525f31ade1d,2026-09-21T00:52:37+00:00,excluded,no_remaining_lp_principal,5,True,,,,,
uniswap-v4,0x166d9a721aab4d41f45492b93537ebd72022cb822f5f35af9ab103e0d5b5c6b9,2026-09-21T00:52:49+00:00,excluded,no_swap_in_complete_creation_to_snapshot_history,0,True,,,,,
uniswap-v4,0x1579de17255102eb5d26e7fdd949f8c0bb94f2953ca11545e9ffa8ee3149cedd,2026-09-21T00:52:53+00:00,excluded,no_swap_in_complete_creation_to_snapshot_history,0,True,,,,,
uniswap-v4,0x91b64d9b0f909842579ae38dfdf4f5b396add682cffd923daeb2d862f31fe243,2026-09-21T00:54:47+00:00,excluded,no_swap_in_complete_creation_to_snapshot_history,0,True,,,,,
uniswap-v4,0x802cd43a0d5aa09fd7b580b44c60259716d055e412f8c14adc629f74c90035bd,2026-09-21T00:55:11+00:00,excluded,no_swap_in_complete_creation_to_snapshot_history,0,True,,,,,
uniswap-v4,0x2b81d42fc0e269866f4e81a31cf749de5fe5db08ab8570fb5c563cd254c29e59,2026-09-21T00:55:21+00:00,excluded,no_swap_in_complete_creation_to_snapshot_history,0,True,,,,,
uniswap-v4,0x1a6f23da4ca6cc9473bf173a94ed4e65e58cfe4ff8a3a954bf542fb890dff476,2026-09-21T00:56:35+00:00,excluded,no_swap_in_complete_creation_to_snapshot_history,0,True,,,,,
uniswap-v4,0xd826af943a652f4091871675ddd28fe7e9ec0caf9510da31951636950aaebe22,2026-09-21T00:56:39+00:00,excluded,no_swap_in_complete_creation_to_snapshot_history,0,True,,,,,
uniswap-v4,0xc961a275e1b61ff9398b886a6accb21c41bce0b1b501c8d1e70a599c31d672c6,2026-09-21T00:56:57+00:00,excluded,no_swap_in_complete_creation_to_snapshot_history,0,True,,,,,
uniswap-v4,0xd7372a0e49a6d1d336f9eac8961bbb7a544a5723c4abd0fe96c3b627f7ef7293,2026-09-21T00:57:37+00:00,excluded,no_remaining_lp_principal,217,True,,,,,
uniswap-v4,0xbfb8edbf2bdbf2023807a7632bf2e63ed1302e63dddee62b3344cb5290c39f2f,2026-09-21T00:58:05+00:00,excluded,no_swap_in_complete_creation_to_snapshot_history,0,True,,,,,
uniswap-v4,0x20a1f7a81767dc4604934ee7389958bcf99b28b88b5e8018d8abab5329b04ee7,2026-09-21T00:58:15+00:00,unresolved,token_lp_or_usd_conditions_unverified,2,True,,,,,
uniswap-v4,0xe1df08c44f1a2b45847f04da8a897e76b60a88f65d5d3ee465d5d23d262c5be0,2026-09-21T00:59:41+00:00,excluded,no_swap_in_complete_creation_to_snapshot_history,0,True,,,,,
uniswap-v4,0xeab4c9dc14c24444a30ca7faab641945e9f6474ffa6757ccead9c3fe2cb20a56,2026-09-21T01:00:25+00:00,unresolved,token_lp_or_usd_conditions_unverified,1,True,,,,,
uniswap-v4,0x1588de2f1c613c812198e83d69faeb2edf011ea47847643c7bb6730e3697ae77,2026-09-21T01:01:11+00:00,excluded,no_swap_in_complete_creation_to_snapshot_history,0,True,,,,,
uniswap-v4,0x019c815ec21326f7ac9ced597a4565137a8231d66e07fa84559394cf83818748,2026-09-21T01:02:27+00:00,excluded,no_remaining_lp_principal,6,True,,,,,
uniswap-v4,0xe0043cf19c5ca037387b2070c15037ff20824d27180c98e56d5cd0a247d0dfc4,2026-09-21T01:02:49+00:00,unresolved,token_lp_or_usd_conditions_unverified,1,True,,,,,
uniswap-v4,0x914cca228f12c1f2df3dcad4c88140d54d1fa977c9b5b8a60366dda14ffb1ea4,2026-09-21T01:03:35+00:00,excluded,no_swap_in_complete_creation_to_snapshot_history,0,True,,,,,
uniswap-v4,0x2b4953105ceb3b868175951e367404fa1cafab90b938e570951055d9e030faaf,2026-09-21T01:03:51+00:00,excluded,no_swap_in_complete_creation_to_snapshot_history,0,True,,,,,
uniswap-v4,0x3a1ac96e604f08931844e54a9d7e7ba00af8ad73c6063cc19efa1655d2507f02,2026-09-21T01:04:19+00:00,unresolved,token_lp_or_usd_conditions_unverified,1,True,,,,,
uniswap-v4,0x99f28b7f934feb60915fca5a52174c20fcd97958025b4e2e628ca1e772f35c7e,2026-09-21T01:04:31+00:00,excluded,no_swap_in_complete_creation_to_snapshot_history,0,True,,,,,
uniswap-v4,0x531ee5295b0912c31d48c470beffd5a2666e83430b3e1361a772d005de5af274,2026-09-21T01:05:15+00:00,excluded,no_swap_in_complete_creation_to_snapshot_history,0,True,,,,,
uniswap-v4,0x3bd97edc567760284bf095f1ed6d4dc69f185a6ea8b7cce08b0cb372c4133eeb,2026-09-21T01:06:07+00:00,excluded,no_swap_in_complete_creation_to_snapshot_history,0,True,,,,,
uniswap-v4,0xb465dc0986ce8ffe3d3c67f25822a67ca6b5f7bd36011f1620268d4ba0487757,2026-09-21T01:06:29+00:00,unresolved,token_lp_or_usd_conditions_unverified,1,True,,,,,
uniswap-v4,0xeaba4badf49f072dcf7a608173ab16025f71f99d5c299f68e8040972708e4b77,2026-09-21T01:06:55+00:00,excluded,no_remaining_lp_principal,270,True,,,,,
uniswap-v4,0x9e9187662b7600e95dd4bc8685f8ee6abd79ad67394445530053b9e84fc243d0,2026-09-21T01:07:09+00:00,unresolved,token_lp_or_usd_conditions_unverified,21,True,,,,,
uniswap-v4,0x8a93dec621ac556c4a773dd760428e09c7b45d0e892c94cfccbc4f804a6cbc84,2026-09-21T01:07:13+00:00,excluded,no_swap_in_complete_creation_to_snapshot_history,0,True,,,,,
uniswap-v4,0x81b790564701af0cfe59648e458107e2b34a35d4755d17f7ee9f54670a2d95b1,2026-09-21T01:07:17+00:00,excluded,no_swap_in_complete_creation_to_snapshot_history,0,True,,,,,
uniswap-v4,0xb0042060760ac0b591a1f831898d59f5f8983324ed78794ece219e8ce514bb5b,2026-09-21T01:09:45+00:00,excluded,no_remaining_lp_principal,204,True,,,,,
uniswap-v4,0xf9a9b25bd1dd87d28415223191a253ad626940c49f68f1a8874685bbc0f9447c,2026-09-21T01:09:55+00:00,excluded,positive_lp_share_withdrawal_succeeded,4,True,,,,,
uniswap-v4,0xf0ff8267a45f2f5f927452e385e71571c8c7a4f6417d11f271945d23d5e3c681,2026-09-21T01:10:47+00:00,unresolved,token_lp_or_usd_conditions_unverified,20,True,,,,,
uniswap-v4,0xda10979f964e88a40eac608dbeed5946a7d3a113ab8f02d55198c0fba58f0c30,2026-09-21T01:10:49+00:00,excluded,no_swap_in_complete_creation_to_snapshot_history,0,True,,,,,
uniswap-v4,0x0182ce50955d902b54a28056a80359935977b05b70565cf4958833e2147764c3,2026-09-21T01:11:05+00:00,unresolved,token_lp_or_usd_conditions_unverified,1,True,,,,,
uniswap-v4,0x6d7913a59224ef0e5af76aa3ecd2c505d1599837dd79c3433b12b9d8c0eb2df8,2026-09-21T01:12:31+00:00,excluded,no_remaining_lp_principal,5,True,,,,,
uniswap-v4,0x01bcde7c651e37b3a4c57e714044947327e798cc6518d7430d6f328f4cba1ec3,2026-09-21T01:13:07+00:00,unresolved,token_lp_or_usd_conditions_unverified,1,True,,,,,
uniswap-v4,0x0f17deaa6fb36445fd8af1c9d3412305edddb7294a5be6f66b1948d945735dd9,2026-09-21T01:15:17+00:00,unresolved,token_lp_or_usd_conditions_unverified,2,True,,,,,
uniswap-v4,0x141bab02e58ebd4e4525d3d672389bc85a1e9ae595cb7c9885c794fafb5e0743,2026-09-21T01:16:19+00:00,excluded,no_swap_in_complete_creation_to_snapshot_history,0,True,,,,,
uniswap-v4,0xb5217c0a1967be75b6bd70ee22f1757bd0d5d64b9655cd386ca29fc75c0d09aa,2026-09-21T01:17:15+00:00,pass,reviewed_token_and_permanent_lp_conditions,1,True,IK,100_percent_permanent_source_reviewed,10247.818172,0.005395,1.0
uniswap-v4,0x87686d662ac7642f25cfa214fb917acbaf6a8e7869cd2c7b91f81fc5cb2b4d13,2026-09-21T01:17:33+00:00,excluded,no_swap_in_complete_creation_to_snapshot_history,0,True,,,,,
uniswap-v4,0x04a5a1928e869171356afe453ed2fec4c415867dd4241d81e96e7719a1d98d6e,2026-09-21T01:17:43+00:00,excluded,no_swap_in_complete_creation_to_snapshot_history,0,True,,,,,
uniswap-v4,0xb41870aa3c59312959ac5a1771590f2607212c14eddb786ebc6349106b2f731a,2026-09-21T01:17:51+00:00,unresolved,token_lp_or_usd_conditions_unverified,1,True,,,,,
uniswap-v4,0xdcc29eaaf7a02973620a4173fe4a08475cab79143c08cf4c2260ca689f1d12d2,2026-09-21T01:19:23+00:00,unresolved,token_lp_or_usd_conditions_unverified,23,True,,,,,
uniswap-v4,0xb240aca335f23811f0d5ff3aac167823644d10d5661712ca63273cb57d20a8d2,2026-09-21T01:19:27+00:00,excluded,no_swap_in_complete_creation_to_snapshot_history,0,True,,,,,
uniswap-v4,0x8e5e6d52b4141a3024e0cccea2340e05934b4c920a61e63c64c205469cf80d64,2026-09-21T01:19:41+00:00,excluded,no_swap_in_complete_creation_to_snapshot_history,0,True,,,,,
uniswap-v4,0x4dbbd751d7dc7ff1fed234afb4aa7737f6b7cf35be129875c1e158b83242f8e4,2026-09-21T01:19:57+00:00,excluded,no_swap_in_complete_creation_to_snapshot_history,0,True,,,,,
uniswap-v4,0xd9a7d058a9bb596585b480a0f50f0d3e7335a912abc7784f78c54fe58d53dafc,2026-09-21T01:20:43+00:00,excluded,no_swap_in_complete_creation_to_snapshot_history,0,True,,,,,
uniswap-v4,0x88e2bb2a8903432c6ee6f9d3310b5e698c5ca6bb7b082e937d7e1ad51afc93d6,2026-09-21T01:20:53+00:00,excluded,no_swap_in_complete_creation_to_snapshot_history,0,True,,,,,
uniswap-v4,0x66fb893ca61c42f0438b1b52ee5c88027a6cae9e2e604d4bdd526bfa62f6c000,2026-09-21T01:21:13+00:00,excluded,no_swap_in_complete_creation_to_snapshot_history,0,True,,,,,
uniswap-v4,0x3f590f8722283b7b2e0c90ae4b60650094ef2f9696064d52b7b511382d56c3e0,2026-09-21T01:21:51+00:00,excluded,no_swap_in_complete_creation_to_snapshot_history,0,True,,,,,
uniswap-v4,0xb1e1f5ff301bf601a76fed24dfd753f5ad490d88decf61129bf4ba5e89a06232,2026-09-21T01:21:55+00:00,excluded,no_remaining_lp_principal,169,True,,,,,
uniswap-v4,0xf0e6a8f8f2b904e5de1811e837486a64c7343071a59e0e8246608d0aeb6e8420,2026-09-21T01:22:05+00:00,excluded,no_remaining_lp_principal,228,True,,,,,
uniswap-v4,0x1f8f33f460f71fb07dc182ad7e2ce928211ec4c2c26c2ec4d53ced1b60dce2b5,2026-09-21T01:22:37+00:00,excluded,no_remaining_lp_principal,5,True,,,,,
uniswap-v4,0x179f470a009aec6c0d23f2a4ebb824b900471eb53a5c1da8ea6b9df2c1cbdbe5,2026-09-21T01:25:09+00:00,pass,reviewed_token_and_permanent_lp_conditions,1,True,AX,100_percent_permanent_source_reviewed,25713.552604,0.005397,1.0
uniswap-v4,0x47287cd78a02a70b051850b843087ef4e3b3081942d58c29954c0f3ef1c5be70,2026-09-21T01:25:25+00:00,unresolved,token_lp_or_usd_conditions_unverified,1,True,,,,,
uniswap-v3,0x73500ebd7241b6e67ed7788a2a8ae9241d6ea185,2026-09-21T01:25:43+00:00,unresolved,token_lp_or_usd_conditions_unverified,1,True,,,,,
uniswap-v4,0xda790821267df36dc61ad86be4cac1b3a01c6e5894866da6dd4728dd296b37ca,2026-09-21T01:25:43+00:00,excluded,no_swap_in_complete_creation_to_snapshot_history,0,True,,,,,
uniswap-v4,0xb7a967a2829a5d3897f0f69372d35253b92d24e30928f264d417d3bf7c7bdbb7,2026-09-21T01:25:55+00:00,excluded,no_swap_in_complete_creation_to_snapshot_history,0,True,,,,,
uniswap-v4,0x7d21567d0df6d7ae0153be2e4eca50174cf0dee6415d6d7b75adb14d5deaab21,2026-09-21T01:25:59+00:00,excluded,no_swap_in_complete_creation_to_snapshot_history,0,True,,,,,
uniswap-v4,0xab7e57509baac1748949427ef7c81dc976748c2269e927e356e2072b669a0a77,2026-09-21T01:26:27+00:00,excluded,no_swap_in_complete_creation_to_snapshot_history,0,True,,,,,
uniswap-v4,0xa02a4f59c902d61c58bca90d3a4dea276a5af891c02ae6da33deb6e02dae4c57,2026-09-21T01:26:39+00:00,excluded,no_remaining_lp_principal,283,True,,,,,
uniswap-v4,0x9ee5909bbcac5963dfe6c93e25abaa8078d657092ea7f7be7e6ca127c8d8cdcd,2026-09-21T01:26:43+00:00,excluded,no_swap_in_complete_creation_to_snapshot_history,0,True,,,,,
uniswap-v4,0x8d2a199da114e85ad4c2db740b10ef48a20861792697d3b39d9c5cae31d0a5ec,2026-09-21T01:27:21+00:00,excluded,no_remaining_lp_principal,131,True,,,,,
uniswap-v4,0x7a34286714d4494fb63d6579227e1c083a106552f31403726145e7cb9c5d25a2,2026-09-21T01:27:25+00:00,excluded,no_swap_in_complete_creation_to_snapshot_history,0,True,,,,,
uniswap-v4,0xfc0fe12b1bf81a65f90f64a08366b2f7a0d728c49cdfb1694593a174e9dde77a,2026-09-21T01:27:33+00:00,unresolved,token_lp_or_usd_conditions_unverified,1,True,,,,,
uniswap-v4,0x422d0f46b56577fb4e9ede8262777e51916279f56f98c34fdc778081dcda6931,2026-09-21T01:27:35+00:00,excluded,no_swap_in_complete_creation_to_snapshot_history,0,True,,,,,
uniswap-v4,0x022d74532b8860a529601f8da252ac4994181717e4f01e2998ddbbd2d4ae1a84,2026-09-21T01:29:31+00:00,pass,reviewed_token_and_permanent_lp_conditions,15,True,LEO,100_percent_permanent_source_reviewed,25713.723560,0.090875,3.0
uniswap-v4,0xd2eca08598f2c8382c43b35a9c8d0bda4658cc304ec1428fe7932686743c25f8,2026-09-21T01:29:45+00:00,excluded,no_remaining_lp_principal,85,True,,,,,
uniswap-v4,0xabb036555018948d226a11328376584ec05d5ff1461286426455322d93db0590,2026-09-21T01:29:49+00:00,excluded,no_swap_in_complete_creation_to_snapshot_history,0,True,,,,,
uniswap-v4,0x2976576fd6c7ca7da77d163febc0de860a8a3ae5464f8a310b8777f314c5c9c0,2026-09-21T01:30:09+00:00,excluded,no_remaining_lp_principal,18,True,,,,,
uniswap-v4,0xf31b1c0d236634a682dcbf98dc596d7c35be51ab87f02b49666a05c9d3833a8e,2026-09-21T01:30:11+00:00,excluded,no_remaining_lp_principal,9,True,,,,,
uniswap-v4,0xd68fc9d2bbb01f4a1fc66b5ccd5090bc3332e713fb79d899be33729e7f8fb465,2026-09-21T01:30:19+00:00,unresolved,token_lp_or_usd_conditions_unverified,1,True,,,,,
uniswap-v4,0xd0a253df07ab55bfce083253cfc7e2403f722aaae819902ca4b13dadce60417f,2026-09-21T01:30:21+00:00,excluded,no_swap_in_complete_creation_to_snapshot_history,0,True,,,,,
uniswap-v4,0x7e0e241b78c308b1a85798ffbf33296a7b090949491ae830cb12983b1e152929,2026-09-21T01:30:21+00:00,unresolved,token_lp_or_usd_conditions_unverified,1,True,,,,,
uniswap-v4,0x8791c614c2a567cc4aee26a8ccb2355f9426173e474f6276b29bf23441a9f675,2026-09-21T01:30:37+00:00,excluded,no_swap_in_complete_creation_to_snapshot_history,0,True,,,,,
uniswap-v4,0xdb13a91d52627f6a23ea44abbd7827ce78cc6f56bc4b0a70a66ca272f682aa9e,2026-09-21T01:30:41+00:00,excluded,no_swap_in_complete_creation_to_snapshot_history,0,True,,,,,
uniswap-v4,0x1270c62aa8f7e7f3b20577a375671585346834e9148b772629e5f5aee97be859,2026-09-21T01:32:29+00:00,excluded,no_remaining_lp_principal,5,True,,,,,
uniswap-v4,0x578799236bc38bfd6cc5664cd8861c3d79d62337a2e7d8194750f7533bea719c,2026-09-21T01:32:59+00:00,unresolved,token_lp_or_usd_conditions_unverified,1,True,,,,,
uniswap-v4,0x38478c4126a4da8888277238c3ada5c17f7b5166227c0adc7bdf85c1cfeaf683,2026-09-21T01:34:11+00:00,excluded,no_remaining_lp_principal,143,True,,,,,
aerodrome,0x7a60a4326e0a1ffbe244552bb9ece761c2136f48,2026-09-21T01:36:53+00:00,excluded,no_remaining_lp_principal,197,True,,,,,
uniswap-v4,0xfb9936694c50b7a51c2ea0a4bb349f92192d92efd85bc9dfd1cf15c079a108ce,2026-09-21T01:37:05+00:00,excluded,no_swap_in_complete_creation_to_snapshot_history,0,True,,,,,
uniswap-v4,0x672738bb4b07547cd0e75f49bbdf30add180959fbc25c87a7c4fc21fcac49784,2026-09-21T01:37:19+00:00,excluded,no_remaining_lp_principal,30,True,,,,,
uniswap-v4,0xf151b0307463c1a68d557bf48658624766b13eabb03784a9add03fd9edb54909,2026-09-21T01:37:43+00:00,excluded,no_remaining_lp_principal,17,True,,,,,
uniswap-v4,0x8d51c3c737b170ab4e543f8d83f744ffc7d672a402a8fb057eda1fea37afc89c,2026-09-21T01:39:53+00:00,excluded,no_remaining_lp_principal,272,True,,,,,
uniswap-v4,0x1823a0cccdd409d8632d982efda6409ac5f4bafe98ee9010e72de2676617d8f1,2026-09-21T01:41:35+00:00,excluded,no_remaining_lp_principal,83,True,,,,,
uniswap-v4,0x03af91a8ab9e67bdd12ba0cf3d601159044f73ee74e285230968ed9eea16f2fe,2026-09-21T01:41:39+00:00,excluded,no_swap_in_complete_creation_to_snapshot_history,0,True,,,,,
uniswap-v4,0x8d24d42356252d85f74797502cbf226def3ad0f48ee427c2768d5b95c89e65de,2026-09-21T01:42:21+00:00,excluded,positive_lp_share_withdrawal_succeeded,1,True,,,,,
uniswap-v4,0xd7e2d08ef8a3009d1e56dca8c9153fd07fb265e6e79b3f96752821d31f4e62dd,2026-09-21T01:42:41+00:00,excluded,no_remaining_lp_principal,5,True,,,,,
uniswap-v4,0x08ba4b37a5dc75c021a434a1aa26debb9f38bd3c624348a6a11ed4584c058adb,2026-09-21T01:42:57+00:00,excluded,no_remaining_lp_principal,4176,True,,,,,
uniswap-v4,0x7fdc2fa94dd253e41c1d2667c7ab4eaf57f1fe4c13219084fa064e87a13fa78c,2026-09-21T01:43:35+00:00,unresolved,token_lp_or_usd_conditions_unverified,3,True,,,,,
uniswap-v4,0x030987c21fe8a3ae7fbbb8cec0852b903e695e42e381b70f713598404a480b31,2026-09-21T01:43:39+00:00,excluded,no_swap_in_complete_creation_to_snapshot_history,0,True,,,,,
uniswap-v4,0xfb58a73880d61d94b2a38761b23c96d4adb58b3f6b785a57a3ec4f69695bcbfb,2026-09-21T01:44:11+00:00,excluded,no_swap_in_complete_creation_to_snapshot_history,0,True,,,,,
uniswap-v4,0xe42e913c0fc8a9105b80a7ad9c44d04574fe3debdf661bc9d520b50cd503c56c,2026-09-21T01:44:27+00:00,pass,reviewed_token_and_permanent_lp_conditions,1,True,POIN,100_percent_permanent_source_reviewed,10247.818176,0.005397,1.0
uniswap-v4,0x05924fdaafe7b91ffe04c0e92d052e2958aabe29a3a32503f29bff3a66806772,2026-09-21T01:45:15+00:00,unresolved,token_lp_or_usd_conditions_unverified,1,True,,,,,
uniswap-v4,0x9eeb79f47d689a14f527df82af187d7d6a6b0e0d6ecbad4f0a83540072852088,2026-09-21T01:45:49+00:00,excluded,no_swap_in_complete_creation_to_snapshot_history,0,True,,,,,
uniswap-v4,0xa539b3e1cd0a40d696453f00d40c3e35424504bd71ac5f69974f6dba4859a65e,2026-09-21T01:46:03+00:00,excluded,no_swap_in_complete_creation_to_snapshot_history,0,True,,,,,
uniswap-v4,0x35b7903e41f485b7dda8d89f6d4a9e371fdb0c52754694ad043fc6e1cfd76dbd,2026-09-21T01:46:07+00:00,excluded,no_swap_in_complete_creation_to_snapshot_history,0,True,,,,,
uniswap-v4,0x7f9076ca89253b0761ad5c22525b9b14424c51f3bbd8b4d7ff9e96adaa348396,2026-09-21T01:46:21+00:00,excluded,no_remaining_lp_principal,214,True,,,,,
uniswap-v4,0xcf04430d2fd8599a7db0f938d6c2656c30a95a67fc88fdce9622f73702c343d0,2026-09-21T01:46:51+00:00,excluded,no_remaining_lp_principal,131,True,,,,,
uniswap-v4,0xd1409d72397fe8b063454f20127d9155024fba6595a7d7b2cac6e2f078350975,2026-09-21T01:46:55+00:00,excluded,no_swap_in_complete_creation_to_snapshot_history,0,True,,,,,
uniswap-v4,0xc0f3341321df0763b67151c48e4d29710d9bea48dbc63150e9cb85db4a510423,2026-09-21T01:47:01+00:00,excluded,no_swap_in_complete_creation_to_snapshot_history,0,True,,,,,
uniswap-v4,0x9423385bd420a751025c6389d7bee97f24d55c4caf822550f92260bfaabeec61,2026-09-21T01:47:05+00:00,excluded,no_swap_in_complete_creation_to_snapshot_history,0,True,,,,,
uniswap-v4,0x79e35d97c49c037218b4e9674153ca98e8d20ee7880035400a14f625e00e95dc,2026-09-21T01:47:11+00:00,unresolved,token_lp_or_usd_conditions_unverified,2,True,,,,,
uniswap-v4,0x0fc37e6ce297212c432d5c1de7157b18b8d29ea8871cdd0e4f27b9879b6df1b5,2026-09-21T01:47:15+00:00,excluded,no_swap_in_complete_creation_to_snapshot_history,0,True,,,,,
uniswap-v4,0x0d86375a5c9825c075666bd0d3e699f6756584aff8fcf855e1fb8e94d75c241f,2026-09-21T01:47:51+00:00,unresolved,token_lp_or_usd_conditions_unverified,1,True,,,,,
uniswap-v4,0x7e2fb4a30eb297c8f6bea5f2d30681c65d6f8eb21af81366712b795002a7fe89,2026-09-21T01:47:57+00:00,excluded,no_swap_in_complete_creation_to_snapshot_history,0,True,,,,,
uniswap-v4,0xaa34d734d9e610adc39c46fb965726b99c860c66565042fd297e75629ba7ecae,2026-09-21T01:49:07+00:00,excluded,no_swap_in_complete_creation_to_snapshot_history,0,True,,,,,
uniswap-v4,0x95416a3406d858a73bd04abb0aacd404b48057fc728eb5036d2216b3c79a1940,2026-09-21T01:49:29+00:00,excluded,no_swap_in_complete_creation_to_snapshot_history,0,True,,,,,
uniswap-v4,0x1604e5741e57335565711a84d0cc1327874313e966ed7eff707bab19203fff74,2026-09-21T01:49:35+00:00,excluded,no_swap_in_complete_creation_to_snapshot_history,0,True,,,,,
uniswap-v4,0x1f30c894a9b3a5303188ab96065a8f12433d117d2b46c7a8dd85f32bbbd27554,2026-09-21T01:49:51+00:00,excluded,no_swap_in_complete_creation_to_snapshot_history,0,True,,,,,
uniswap-v4,0x06d78735e9b54224be04d965bb563c5a541e538c5a436af5be01b28ff29cccaf,2026-09-21T01:50:31+00:00,excluded,no_swap_in_complete_creation_to_snapshot_history,0,True,,,,,
uniswap-v4,0x3ddc4fed1c2b3c2ed8ca8128d6c93f4b303a1bd073868824e962d7f9486120d6,2026-09-21T01:50:39+00:00,unresolved,token_lp_or_usd_conditions_unverified,2,True,,,,,
uniswap-v4,0x2bec9d8ed7c1be550d0e340a4cb554faa2b4e95343045288f685877454b8f58d,2026-09-21T01:51:39+00:00,excluded,no_swap_in_complete_creation_to_snapshot_history,0,True,,,,,
uniswap-v4,0x70650be9391abdd32d9fd3b4f4fcc1823527a43f3b386ba5edd2e2320cf3296c,2026-09-21T01:52:35+00:00,excluded,no_remaining_lp_principal,5,True,,,,,
uniswap-v4,0x009905fa3b970b3661138813ccedd9d8822ec2b5bd5ac71e081cfeaf10f1d971,2026-09-21T01:53:27+00:00,excluded,no_remaining_lp_principal,75,True,,,,,
uniswap-v4,0x43c23e475661602fd243cc520ba9c4a1d2b2db40ea50d71a4198f8d5e61184a1,2026-09-21T01:53:31+00:00,excluded,no_swap_in_complete_creation_to_snapshot_history,0,True,,,,,
uniswap-v4,0xe3af1cae512476d17cffddea0b75baded2c3740c99216bd32d45bc99ea1ba78b,2026-09-21T01:53:41+00:00,excluded,no_swap_in_complete_creation_to_snapshot_history,0,True,,,,,
uniswap-v4,0x7c815ac32257e5d9a220005a41ad9d3d94edf0b9ef448cf6609cb08c77dc7b77,2026-09-21T01:53:45+00:00,excluded,no_swap_in_complete_creation_to_snapshot_history,0,True,,,,,
uniswap-v4,0xb55edc2a9273e15697160804fbb231547a12c01831cfc08efe164b4078a7781a,2026-09-21T01:54:13+00:00,excluded,positive_lp_share_withdrawal_succeeded,1,True,,,,,
uniswap-v4,0x5408627bd517174e43dd778bfdb2fc174cb672e6bcd9f58a2a400a3fc7a03afe,2026-09-21T01:54:17+00:00,excluded,no_swap_in_complete_creation_to_snapshot_history,0,True,,,,,
uniswap-v4,0xa807e6d0487efe38673ab44a703daebae6facb45708d3736048128d2dae9102f,2026-09-21T01:54:47+00:00,excluded,positive_lp_share_withdrawal_succeeded,2,True,,,,,
uniswap-v4,0x5048c1cb129bca4118b6cbd2d9d69cf05b015a7c260a4c452ed7ebe506322f67,2026-09-21T01:55:01+00:00,excluded,no_remaining_lp_principal,252,True,,,,,
uniswap-v4,0x34a41ebdb65b3093d3e7c8c381b37213ad83986a83ea042a39359fc481da07f3,2026-09-21T01:55:21+00:00,excluded,no_swap_in_complete_creation_to_snapshot_history,0,True,,,,,
uniswap-v4,0xe05f1175e6189a74da80a65b5de6b6db6dd9ad6d71928b15b2ef7062521097b5,2026-09-21T01:55:29+00:00,excluded,no_swap_in_complete_creation_to_snapshot_history,0,True,,,,,
uniswap-v4,0xd0085eb06cd77b40162e22ec7b97a231fceb2b1252bfa9a4fde151498221ab4f,2026-09-21T01:56:17+00:00,excluded,no_swap_in_complete_creation_to_snapshot_history,0,True,,,,,
uniswap-v4,0xdc442ff33df61d59ca17655af09c2744ae9cffabda79efc061fbff06d591f41a,2026-09-21T01:56:21+00:00,excluded,no_swap_in_complete_creation_to_snapshot_history,0,True,,,,,
uniswap-v4,0x84f7b24f8821696f7d5e362779477e0887ce5518f6383cfa71f1f88eb94b1bae,2026-09-21T01:57:15+00:00,excluded,no_swap_in_complete_creation_to_snapshot_history,0,True,,,,,
uniswap-v4,0xdd6fc68cdb3cdbcf2fb7c307d43213f8d0305948f43c5bac47aca817e4d6c0ab,2026-09-21T01:57:19+00:00,excluded,no_swap_in_complete_creation_to_snapshot_history,0,True,,,,,
uniswap-v4,0x3141b85ce6ccc0352d16eccec551e1374a81b8667e802950b28b0380794b1073,2026-09-21T01:58:39+00:00,excluded,no_remaining_lp_principal,198,True,,,,,
uniswap-v4,0x68ab5c806626096bdfd5e76686a470a4b87a72bf1a6422fbd62ae89e0cd073ad,2026-09-21T01:59:05+00:00,unresolved,token_lp_or_usd_conditions_unverified,7,True,,,,,
uniswap-v4,0x099076e05f8e1dfa3165fab1c61ef7feb108494ea0521caaecacce5fd9866c5c,2026-09-21T02:00:25+00:00,unresolved,token_lp_or_usd_conditions_unverified,1,True,,,,,
uniswap-v4,0x738199b06da5a3b01bfd82e65e046e8a0bf8b7770ab829f41e7ce0244c4b020e,2026-09-21T02:00:29+00:00,unresolved,token_lp_or_usd_conditions_unverified,20,True,,,,,
uniswap-v4,0x60017e3d25f16a65fe2d9ddc7c097b6f16032c41b5825aa1eb37be372aefec87,2026-09-21T02:02:43+00:00,excluded,no_swap_in_complete_creation_to_snapshot_history,0,True,,,,,
uniswap-v4,0x194e5826f6940e0a65d55e87403850c28ed912120d385adaf7a2262ab6cda94a,2026-09-21T02:02:49+00:00,excluded,no_remaining_lp_principal,5,True,,,,,
uniswap-v4,0xa6dd3bc6e5718054b63a36dce89492cb083e95c7f844b5806547225a7cd81462,2026-09-21T02:02:51+00:00,unresolved,token_lp_or_usd_conditions_unverified,1,True,,,,,
uniswap-v4,0xd225560355e9a4db2bdc55cd07b6689a515dba9da406b752ab91c6978c3b77ae,2026-09-21T02:03:33+00:00,excluded,no_swap_in_complete_creation_to_snapshot_history,0,True,,,,,
uniswap-v4,0x1bb7ceb8686e53f922465b652bbd3fbc4fda110eb77af947b8ce8dd40ab45f8d,2026-09-21T02:03:55+00:00,excluded,no_swap_in_complete_creation_to_snapshot_history,0,True,,,,,
uniswap-v4,0x623b620daf0f7a3128d7ccd44cc43f3970ac30598b92e99a9c52185803781744,2026-09-21T02:05:21+00:00,excluded,no_remaining_lp_principal,86,True,,,,,
uniswap-v4,0x804275ca71b96a845b0b56dab7c51c3402e198908956220fc48b75fbbe76903f,2026-09-21T02:05:25+00:00,excluded,no_swap_in_complete_creation_to_snapshot_history,0,True,,,,,
uniswap-v4,0x35508f89f9a637cc8e090cbb44de0e8a25393bba1a21f85f4961e5ca7979853e,2026-09-21T02:05:55+00:00,excluded,no_swap_in_complete_creation_to_snapshot_history,0,True,,,,,
uniswap-v4,0xf70d63f67ae6eab780ef15fc9ac8f78d334013394152a7ef4f4a14b790fbf57c,2026-09-21T02:06:07+00:00,unresolved,token_lp_or_usd_conditions_unverified,10,True,,,,,
uniswap-v4,0x051f281c586280c611b88ad3881f5822dc51538e8e0802116e4db98163a7d940,2026-09-21T02:06:21+00:00,excluded,no_swap_in_complete_creation_to_snapshot_history,0,True,,,,,
uniswap-v4,0x9c969c5822d8f6505903d5b7e2e41cd6ebdbd072fa9b78d66b763ac5af7ed142,2026-09-21T02:07:29+00:00,excluded,no_swap_in_complete_creation_to_snapshot_history,0,True,,,,,
uniswap-v4,0x915f8088d4e4f519852bdac2f9d66c6f4bc43733318a4acaa03248e848d65a40,2026-09-21T02:07:31+00:00,excluded,no_swap_in_complete_creation_to_snapshot_history,0,True,,,,,
uniswap-v4,0x07f33b20c14998b3599b2c97a86959a2345299f366f240a9188ca60a0c6208b5,2026-09-21T02:08:13+00:00,unresolved,token_lp_or_usd_conditions_unverified,2,True,,,,,
uniswap-v4,0x78e982d3bf8c9e67ed3591dc8058862822efbdc53480b13b9b0d04143d102c1c,2026-09-21T02:08:17+00:00,excluded,no_swap_in_complete_creation_to_snapshot_history,0,True,,,,,
uniswap-v4,0xe0cb232f02d01bfc3c654bce2bbf0978a5949862182536a320e105b26b35d2fa,2026-09-21T02:08:31+00:00,excluded,no_remaining_lp_principal,131,True,,,,,
uniswap-v4,0x499f6d02fa1c99adcecd93b66e7a702f7fed4c6261450e6565f5bf1b75078303,2026-09-21T02:08:35+00:00,excluded,no_swap_in_complete_creation_to_snapshot_history,0,True,,,,,
uniswap-v4,0x8680b037d9a3bb0dfc98d38031092f60e70c6adef49c163fecee01378f16e172,2026-09-21T02:10:07+00:00,excluded,no_remaining_lp_principal,262,True,,,,,
uniswap-v4,0xd1d435f7dfa90b99ffce1479f25ba12649f3663be285f75bce5bb9dfec1a2d04,2026-09-21T02:10:41+00:00,excluded,positive_lp_share_withdrawal_succeeded,1,True,,,,,
uniswap-v4,0x653995f88060af095c1927de9a7b81b55220642f99ad73cc67b01fdc477cc718,2026-09-21T02:10:45+00:00,excluded,no_swap_in_complete_creation_to_snapshot_history,0,True,,,,,
uniswap-v4,0x1669e15220c472669b7886558f01a286b9ab64c0e73a2541ded9ba14bf1ef626,2026-09-21T02:10:57+00:00,excluded,no_remaining_lp_principal,190,True,,,,,
uniswap-v4,0xf4c50956bf691aee7e3b3ba6e5a961a543bc09dc067223456dc25313112d75b2,2026-09-21T02:11:03+00:00,excluded,no_swap_in_complete_creation_to_snapshot_history,0,True,,,,,
uniswap-v4,0x083ca3d8d8b31537f24de678a487911e608be8dcdf851aec1a9e0995959d557f,2026-09-21T02:11:05+00:00,excluded,no_swap_in_complete_creation_to_snapshot_history,0,True,,,,,
uniswap-v4,0x2f105210a3e2c0ef0634c03b776ff98a2a5626b633faf97068585ef70150b42d,2026-09-21T02:11:05+00:00,excluded,no_swap_in_complete_creation_to_snapshot_history,0,True,,,,,
uniswap-v4,0xaf45ae76bfdcb917b65d0abc19655a12d84db1913b4366b1a2b02ab923bd7550,2026-09-21T02:11:29+00:00,excluded,no_swap_in_complete_creation_to_snapshot_history,0,True,,,,,
uniswap-v4,0x77bbe7c723ff0bb24e166d8850b0c78575a799dc935f052ef0324aee5e158589,2026-09-21T02:11:31+00:00,excluded,no_swap_in_complete_creation_to_snapshot_history,0,True,,,,,
uniswap-v4,0x9b56985142e3068578a72333823fdf4dd12fc5700c86434590e3b93492d88054,2026-09-21T02:11:55+00:00,excluded,no_swap_in_complete_creation_to_snapshot_history,0,True,,,,,
uniswap-v4,0x3397176dae8469ebb10c0adca5717a02091148d1ce2aa2b5422d04d6804f838e,2026-09-21T02:12:23+00:00,excluded,no_swap_in_complete_creation_to_snapshot_history,0,True,,,,,
uniswap-v4,0xc90816d420167c3f66fb6f62c175783a8cfb7bc7568d6d6a1021ed18e144310c,2026-09-21T02:12:35+00:00,excluded,no_remaining_lp_principal,5,True,,,,,
uniswap-v4,0xca1ba19a966ebe38d36f6d35ff0b1efd7f1c4f28846804f3d86dbec139ef8190,2026-09-21T02:13:19+00:00,excluded,no_swap_in_complete_creation_to_snapshot_history,0,True,,,,,
uniswap-v4,0x909781a991e6269cafcd4233da653713c845004ee24f389f808c0a934fd7a0f0,2026-09-21T02:15:17+00:00,unresolved,token_lp_or_usd_conditions_unverified,1,True,,,,,
uniswap-v4,0x304cf5b11aff4f5bb37cff9ddf7511bb02acc0a75c640b571af86cbc3dbd3aae,2026-09-21T02:15:21+00:00,excluded,no_swap_in_complete_creation_to_snapshot_history,0,True,,,,,
uniswap-v4,0xe5ff9b2fdb63f11cf8bd25bb70ef324401c7d1dfbae72c8d9809e749bd39defb,2026-09-21T02:15:21+00:00,excluded,no_remaining_lp_principal,282,True,,,,,
uniswap-v4,0x57dff6c6dd4d2a9bc61f9b0944fae8e8140ae94975b9658501c893f71950cd38,2026-09-21T02:15:25+00:00,excluded,no_swap_in_complete_creation_to_snapshot_history,0,True,,,,,
uniswap-v4,0x488a6a3615c7e1de296c5c0cef9f5e3b0be007f2b444940b53b666c0488bc00e,2026-09-21T02:15:53+00:00,excluded,no_swap_in_complete_creation_to_snapshot_history,0,True,,,,,
uniswap-v4,0x896b2cbbf138c234c6b3893f03a20b9cdede831331e4da6b532cb42526d3c5c6,2026-09-21T02:16:45+00:00,unresolved,token_lp_or_usd_conditions_unverified,1,True,,,,,
uniswap-v4,0xa31fb9f57b4c90382b96dec1d8425077da42fd55a39c7ed743949c39f1e3150a,2026-09-21T02:16:59+00:00,excluded,no_swap_in_complete_creation_to_snapshot_history,0,True,,,,,
uniswap-v4,0xa37e9c0ce498906c8f90e400ef3a7cdbe9bf84251ae07794167c082abb3934ea,2026-09-21T02:17:49+00:00,excluded,no_swap_in_complete_creation_to_snapshot_history,0,True,,,,,
uniswap-v4,0xa838ce9c0324f37a3d5bd95e1ef4fbc98bd79e27b0ff3e84ec4fea9a0a0317a3,2026-09-21T02:17:51+00:00,unresolved,token_lp_or_usd_conditions_unverified,1,True,,,,,
uniswap-v4,0x7f5aa5890d42ffd1f8c0dbe6ad701004592a70f2342789eda0d84290bfed0c96,2026-09-21T02:18:23+00:00,excluded,no_swap_in_complete_creation_to_snapshot_history,0,True,,,,,
uniswap-v4,0xb9f884a68b5513feeedadbd74a1686fa8795a64b36a462c4b9fa546909bad96f,2026-09-21T02:18:25+00:00,excluded,no_remaining_lp_principal,85,True,,,,,
uniswap-v4,0x73ad4724194b5180bbd7a2f200bdf61a158966e46cbeaf74588de9fff0e6fe7b,2026-09-21T02:18:29+00:00,excluded,no_swap_in_complete_creation_to_snapshot_history,0,True,,,,,
uniswap-v4,0x1be485a339a4ca53aadb2baf4dfc17137c487381cff4e6e344759a4321bc5094,2026-09-21T02:18:37+00:00,excluded,no_swap_in_complete_creation_to_snapshot_history,0,True,,,,,
uniswap-v4,0x5dca724e43972c08f77781c8d040e6fca79c99e94ba3016f66297d4b85003650,2026-09-21T02:18:47+00:00,excluded,no_swap_in_complete_creation_to_snapshot_history,0,True,,,,,
uniswap-v4,0xb32caa888b8020d30cf1b1e92697954b28b38851d18a27cd957ee5610912a542,2026-09-21T02:21:29+00:00,excluded,no_swap_in_complete_creation_to_snapshot_history,0,True,,,,,
uniswap-v4,0x14d7203e0bba20e39baad691c6b5d6eeaee538007649ecea9798369946e04c65,2026-09-21T02:22:27+00:00,excluded,no_swap_in_complete_creation_to_snapshot_history,0,True,,,,,
uniswap-v4,0x3916671b7518bd4234b445271f5296c07e308e3f00201f5954058087b7211c80,2026-09-21T02:22:41+00:00,excluded,no_remaining_lp_principal,5,True,,,,,
uniswap-v4,0x9ad351301146317db735d64f34f058b3da4608d84990fd89557e89d3909c8b3d,2026-09-21T02:23:05+00:00,excluded,no_remaining_lp_principal,30,True,,,,,
uniswap-v4,0x1d212c41a421da6119c955f68382e5a017a659b1434465feea8cc280a55e8cd0,2026-09-21T02:23:45+00:00,excluded,no_swap_in_complete_creation_to_snapshot_history,0,True,,,,,
uniswap-v4,0xdecab66078f28a6255c893a992e292e57628f7465bc78ad82fdb10a0229bec33,2026-09-21T02:25:27+00:00,excluded,no_remaining_lp_principal,245,True,,,,,
uniswap-v4,0x6db382566fea852a6b202b113de6c59a64be653331249295653de9247f7eb55f,2026-09-21T02:25:41+00:00,excluded,no_remaining_lp_principal,188,True,,,,,
uniswap-v4,0x22fa924578e2c9f5ce47d176c6d46048288218d101f7a6d65b53fe8595b26fd7,2026-09-21T02:27:57+00:00,excluded,no_remaining_lp_principal,131,True,,,,,
uniswap-v4,0x1baa06f861d946b4b6c107b170de3a48807dcc6a77b61730c7d34785d0762ca6,2026-09-21T02:28:01+00:00,excluded,no_swap_in_complete_creation_to_snapshot_history,0,True,,,,,
uniswap-v4,0xf6d5e36e5ba2bab640b0173b60f8798bcc4dc5c637e4856293cb7b61c11611eb,2026-09-21T02:28:03+00:00,unresolved,token_lp_or_usd_conditions_unverified,4,True,,,,,
uniswap-v4,0xd7935f4bd84641d7cd175ac84f8acad769794b19b03c7af680e5e6cf32154581,2026-09-21T02:28:07+00:00,excluded,no_swap_in_complete_creation_to_snapshot_history,0,True,,,,,
uniswap-v4,0x056e79429e287e5057d75b12a8b4be350e8876517aab1ef3c3a0883a71c11d73,2026-09-21T02:28:37+00:00,unresolved,token_lp_or_usd_conditions_unverified,3,True,,,,,
uniswap-v4,0x1c61fd4caac4e9e4fead4c312027eb89cb491d5011bf314d06c336ca59dd2fa7,2026-09-21T02:29:05+00:00,excluded,no_swap_in_complete_creation_to_snapshot_history,0,True,,,,,
uniswap-v4,0xbf8aa96297c50a4d6ca8a4494abb612b9f70230df2d4e881d0dbd4caaa9fe8eb,2026-09-21T02:29:39+00:00,excluded,no_swap_in_complete_creation_to_snapshot_history,0,True,,,,,
uniswap-v4,0x9e23787d579c461135e53eefcb55a037e63218c6910847a6e96f43a6c9041af7,2026-09-21T02:30:21+00:00,unresolved,token_lp_or_usd_conditions_unverified,1,True,,,,,
uniswap-v4,0xdde3d25f98cd37547ba2157f3546b8657c0219ba8613a63caefbf8e150aed64d,2026-09-21T02:30:47+00:00,unresolved,token_lp_or_usd_conditions_unverified,26,True,,,,,
uniswap-v4,0x5e7379390177c9044dd610279bfcd3ec1a7739135c40ab08deea9472fc3c291e,2026-09-21T02:30:51+00:00,excluded,no_swap_in_complete_creation_to_snapshot_history,0,True,,,,,
uniswap-v4,0x271e5c72e5093674179c924d1d7140dfc9dbde977d56d6617e48c080cd982a52,2026-09-21T02:31:01+00:00,excluded,no_remaining_lp_principal,84,True,,,,,
uniswap-v4,0xe5198fe4baf0fe8790213f9110588c561eaa5758a9a66eba5f4837b52024a588,2026-09-21T02:31:05+00:00,excluded,no_swap_in_complete_creation_to_snapshot_history,0,True,,,,,
uniswap-v4,0x0ee7bf6703676081172d0d80d27b106a61797221062b7759cd0a869301e24f86,2026-09-21T02:31:49+00:00,excluded,no_swap_in_complete_creation_to_snapshot_history,0,True,,,,,
uniswap-v4,0x0b7099d78a94f9207b2639d68a9d34ec1e374df1230ad529bfc86dda2ea749ff,2026-09-21T02:32:31+00:00,excluded,no_remaining_lp_principal,5,True,,,,,
uniswap-v4,0xa1978c97ef20f750ce047a94dadfef11b0396f3452de8af0dc4ca23ea3f10678,2026-09-21T02:32:51+00:00,unresolved,token_lp_or_usd_conditions_unverified,1,True,,,,,
uniswap-v4,0x8333ba66d45af53da680befe7c44c7db3f6202ffde0bdddde20182b78b9ce2ec,2026-09-21T02:33:39+00:00,excluded,no_swap_in_complete_creation_to_snapshot_history,0,True,,,,,
uniswap-v4,0xba6d9ee2ef9db1d01ae0c47fb95f84bad0581243f0edc41c4f1aae65b1cc6241,2026-09-21T02:34:43+00:00,excluded,no_swap_in_complete_creation_to_snapshot_history,0,True,,,,,
uniswap-v4,0xe59c0d869929c5c1b8d93fd2b37e930e3d1ba7db139da9f77acdb6165012c719,2026-09-21T02:34:55+00:00,excluded,no_swap_in_complete_creation_to_snapshot_history,0,True,,,,,
uniswap-v3,0x098f4f65b04cc4dfb3d3f266a4515abd3df32e1e,2026-09-21T02:35:29+00:00,excluded,no_remaining_lp_principal,1,True,,,,,
uniswap-v4,0xa2a908f2fc98da38d5bfa57df8cea9969cd0207998e5a4496dce2bbd3e0a59f0,2026-09-21T02:36:43+00:00,unresolved,token_lp_or_usd_conditions_unverified,41,True,,,,,
uniswap-v4,0xe01fc6f3e522e327c843034b68501eb3b917dce425e1e0480ae82bc083bd97f4,2026-09-21T02:36:47+00:00,excluded,no_swap_in_complete_creation_to_snapshot_history,0,True,,,,,
uniswap-v4,0xf8718a1952baeb06601967d252a5dd6e6675567773cffddcedb447b112264379,2026-09-21T02:36:53+00:00,excluded,no_swap_in_complete_creation_to_snapshot_history,0,True,,,,,
uniswap-v4,0x8fe842c6a501491a88baa77aadaa33e129c56c308ab8fba5c1e6485fd4b13515,2026-09-21T02:37:29+00:00,unresolved,token_lp_or_usd_conditions_unverified,8,True,,,,,
uniswap-v4,0x03955f5555c436fec74bb538583b742e8f2a8d53614b21de043b1fe9849f6f61,2026-09-21T02:37:33+00:00,excluded,no_swap_in_complete_creation_to_snapshot_history,0,True,,,,,
uniswap-v4,0x2ac1ed11a0c7fcb9e82cc732dea185030229b9b7a348f71a8b8ec3e2b4e91bdb,2026-09-21T02:38:09+00:00,excluded,no_remaining_lp_principal,230,True,,,,,
uniswap-v4,0x3adea321a81de358e09c84da3dd364c617f702a72f97a3213ecee0fec79e9e15,2026-09-21T02:39:39+00:00,unresolved,token_lp_or_usd_conditions_unverified,4,True,,,,,
uniswap-v4,0x2b023e411780f33592ab00b5673ddd277a9b36f8e741d9d975701741fcca2dec,2026-09-21T02:40:35+00:00,excluded,no_remaining_lp_principal,255,True,,,,,
uniswap-v4,0xba9e085499e774231873d978ae7fbc883a122383986d9a2964d9de2dfc8b8537,2026-09-21T02:40:47+00:00,excluded,no_swap_in_complete_creation_to_snapshot_history,0,True,,,,,
uniswap-v4,0x98b9b3efb612ec951b48313dd250d2d4653506ce3cb314216607630bceddf805,2026-09-21T02:41:09+00:00,excluded,no_swap_in_complete_creation_to_snapshot_history,0,True,,,,,
uniswap-v4,0x31b6fc2329883fb438c6d5b775c561ea308032f750d20d5c10d2b84d9b0c6519,2026-09-21T02:42:29+00:00,excluded,no_remaining_lp_principal,5,True,,,,,
uniswap-v4,0xf404875a5965f7ffda41489f12bdf96e3849e9740a93a86cd57165392237da8f,2026-09-21T02:42:33+00:00,unresolved,token_lp_or_usd_conditions_unverified,14,True,,,,,
uniswap-v4,0x6b80b4c3f8de9bbe21721f6d122c3b9e939ebd3093f23bbbd1aa2e0bfa016b4f,2026-09-21T02:42:49+00:00,excluded,no_swap_in_complete_creation_to_snapshot_history,0,True,,,,,
uniswap-v4,0x451b64dce3e73ca8c2d78a7c1729e96ee6ad2ea32f040bb15bfe34ebaeacde5d,2026-09-21T02:42:51+00:00,excluded,no_remaining_lp_principal,85,True,,,,,
uniswap-v4,0x582dde6f20c999310263e8ea4a115b26e0fb0d4e76b59aa44d037308df04abf4,2026-09-21T02:42:53+00:00,excluded,no_swap_in_complete_creation_to_snapshot_history,0,True,,,,,
uniswap-v4,0x730ad2729a08ff74496ed41fe98ea92c1954129da32b180c05fb4f73f2759b06,2026-09-21T02:42:55+00:00,excluded,no_swap_in_complete_creation_to_snapshot_history,0,True,,,,,
uniswap-v4,0x7105ea9cd3fa22d0762f519d90362f0153ed0e9eac50bd2f4220011a0bec5321,2026-09-21T02:43:11+00:00,excluded,no_swap_in_complete_creation_to_snapshot_history,0,True,,,,,
uniswap-v4,0x43c54ed2d12d32c920601662438a1d92e025bcdc884f0421c336562c71e9b26b,2026-09-21T02:44:09+00:00,excluded,no_swap_in_complete_creation_to_snapshot_history,0,True,,,,,
uniswap-v4,0x0c5bc528bb5c30ca54739aa8508a44befeb04b7c2a347a5780a1549d25441b55,2026-09-21T02:45:15+00:00,unresolved,token_lp_or_usd_conditions_unverified,1,True,,,,,
uniswap-v4,0xbaab43ef6e1d1ffbfacf9e4c4ebdf59e49577328ca9c47292b558f037aee0ee0,2026-09-21T02:46:41+00:00,excluded,no_swap_in_complete_creation_to_snapshot_history,0,True,,,,,
uniswap-v4,0x2cf3b579a6f00bb6cb22455c288566f10f40fcc8163f8beadc46097d5ef9a448,2026-09-21T02:46:47+00:00,excluded,positive_lp_share_withdrawal_succeeded,4,True,,,,,
uniswap-v4,0x13c8fc38b6ed2cf21f7e0ebfb981dbcddf3e3028cad4f4db47f2614ff13cf620,2026-09-21T02:47:21+00:00,excluded,no_remaining_lp_principal,131,True,,,,,
uniswap-v4,0x368c132c323094c1ffb8a540865cde36ab92abb789e9a4ec3adced39b8bde4c5,2026-09-21T02:47:23+00:00,excluded,no_swap_in_complete_creation_to_snapshot_history,0,True,,,,,
uniswap-v4,0x2c87841161a51de3dc85f321b034a738ad3cb6e42094458080c97bfb9545a261,2026-09-21T02:47:51+00:00,unresolved,token_lp_or_usd_conditions_unverified,1,True,,,,,
uniswap-v4,0x57966d1805de353df122a63c6c45d52aa8abf7ad9da176ea2e3bb41985f53ce2,2026-09-21T02:48:25+00:00,excluded,no_swap_in_complete_creation_to_snapshot_history,0,True,,,,,
uniswap-v4,0x2f741e888ddd65aaa587522c4746c9b142dcf8f3f77b7ad25768779dbcd8a966,2026-09-21T02:50:17+00:00,excluded,no_remaining_lp_principal,199,True,,,,,
uniswap-v4,0xae890c2571ae637b0cfd5a4dd3ddf5045c75db332a78bba057f86b61d7a8fa1c,2026-09-21T02:51:57+00:00,unresolved,token_lp_or_usd_conditions_unverified,14,True,,,,,
uniswap-v4,0xa55548744f4f003a34693f8e1416385d1cba8cd9caff71782a52f4df571488b1,2026-09-21T02:52:21+00:00,excluded,no_swap_in_complete_creation_to_snapshot_history,0,True,,,,,
uniswap-v4,0x1f156b8a8bedf49ecc3036fdbb3a0b021870aa2a2c0b5f149f20c4b8b3a98ff9,2026-09-21T02:52:33+00:00,excluded,no_remaining_lp_principal,5,True,,,,,
uniswap-v4,0xc65d5b69392db92d19e2304426b49959fc7958e40c45651a32e6ec6999995d59,2026-09-21T02:52:39+00:00,excluded,no_swap_in_complete_creation_to_snapshot_history,0,True,,,,,
uniswap-v4,0xc17983ce09903b0de173683adc73854629208d668c6839b89505ff4121283885,2026-09-21T02:52:43+00:00,excluded,no_swap_in_complete_creation_to_snapshot_history,0,True,,,,,
uniswap-v3,0x954ed349475fe90a718f4446057e4ee6656ea995,2026-09-21T02:52:45+00:00,unresolved,token_lp_or_usd_conditions_unverified,2,True,,,,,
uniswap-v4,0xd32a4a736b3dc2a29c8f80ccf0a70bb178f8b5b5d9ca7d7b53dc0883963dacff,2026-09-21T02:54:07+00:00,excluded,no_swap_in_complete_creation_to_snapshot_history,0,True,,,,,
uniswap-v4,0x7fd8215c1cdaecc01230565b7790d063411d2e39ca01b730d7fc99a3563c4da6,2026-09-21T02:54:11+00:00,excluded,no_swap_in_complete_creation_to_snapshot_history,0,True,,,,,
uniswap-v4,0x67099731e2dbeab298bf2c598825a902d942853bafea2afcc0dcf48a0b5ec5db,2026-09-21T02:54:13+00:00,unresolved,token_lp_or_usd_conditions_unverified,12,True,,,,,
uniswap-v4,0xe48801bd94dd1c30fd9a33f4c15cac31d303e8c6d9afea5c39b6195350988956,2026-09-21T02:54:37+00:00,unresolved,token_lp_or_usd_conditions_unverified,4,True,,,,,
uniswap-v4,0x40f75297cb6da8287cd697fa4052aad7b06f3f267bfc7ee40d1aa256cd81919b,2026-09-21T02:54:41+00:00,excluded,no_remaining_lp_principal,84,True,,,,,
uniswap-v4,0xf311343574395a2284727456c20da699364c0d75a5b617d4c919954bbb470068,2026-09-21T02:54:41+00:00,excluded,no_swap_in_complete_creation_to_snapshot_history,0,True,,,,,
uniswap-v4,0x602f3e322801bd5435946e5a267e3b8bed63f709ebcfebbb2d4d629c69b165b8,2026-09-21T02:54:43+00:00,excluded,no_swap_in_complete_creation_to_snapshot_history,0,True,,,,,
uniswap-v4,0xa3720c023342afaf7d750160aa118c9017978730791dd57d145dbf98489ff1be,2026-09-21T02:54:45+00:00,excluded,no_swap_in_complete_creation_to_snapshot_history,0,True,,,,,
uniswap-v4,0x75b789d61959b120fda7ca15936801f6d1f2a080423992c447eb246cfe2e04a3,2026-09-21T02:55:17+00:00,unresolved,token_lp_or_usd_conditions_unverified,11,True,,,,,
uniswap-v4,0x3d9c809920206371374ee5f26d7734c617f9be64c46e05179baf9a3139f523cd,2026-09-21T02:55:19+00:00,excluded,no_swap_in_complete_creation_to_snapshot_history,0,True,,,,,
uniswap-v4,0x89b344314c20f465341ea1946308172e72e3a2b8412de17de6bd3fc48286108a,2026-09-21T02:55:29+00:00,excluded,no_swap_in_complete_creation_to_snapshot_history,0,True,,,,,
uniswap-v3,0xca20b3a7f5afbe7cc21ee9d1a415397aa65a6ca1,2026-09-21T02:55:35+00:00,excluded,no_swap_in_complete_creation_to_snapshot_history,0,True,,,,,
uniswap-v4,0xea650b55be40b72e709ed130d897c1c5853fba8db9173078297ad0d2e65e1c9a,2026-09-21T02:55:41+00:00,excluded,no_remaining_lp_principal,247,True,,,,,
uniswap-v3,0x211da578c89ef8678c9309649f8b6f97b5d1bdaf,2026-09-21T02:56:03+00:00,excluded,no_swap_in_complete_creation_to_snapshot_history,0,True,,,,,
uniswap-v4,0x2b81588a1fda03229d8c08288b95534124b356b4c40529c423820449ca5adfb2,2026-09-21T02:56:27+00:00,unresolved,token_lp_or_usd_conditions_unverified,16,True,,,,,
uniswap-v4,0x2cf824f480272233ceb5d4aa5deb532991f49988e89102f0d5e4adc981060c4c,2026-09-21T02:56:29+00:00,excluded,no_swap_in_complete_creation_to_snapshot_history,0,True,,,,,
uniswap-v4,0x967d95bd0d614cf26bab4ba797811179af9774c8206e2cf022b254419595c579,2026-09-21T02:56:31+00:00,excluded,no_swap_in_complete_creation_to_snapshot_history,0,True,,,,,
uniswap-v3,0x2f319cacd98a8a936c7cff23d40719ff80a2940a,2026-09-21T02:56:41+00:00,excluded,no_swap_in_complete_creation_to_snapshot_history,0,True,,,,,
uniswap-v4,0x404caae14747dd8f96a783b07023ee340f5f8b081fcb0a0d1e6264399c9129d9,2026-09-21T02:56:41+00:00,excluded,no_swap_in_complete_creation_to_snapshot_history,0,True,,,,,
uniswap-v4,0x597da86286985b6db896ac1c45f05c22d5782ee4aa4eb680a603854d9842d22d,2026-09-21T02:57:01+00:00,excluded,no_swap_in_complete_creation_to_snapshot_history,0,True,,,,,
uniswap-v4,0x3d2098893bc8bc854059e0f3ad5697a1412bb473afc4c7cf61da800eb1ba2a2e,2026-09-21T02:58:25+00:00,excluded,no_swap_in_complete_creation_to_snapshot_history,0,True,,,,,
uniswap-v4,0x12cd837d5c17c2404a8d60103fdc5b91ed933ee29b91ca4bb5a870c4bc496356,2026-09-21T02:58:29+00:00,excluded,no_swap_in_complete_creation_to_snapshot_history,0,True,,,,,
uniswap-v3,0x929d2437aa273c39da6154401dcd59461b2c0915,2026-09-21T02:59:51+00:00,unresolved,token_lp_or_usd_conditions_unverified,1,True,,,,,
uniswap-v4,0xe0487306fd0224d9c326a08723a6c53020c9860e9a7cd5cff48a23cba1236136,2026-09-21T03:00:23+00:00,unresolved,token_lp_or_usd_conditions_unverified,2,True,,,,,
uniswap-v4,0xf1c022612d565139553fd06a3177b3063d1f343fd39b3da5c0abb2aac913cb80,2026-09-21T03:00:27+00:00,unresolved,token_lp_or_usd_conditions_unverified,1,True,,,,,
uniswap-v4,0x5f05e344c060089c96200db02d28422a25216db020f8cc6f25340992f8558809,2026-09-21T03:00:53+00:00,excluded,no_swap_in_complete_creation_to_snapshot_history,0,True,,,,,
uniswap-v4,0x226c54dbb8d2c76e89c8d65aef5da66b4328fb5b7dc01567bf9b62e0ce0cf75f,2026-09-21T03:00:57+00:00,excluded,no_swap_in_complete_creation_to_snapshot_history,0,True,,,,,
uniswap-v4,0x0be9b84b89960b37176121d4a870a790102c5706eb438c433f9890373f6d12d2,2026-09-21T03:01:45+00:00,excluded,no_swap_in_complete_creation_to_snapshot_history,0,True,,,,,
uniswap-v4,0xc5089bf9dfdbc63f9c00c1e8cda28d58446e2d8bf450659785e09903a54d312b,2026-09-21T03:01:49+00:00,excluded,no_swap_in_complete_creation_to_snapshot_history,0,True,,,,,
uniswap-v4,0x2e818a85ceba09da780f865824f0c0069144c9502742ae50bc4fdf300451b06e,2026-09-21T03:02:03+00:00,excluded,no_swap_in_complete_creation_to_snapshot_history,0,True,,,,,
uniswap-v4,0x54a308a94ccbb84b982be9e0fe3ff4d75ef50102cfe08997be93c810c0597e8f,2026-09-21T03:02:07+00:00,excluded,no_swap_in_complete_creation_to_snapshot_history,0,True,,,,,
uniswap-v4,0x468c0e000e2ff2c320e429ee61200d7efd09a4080dbbd7fd219fb8ae0a3dfe05,2026-09-21T03:02:29+00:00,unresolved,token_lp_or_usd_conditions_unverified,6,True,,,,,
uniswap-v4,0xae5de4ae9762a0a623b7d3b43583ba1026039775bf16e6f06e5c49346801a336,2026-09-21T03:02:31+00:00,excluded,no_remaining_lp_principal,210,True,,,,,
uniswap-v4,0x1ccaba9b7d618ec723f150ddc8507d143fa98abc2818721f7d7b5dbe4a7834fb,2026-09-21T03:02:37+00:00,excluded,no_swap_in_complete_creation_to_snapshot_history,0,True,,,,,
uniswap-v4,0x557d086b44f41e40224dc621fed20ef9766969fa99f3404b58d0b9300eae531f,2026-09-21T03:02:43+00:00,excluded,no_remaining_lp_principal,5,True,,,,,
uniswap-v4,0x7b80ca973ab2beddad7b94c59743818caaebacacbc7a17941d656052a94c2028,2026-09-21T03:02:51+00:00,unresolved,token_lp_or_usd_conditions_unverified,1,True,,,,,
uniswap-v4,0xecd754b70c4fdcd8949b1d04b4adeafe6f1c1cba77e682f4148682c560aa3c5d,2026-09-21T03:02:53+00:00,unresolved,token_lp_or_usd_conditions_unverified,2,True,,,,,
uniswap-v4,0x4a66fb7b0ac4d7ec25c57e3a0bace7592c283223498616257c0066550ff557c0,2026-09-21T03:02:57+00:00,excluded,no_swap_in_complete_creation_to_snapshot_history,0,True,,,,,
uniswap-v4,0xacfb551990b02aca57b0bfec157781292fa81164435715a66049f94b87aaa485,2026-09-21T03:03:05+00:00,excluded,no_swap_in_complete_creation_to_snapshot_history,0,True,,,,,
uniswap-v4,0xcde772145ffabbf6c18620f4b4f74d46a21983e951e0fc44cb82d0fe4d9c284f,2026-09-21T03:04:01+00:00,excluded,no_remaining_lp_principal,285,True,,,,,
uniswap-v4,0xd88474ad0df907f5757b9565a6815e1dce60e77f75c8d65913b2c8bc63ba7635,2026-09-21T03:04:05+00:00,excluded,no_swap_in_complete_creation_to_snapshot_history,0,True,,,,,
uniswap-v4,0x9c436533bc26810e09df3a8e66c06429ce8649c7fd8060f9d1f82ac45b0a4e16,2026-09-21T03:04:21+00:00,excluded,no_swap_in_complete_creation_to_snapshot_history,0,True,,,,,
uniswap-v4,0xf10a8bacebfb143b4e53f717b95629e8a3915b23a2fcefa8d5aa379fcce477d0,2026-09-21T03:04:25+00:00,excluded,no_swap_in_complete_creation_to_snapshot_history,0,True,,,,,
uniswap-v4,0x7529c6a24872af99ac2e29db849e64896a16078377d0969346aef14888708e3f,2026-09-21T03:05:29+00:00,excluded,no_swap_in_complete_creation_to_snapshot_history,0,True,,,,,
uniswap-v4,0x4482dcdc67a17552b8c74d6f913548e0cf8795798c2073378035430b7ae67485,2026-09-21T03:05:31+00:00,excluded,no_swap_in_complete_creation_to_snapshot_history,0,True,,,,,
uniswap-v4,0x79bc36527e00b1c849c49851ba0734013ee8ab1e19b2103a11f19dff6c5a175d,2026-09-21T03:06:01+00:00,excluded,no_swap_in_complete_creation_to_snapshot_history,0,True,,,,,
uniswap-v4,0x3289192b4345836454a8b73171a9341279071883da58abab204d1c42775a28a1,2026-09-21T03:06:05+00:00,excluded,no_swap_in_complete_creation_to_snapshot_history,0,True,,,,,
uniswap-v4,0xe74e65ae5e8c72359f06fb8d5abbfd8cf7740fdf471dda111725405d12f366c7,2026-09-21T03:06:45+00:00,excluded,no_swap_in_complete_creation_to_snapshot_history,0,True,,,,,
uniswap-v4,0xa7f8b9c0b2cc3f51d81e091f3aad5c4a9ad48117dfde977cee82bc8a8b2628f2,2026-09-21T03:06:49+00:00,excluded,no_swap_in_complete_creation_to_snapshot_history,0,True,,,,,
uniswap-v4,0x9833107e57670a316ab2d6f3f57d0d392f034e9cf748b4e8de30d8d3486a02cb,2026-09-21T03:07:07+00:00,excluded,no_remaining_lp_principal,86,True,,,,,
uniswap-v4,0x9d49700a08861f39bd991c318eae07a48f6b39da86db5de6f6b7576efdeae567,2026-09-21T03:07:11+00:00,excluded,no_swap_in_complete_creation_to_snapshot_history,0,True,,,,,
uniswap-v4,0x5afd84a95fa573a1f04bdab458098fd89ce9208cf48a38a655864f679af09422,2026-09-21T03:07:33+00:00,excluded,no_swap_in_complete_creation_to_snapshot_history,0,True,,,,,
uniswap-v4,0xc7a26fd896f20eeb30622be0c0973a7c1cabb88a4e140878843ec511ae5aa426,2026-09-21T03:09:21+00:00,pass,reviewed_token_and_permanent_lp_conditions,2,True,BTCBR,100_percent_permanent_source_reviewed,83317366421122.875000,0.132171,3.0
uniswap-v4,0x0553f53d2e23d0a1be0a1a801551a20b2842a017fcdcac5dfdf11c338554ed88,2026-09-21T03:09:39+00:00,excluded,no_swap_in_complete_creation_to_snapshot_history,0,True,,,,,
uniswap-v4,0x52def6dfd92c354efab5e247944c07315f250c1257602d0d5339625994362da1,2026-09-21T03:10:05+00:00,excluded,no_swap_in_complete_creation_to_snapshot_history,0,True,,,,,
uniswap-v4,0xd1b85ca2ffb44966f13139850791659b848288fdc3169600a25878892e54bfed,2026-09-21T03:10:11+00:00,excluded,no_remaining_lp_principal,131,True,,,,,
uniswap-v4,0x18bcbcc4841b774b7b3c91a9d316701a1574b71f068f55eb8d13cf977a8fe37e,2026-09-21T03:10:15+00:00,excluded,no_swap_in_complete_creation_to_snapshot_history,0,True,,,,,
uniswap-v4,0x9c0931366288d84b3dfb53c3033d877d12fb5b5c641b70fc53b5f5381d8273cb,2026-09-21T03:10:53+00:00,excluded,no_remaining_lp_principal,257,True,,,,,
uniswap-v4,0x0f2f2ddd94367dd68d40fb69d6012388a57642513295be7100f5bbdda217ba98,2026-09-21T03:11:13+00:00,excluded,no_swap_in_complete_creation_to_snapshot_history,0,True,,,,,
uniswap-v4,0x84fcf118a734d1721e292ba44bf1148b379e2b9b28a32217527a7987e1104f58,2026-09-21T03:12:29+00:00,excluded,no_remaining_lp_principal,5,True,,,,,
uniswap-v4,0xdbfdbb439d8560ccc89b15213ad635ad540415b3b04a28e73dac4c3fdbe620ff,2026-09-21T03:12:45+00:00,excluded,no_swap_in_complete_creation_to_snapshot_history,0,True,,,,,
uniswap-v4,0xd1568e8c7c635d4573f78cb27715fe686f423a095568a8bc859e6c9fa0aa45a6,2026-09-21T03:12:47+00:00,excluded,no_swap_in_complete_creation_to_snapshot_history,0,True,,,,,
uniswap-v4,0xa0b100f66ecdf54263bfa5c8cb7e874af8d6743016a19bc1a0962ae9cc5b63e0,2026-09-21T03:13:41+00:00,unresolved,token_lp_or_usd_conditions_unverified,1,True,,,,,
uniswap-v4,0xde090e06d3b62a5fa833d06534ee08b05bb58de92b47b7c925091cdf56711cfe,2026-09-21T03:14:19+00:00,excluded,no_swap_in_complete_creation_to_snapshot_history,0,True,,,,,
uniswap-v4,0x5efebb55e17d29315d8ca57c6012fa44056f88b60463d6aef348446e8aaaacab,2026-09-21T03:14:21+00:00,excluded,no_swap_in_complete_creation_to_snapshot_history,0,True,,,,,
uniswap-v4,0x789712daa88e94eb990148e826b6c211716f2556239c0d7e28e76444d4c8b90d,2026-09-21T03:14:39+00:00,excluded,no_swap_in_complete_creation_to_snapshot_history,0,True,,,,,
uniswap-v4,0x77d5a3fb681a6a34aab925740c1363270d8fded2406d3eb3e1ac4b082f21a69e,2026-09-21T03:14:39+00:00,excluded,no_remaining_lp_principal,190,True,,,,,
uniswap-v4,0x109ccd86a26b65e88f194bb9805e1529c7deb7f8f3040c0242f08a68cdb96538,2026-09-21T03:14:43+00:00,excluded,no_swap_in_complete_creation_to_snapshot_history,0,True,,,,,
uniswap-v4,0x6cf55e8541c0e2662536c7357d700f7f2f961ac1e6ad7021b7a066849865d96b,2026-09-21T03:15:15+00:00,excluded,no_swap_in_complete_creation_to_snapshot_history,0,True,,,,,
uniswap-v4,0xfd9e664fb8e4331bbdc4ccaa9c2b89a270d23eb9af60e7d31594e42fefb2116e,2026-09-21T03:15:17+00:00,unresolved,token_lp_or_usd_conditions_unverified,1,True,,,,,
uniswap-v4,0xd0fa4d5961692f1d9481ddf2f14edb39bdd1d2f41346c8b31176bd126d48ee37,2026-09-21T03:15:19+00:00,excluded,no_swap_in_complete_creation_to_snapshot_history,0,True,,,,,
uniswap-v4,0xefba668d6e027398689ed75eee166d68b1e37ea0d28145c2a81beac9d695809e,2026-09-21T03:15:23+00:00,excluded,no_swap_in_complete_creation_to_snapshot_history,0,True,,,,,
uniswap-v4,0xf8162e0a7d3b9d3d85e005f249fc59b8510bfb4d42c6368a338b060e6810e061,2026-09-21T03:15:43+00:00,excluded,no_swap_in_complete_creation_to_snapshot_history,0,True,,,,,
uniswap-v4,0x530910ee8ff65f21e5e12e86699102d5ac025ad669cca9892c4a359e2d4885aa,2026-09-21T03:15:47+00:00,excluded,no_swap_in_complete_creation_to_snapshot_history,0,True,,,,,
uniswap-v4,0x302a837d63df8d9627e0b6e350bef886475dd8933c96b6286174703ae2d6f9e3,2026-09-21T03:16:03+00:00,excluded,no_swap_in_complete_creation_to_snapshot_history,0,True,,,,,
uniswap-v4,0x8e9a5a353169dddddc38244cd0b716e4e83e9513d4f3aafdc94578ea6cfc945b,2026-09-21T03:16:07+00:00,excluded,no_swap_in_complete_creation_to_snapshot_history,0,True,,,,,
uniswap-v4,0xe2f367f83ca0c351388a29b635ae3a60794f767238c95610e706da08160e0c76,2026-09-21T03:16:13+00:00,excluded,no_swap_in_complete_creation_to_snapshot_history,0,True,,,,,
uniswap-v4,0xe3238775a2bbf788c4f491611f6a9f933563a9c2d6cc9ff96d9bd591bc336204,2026-09-21T03:17:03+00:00,excluded,no_swap_in_complete_creation_to_snapshot_history,0,True,,,,,
uniswap-v4,0xcdc0744cf93e3d7c23881da70b3e2659f1189923dc34350163a656ee18cbd90f,2026-09-21T03:17:51+00:00,unresolved,token_lp_or_usd_conditions_unverified,1,True,,,,,
uniswap-v4,0xb1848facfbb70be6824615c649bb059177e3cdc1bb741ef7147c6288f6e4b34b,2026-09-21T03:18:17+00:00,unresolved,token_lp_or_usd_conditions_unverified,12,True,,,,,
uniswap-v4,0xcfe6b8c3e4ba2c8c9500e723e01f2f2844d44b1aae60c81ce8ccd193d066ea91,2026-09-21T03:18:21+00:00,excluded,no_swap_in_complete_creation_to_snapshot_history,0,True,,,,,
uniswap-v4,0xfc43dfbf4511a272eaa759e3933c8781779b9fe2f06a1c70112bb65e1fb39547,2026-09-21T03:18:55+00:00,excluded,no_swap_in_complete_creation_to_snapshot_history,0,True,,,,,
uniswap-v4,0xa86d1c1ba1f8b35a54bb3c049bc6b6327626d0672276b434e328ab9694647b1e,2026-09-21T03:18:59+00:00,excluded,no_swap_in_complete_creation_to_snapshot_history,0,True,,,,,
uniswap-v4,0x16e14263370e31ce9a5c668e41f7557d4a5bbdfa014d7da1588198150c9ddb92,2026-09-21T03:19:01+00:00,excluded,no_remaining_lp_principal,85,True,,,,,
uniswap-v4,0x6d7565da1edb60fe51fdc9c60d4371c618c38ca5cc7f2a19775d2679673b2901,2026-09-21T03:19:05+00:00,excluded,no_swap_in_complete_creation_to_snapshot_history,0,True,,,,,
uniswap-v4,0xd23178f53bf2a058599e4996cfa80615601e8052544cd339a89af9774947c686,2026-09-21T03:19:57+00:00,excluded,no_swap_in_complete_creation_to_snapshot_history,0,True,,,,,
uniswap-v4,0x1fc2df0378ff417eae143f56eb0b78e0abf3acbd9878f47a142225e8839db5a0,2026-09-21T03:20:01+00:00,excluded,no_swap_in_complete_creation_to_snapshot_history,0,True,,,,,
uniswap-v4,0x7d4d309774f3a5a8ab5803efdeb6253bbf5c66ab1192c2aef0606e31bde05598,2026-09-21T03:21:33+00:00,excluded,no_swap_in_complete_creation_to_snapshot_history,0,True,,,,,
uniswap-v4,0x76fd6b5a1df90a68ad96b9df512e5148e2afb19ae1232dc125462e39fb281a36,2026-09-21T03:21:41+00:00,excluded,no_swap_in_complete_creation_to_snapshot_history,0,True,,,,,
uniswap-v4,0x237eb9ec3ebcae2bcc2c68c9aab316701a872b8b8c5eab1ba01bf1d013044223,2026-09-21T03:22:07+00:00,excluded,no_swap_in_complete_creation_to_snapshot_history,0,True,,,,,
uniswap-v4,0x852298f7df49ec4757b8808a31ca0ff79ecc8b1b7fb2b775d1a986f4e53ad581,2026-09-21T03:22:41+00:00,excluded,no_remaining_lp_principal,5,True,,,,,
uniswap-v4,0xbe924a1eed25cd932cccf9edf85648df31553622811e522f66dc5f00ce48047b,2026-09-21T03:22:49+00:00,unresolved,token_lp_or_usd_conditions_unverified,12,True,,,,,
uniswap-v4,0xbf6746a9569411b6fd11fdc476d8a5fed57193a70ba6c66ccc667b09d67c3ed5,2026-09-21T03:22:51+00:00,excluded,no_swap_in_complete_creation_to_snapshot_history,0,True,,,,,
uniswap-v4,0x1e57649320ae640e69657dfe35b094a2bafc1de33c788e605ef4c8b659ed3f55,2026-09-21T03:23:09+00:00,unresolved,token_lp_or_usd_conditions_unverified,8,True,,,,,
uniswap-v4,0xb5661114a3d786ca91950f1ed46ad38c0714781c39dbf62d948e6e63699a2ee0,2026-09-21T03:23:47+00:00,excluded,no_swap_in_complete_creation_to_snapshot_history,0,True,,,,,
uniswap-v4,0x638319f1ec0c2fb4825f7696c5a2367f5e0321840f04f29d84ca1eacfe25f8d8,2026-09-21T03:23:51+00:00,excluded,no_swap_in_complete_creation_to_snapshot_history,0,True,,,,,
uniswap-v3,0xbc54d08666e7b0579745eca3a8d86832fc3d5cfb,2026-09-21T03:23:59+00:00,excluded,no_swap_in_complete_creation_to_snapshot_history,0,True,,,,,
uniswap-v3,0xb83611823a7b8e99b3475a20971a16e8b05778de,2026-09-21T03:25:09+00:00,excluded,no_swap_in_complete_creation_to_snapshot_history,0,True,,,,,
uniswap-v4,0xa785aaaa719bbd148f068da0997a9ec668f2f865a72965ea39a1bb3b4aeddcc6,2026-09-21T03:26:21+00:00,excluded,no_remaining_lp_principal,204,True,,,,,
uniswap-v3,0x6d888d95176fb709ba37a7dda87781f24a99f7c7,2026-09-21T03:26:39+00:00,excluded,no_swap_in_complete_creation_to_snapshot_history,0,True,,,,,
uniswap-v4,0x9bd07dcbadf2552bab0be3b43e466570ee035f64db215beaba17fd153b368885,2026-09-21T03:26:47+00:00,excluded,no_remaining_lp_principal,195,True,,,,,
uniswap-v4,0x0b5977158a9578391a5b90e120909893e40ccc129bda1276c6a6992d314695e2,2026-09-21T03:26:49+00:00,excluded,no_swap_in_complete_creation_to_snapshot_history,0,True,,,,,
uniswap-v4,0xe0cf5b68709fb5f7a13ab94c7910903c5c07b3a1e6f4ff1f86412fdbf807b138,2026-09-21T03:27:33+00:00,unresolved,token_lp_or_usd_conditions_unverified,3,True,,,,,
uniswap-v4,0x52955d9019e069a1d577b55292db4612221c26c76eb3d1fa025c15deaa1913a0,2026-09-21T03:27:33+00:00,unresolved,token_lp_or_usd_conditions_unverified,15,True,,,,,
uniswap-v4,0x7e4e6cc6a0ecc8ce3c59b631588560ecbceac9a6bddcceee34729d0a73d021af,2026-09-21T03:27:37+00:00,excluded,no_swap_in_complete_creation_to_snapshot_history,0,True,,,,,
uniswap-v4,0xce5ac008556870eff8ceab80c8368c065d2f24c899b18799e9775720744f90ca,2026-09-21T03:28:07+00:00,excluded,no_swap_in_complete_creation_to_snapshot_history,0,True,,,,,
uniswap-v4,0x3e06447565168124774592c3412349992736cff96d5b6ab01295f66ac2d05acc,2026-09-21T03:28:11+00:00,excluded,no_swap_in_complete_creation_to_snapshot_history,0,True,,,,,
uniswap-v3,0x13a0670ede7ae8bb33ead27e2b202d312ab9d040,2026-09-21T03:28:23+00:00,excluded,no_swap_in_complete_creation_to_snapshot_history,0,True,,,,,
uniswap-v4,0xbee748efe4d7d95584f6b35a454104d67827adcb23f4d11449a54b42d33685a6,2026-09-21T03:29:29+00:00,excluded,no_remaining_lp_principal,130,True,,,,,
uniswap-v4,0xeb64b4dc688f09c24adb11c7d9fee8748dd3d745209e68f40735ce44be2d9284,2026-09-21T03:29:31+00:00,excluded,no_swap_in_complete_creation_to_snapshot_history,0,True,,,,,
uniswap-v4,0x6cbabdbf8d3c9a95dff4657ee54b7c8f6deba85790e3a3fa387653b0cf098887,2026-09-21T03:29:33+00:00,excluded,no_swap_in_complete_creation_to_snapshot_history,0,True,,,,,
uniswap-v4,0xba044393c990d3f607c14d2ce933c071634b86121e8ecfad5efb02f29b70b95f,2026-09-21T03:29:35+00:00,excluded,no_swap_in_complete_creation_to_snapshot_history,0,True,,,,,
uniswap-v4,0xd5db8177ddf29b1a8f01e3c19a2c1a37b6ca9fa206c325e7b8aa62266e383dac,2026-09-21T03:30:19+00:00,unresolved,token_lp_or_usd_conditions_unverified,2,True,,,,,
uniswap-v4,0xc63ad0f9076a9a11e838594ac0f4ba54aa6024f9278f7d934bd208ed0021a230,2026-09-21T03:30:21+00:00,unresolved,token_lp_or_usd_conditions_unverified,1,True,,,,,
uniswap-v4,0x68b04f31d4a0000a70a5cd8e5eb9ed397346faa99ee3a283c5977f383faf47bd,2026-09-21T03:32:33+00:00,excluded,no_remaining_lp_principal,5,True,,,,,
uniswap-v4,0x4a2331d0c02e48b388bc088c5930cb0c44ff4e8f2d07c9be7c360224bbb43c82,2026-09-21T03:32:35+00:00,excluded,no_remaining_lp_principal,85,True,,,,,
uniswap-v4,0x37e6681d32fc8f6c2d56d372f7fb8673f2987e88a68df184834c002756bc75b8,2026-09-21T03:32:39+00:00,excluded,no_swap_in_complete_creation_to_snapshot_history,0,True,,,,,
uniswap-v4,0xa18611218e6af80fefade671d47f161e4e1913512d54fbaddb174a9f3c161c74,2026-09-21T03:32:51+00:00,unresolved,token_lp_or_usd_conditions_unverified,1,True,,,,,
uniswap-v3,0xb3464430e3f9ead018d865aed365826b907c358d,2026-09-21T03:33:41+00:00,excluded,no_swap_in_complete_creation_to_snapshot_history,0,True,,,,,
uniswap-v4,0x0fac74069f17e60103a574ac2f18eae55827303d569d5387487f6e087b12e4dc,2026-09-21T03:34:01+00:00,unresolved,token_lp_or_usd_conditions_unverified,1,True,,,,,
uniswap-v4,0xbf63959e2a0e2d7f7a7cf49bf7322c03195d5bfe0a68344523bdd1952d1e8ef7,2026-09-21T03:35:21+00:00,unresolved,token_lp_or_usd_conditions_unverified,16,True,,,,,
uniswap-v4,0xab3556366b1ccfa1d3dc2b6eea7ba34d4a401eb68cf2a15fe12ed5449f0391b7,2026-09-21T03:35:25+00:00,excluded,no_swap_in_complete_creation_to_snapshot_history,0,True,,,,,
uniswap-v3,0x22c9a81f8d158c467296ca7b45701808ef439a1a,2026-09-21T03:36:03+00:00,excluded,no_swap_in_complete_creation_to_snapshot_history,0,True,,,,,
uniswap-v4,0xb8c3a09a9028e887c9fe06751912027efa9aef5dccf81c3c8df81ddbe18a1535,2026-09-21T03:38:47+00:00,excluded,no_swap_in_complete_creation_to_snapshot_history,0,True,,,,,
uniswap-v4,0x3c05687e104a0550a293defeda377f554f39bc588c2bedadc2a65d7b7542b80c,2026-09-21T03:39:05+00:00,excluded,no_remaining_lp_principal,226,True,,,,,
uniswap-v4,0x6995b1281cb5b3ae0e5dd4a15f19410ecb71b5b0347705e0461e23d3d850412d,2026-09-21T03:39:41+00:00,unresolved,token_lp_or_usd_conditions_unverified,33,True,,,,,
uniswap-v4,0xff82d3850eba6c06ebc62f99e5c7f763fcd898fd9656ae438af6edc90a0fbea2,2026-09-21T03:39:45+00:00,excluded,no_swap_in_complete_creation_to_snapshot_history,0,True,,,,,
uniswap-v4,0x21d28b3af03fcc81f8d0baf059d74b611280e1a9685e639d0b09193d00c5e037,2026-09-21T03:40:41+00:00,unresolved,token_lp_or_usd_conditions_unverified,11,True,,,,,
uniswap-v4,0x5fa4a3926958f0b85a35fbb5894cacf55979b670c28289ecb2046d48be0879b6,2026-09-21T03:40:45+00:00,excluded,no_swap_in_complete_creation_to_snapshot_history,0,True,,,,,
uniswap-v4,0x55b5881ea3592218067f42532a35b7c1870f5da6739476a478715d5e041545b7,2026-09-21T03:41:21+00:00,excluded,no_remaining_lp_principal,262,True,,,,,
uniswap-v4,0xb7142a788336a258a41c9a08653e90b967d272c353c15044ea75a7682f96f641,2026-09-21T03:42:21+00:00,excluded,no_remaining_lp_principal,5,True,,,,,
uniswap-v4,0xf654238a3d126b424bc791eea870f50cded6e461c2ce525d2fb5eb14cee30db3,2026-09-21T03:43:31+00:00,excluded,no_swap_in_complete_creation_to_snapshot_history,0,True,,,,,
uniswap-v4,0x4a40e8f2adde8fb38b7bb63c3a56dd40e2d9151c78890b6cb06775ca6424ccb9,2026-09-21T03:43:35+00:00,excluded,no_swap_in_complete_creation_to_snapshot_history,0,True,,,,,
uniswap-v4,0xd795da01d23d2d7f4e8fbb500a13499f69dcb3bcf74e13cbb8e7688f2fbb534d,2026-09-21T03:43:51+00:00,excluded,no_swap_in_complete_creation_to_snapshot_history,0,True,,,,,
uniswap-v4,0x618dccd552b7b0640091076403ca5d8386b49af769dc37b14668bd99350d8c3f,2026-09-21T03:44:25+00:00,unresolved,token_lp_or_usd_conditions_unverified,11,True,,,,,
uniswap-v4,0x84c67f15e78fb25eebb537fe4441540adb25f85430eb411bafaa25d57b5aa7c3,2026-09-21T03:44:29+00:00,excluded,no_swap_in_complete_creation_to_snapshot_history,0,True,,,,,
uniswap-v4,0x55ecdd7bbd734c7eb053bb3eb502e1a3b396a529ebad00a4c8f376d9047c96e2,2026-09-21T03:44:31+00:00,excluded,no_remaining_lp_principal,84,True,,,,,
uniswap-v4,0x233124235bde979fc52de80fa68c1cbaa10070fe7431e94af1da1ad70b8cf1f1,2026-09-21T03:44:35+00:00,excluded,no_swap_in_complete_creation_to_snapshot_history,0,True,,,,,
uniswap-v4,0x6526d2a2591b24bb05656b41d32938bae5de470d37e8c1bedb0f17921c4ff9b2,2026-09-21T03:45:17+00:00,unresolved,token_lp_or_usd_conditions_unverified,1,True,,,,,
uniswap-v4,0xf19e57968fb7abe42fe19743e378d2189e5eb784fd789aaf27ed225bd88d4f00,2026-09-21T03:45:29+00:00,excluded,no_swap_in_complete_creation_to_snapshot_history,0,True,,,,,
uniswap-v4,0xec09753fd738f095603fc64e86c8128a1c0b46bcd72dfaf9e69a1142701f1843,2026-09-21T03:45:33+00:00,excluded,no_swap_in_complete_creation_to_snapshot_history,0,True,,,,,
uniswap-v4,0x24c9060390aa2d5920d003e09c9aa7de85ed348d923507b25361574d3ab1658c,2026-09-21T03:45:37+00:00,unresolved,token_lp_or_usd_conditions_unverified,3,True,,,,,
uniswap-v4,0xf88a042c0b5291f340108b6199543fa3c947b1167f0dd102d4950de8679441bf,2026-09-21T03:46:19+00:00,excluded,no_swap_in_complete_creation_to_snapshot_history,0,True,,,,,
uniswap-v4,0xdf6d8671603aaa45050916a4db0292e2d6fe212123bd4eb9ff545337a2033c01,2026-09-21T03:47:33+00:00,excluded,no_swap_in_complete_creation_to_snapshot_history,0,True,,,,,
uniswap-v4,0x2e49503ecba397be0301f729c268b686cd92ff03eaddc227893393f925e14ec3,2026-09-21T03:47:51+00:00,unresolved,token_lp_or_usd_conditions_unverified,1,True,,,,,
uniswap-v4,0xbac0cd9bf5e3f838538058d9fcfa1b1664660f00a7b6b4532583107e860b3a33,2026-09-21T03:48:07+00:00,excluded,no_swap_in_complete_creation_to_snapshot_history,0,True,,,,,
uniswap-v4,0xa68cf688d57519641885cc6ac0c669ebb89e123b12ebebc75f31210914398893,2026-09-21T03:48:19+00:00,excluded,no_swap_in_complete_creation_to_snapshot_history,0,True,,,,,
uniswap-v4,0xb51b492b6614fc73f3a71046e57fb630ca3a14022ed5dd5d05f1f6ef72602c3e,2026-09-21T03:48:23+00:00,excluded,no_swap_in_complete_creation_to_snapshot_history,0,True,,,,,
uniswap-v4,0xb20c6d00f6781a16c609a63b3d10b3ec9f741de442b2479042f14a36dc8309c7,2026-09-21T03:48:51+00:00,excluded,no_remaining_lp_principal,130,True,,,,,
uniswap-v4,0xc1a98301b21d5f0ee2886ba3c753b2648ef492639e9201b95c0e8869c5612825,2026-09-21T03:48:55+00:00,excluded,no_swap_in_complete_creation_to_snapshot_history,0,True,,,,,
uniswap-v4,0x53ede4e202e8b90bebc3580c109b6504594d1b4a1d2048e11a79b5a87bfcb35f,2026-09-21T03:49:01+00:00,unresolved,token_lp_or_usd_conditions_unverified,3,True,,,,,
uniswap-v4,0xb17140f02b7ace05c2c17c7615f39e291410b8e60f527101165ed267c53fca39,2026-09-21T03:49:05+00:00,excluded,no_swap_in_complete_creation_to_snapshot_history,0,True,,,,,
uniswap-v4,0x1e435114b47d341080780e9d7571378b11b8b0049fed682a02a54054e26c2218,2026-09-21T03:51:15+00:00,excluded,no_remaining_lp_principal,207,True,,,,,
uniswap-v4,0x22d504809ad40209e1176d4bc40abb937925ffe63246d41ab8dc6f4d96f07351,2026-09-21T03:52:33+00:00,excluded,no_swap_in_complete_creation_to_snapshot_history,0,True,,,,,
uniswap-v4,0x82fb75f06af62c21ffdbc4dbb07dc13abc3a37d58dac5d3d121bd3227e16622d,2026-09-21T03:52:41+00:00,excluded,no_remaining_lp_principal,281,True,,,,,
uniswap-v4,0xfd2f3162f12a1c62f056587cf144279684700b3bb65b1e25099bde773115ffa5,2026-09-21T03:52:43+00:00,excluded,no_remaining_lp_principal,5,True,,,,,
uniswap-v4,0x2bf8cc870d199541d870f0b62fe8229e2f883fdc6aa5f1db6d693090925a07a9,2026-09-21T03:52:45+00:00,excluded,no_swap_in_complete_creation_to_snapshot_history,0,True,,,,,
uniswap-v4,0x31a08ce9b7e1c03953d75c0ef526b3ca4573e4786c326f0773fa966adb125ab6,2026-09-21T03:53:55+00:00,excluded,no_swap_in_complete_creation_to_snapshot_history,0,True,,,,,
uniswap-v4,0x2cc12c4305bd040d18ea3041ff2b38d015b87e3548c2290b70644070ba129960,2026-09-21T03:53:59+00:00,excluded,no_swap_in_complete_creation_to_snapshot_history,0,True,,,,,
uniswap-v4,0x737c214f0f5ea829e6de781163f00acb9d0a1bbec925a19efb14a349d126d271,2026-09-21T03:54:45+00:00,excluded,no_swap_in_complete_creation_to_snapshot_history,0,True,,,,,
uniswap-v4,0x4f1e624ace46d604aedeb70cfe1e9e8dce3bb3e3caa5d9d1b3cd53dfb46a7338,2026-09-21T03:54:49+00:00,excluded,no_swap_in_complete_creation_to_snapshot_history,0,True,,,,,
uniswap-v4,0x9ad681ff580af2e77a15a3ad71faab954643fab86ef6f5d0726f68e9390e98ff,2026-09-21T03:55:37+00:00,excluded,no_swap_in_complete_creation_to_snapshot_history,0,True,,,,,
uniswap-v4,0x430ca6ba1353d169e501ebca38142c21e768c6fe85cadc8fa2a8560a1abae1e7,2026-09-21T03:55:41+00:00,excluded,no_swap_in_complete_creation_to_snapshot_history,0,True,,,,,
uniswap-v4,0xbe6746fb5b6785377090fa8f6341e932c9421842aa1799174a27b3ff0eb32621,2026-09-21T03:56:21+00:00,excluded,no_remaining_lp_principal,78,True,,,,,
uniswap-v4,0x75aed0720dc44f9202a7a6aca410ebe10558fcf1d476bac5e786a4f2caee0acb,2026-09-21T03:56:25+00:00,excluded,no_swap_in_complete_creation_to_snapshot_history,0,True,,,,,
uniswap-v4,0x17f470576d8660342a9e9e093262201dad2a613545ee0852b23bc55d8caa40d9,2026-09-21T03:56:29+00:00,excluded,no_remaining_lp_principal,255,True,,,,,
uniswap-v4,0x30064b035883b1d5ab392bf9732e728186f2c184040fc699ddaddc56fc1fb8f4,2026-09-21T03:56:45+00:00,excluded,no_swap_in_complete_creation_to_snapshot_history,0,True,,,,,
uniswap-v4,0xb6d172400b9344d1117917fc5f5dbb06a96c72a2814d3621ee4a49557268f780,2026-09-21T03:57:03+00:00,excluded,no_swap_in_complete_creation_to_snapshot_history,0,True,,,,,
uniswap-v4,0x824974b7144fc399206766b252e9df2064c279291341c80c8cad27ebbff7b5ea,2026-09-21T03:57:39+00:00,excluded,no_swap_in_complete_creation_to_snapshot_history,0,True,,,,,
uniswap-v4,0xdb3e64e935ac368339682bec0aaed1b1e202f79da44e62e1273ae23bd1327407,2026-09-21T03:57:41+00:00,excluded,no_swap_in_complete_creation_to_snapshot_history,0,True,,,,,
uniswap-v4,0x77eceaa166c4963b616df7e20d65dca7422678f782e03d4eda79d9805b43dea4,2026-09-21T03:57:53+00:00,excluded,no_swap_in_complete_creation_to_snapshot_history,0,True,,,,,
uniswap-v4,0x77b3a7eb8ac5162e9bfbd3a11e68c65f723fc88fabe373fcce6166ad48d6d0a0,2026-09-21T03:58:19+00:00,excluded,no_swap_in_complete_creation_to_snapshot_history,0,True,,,,,
uniswap-v4,0x617679eeddae6cfbf570a7b657d2b37de42bdd2cef559bf075f36cfd43311afb,2026-09-21T03:58:19+00:00,excluded,no_swap_in_complete_creation_to_snapshot_history,0,True,,,,,
uniswap-v4,0xce5ca2e08ab69204f372bde153bac2ec6005a2e8eca1725a66427a0c397d6645,2026-09-21T03:58:23+00:00,excluded,no_swap_in_complete_creation_to_snapshot_history,0,True,,,,,
uniswap-v4,0x1341732ecc97e3a53473f5dd68ac6b72e0c20fb10642a1b493794d63016fca09,2026-09-21T04:00:21+00:00,excluded,no_swap_in_complete_creation_to_snapshot_history,0,True,,,,,
uniswap-v4,0xf3c067d944db2309f6b4067c2f51b7f2a99fae2e219d1e1ef1da54e61ffd3923,2026-09-21T04:00:27+00:00,unresolved,token_lp_or_usd_conditions_unverified,1,True,,,,,
uniswap-v4,0x2ac0bf1c551117b7feecee10540703acc357eab1acaede4958abb53ee3d56dc3,2026-09-21T04:00:27+00:00,excluded,no_swap_in_complete_creation_to_snapshot_history,0,True,,,,,
uniswap-v4,0x88163ca6481ed9e4adf8dd09be9f5e2db8b48fae9ac4ac5d67e31b0ed26e68cd,2026-09-21T04:00:33+00:00,excluded,no_swap_in_complete_creation_to_snapshot_history,0,True,,,,,
uniswap-v4,0xe40ef580e46b0f420ddaa845fe42268578bb400fddf2d4a3b27fd63b30f349a7,2026-09-21T04:00:33+00:00,excluded,positive_lp_share_withdrawal_succeeded,2,True,,,,,
uniswap-v4,0x9c98584fa4841c5d02b50245760679d7a6e2020f919a66d0bcca4c383fb8f832,2026-09-21T04:01:03+00:00,excluded,no_swap_in_complete_creation_to_snapshot_history,0,True,,,,,
uniswap-v4,0xb6928a7651bf13733a22dcf2b20a589b1c75989f008dca7df77eb9a0fc70532a,2026-09-21T04:02:29+00:00,excluded,no_swap_in_complete_creation_to_snapshot_history,0,True,,,,,
uniswap-v4,0xd165c79b89db58296d7854971fa2b404c5d95d758ceb7620ac99a64a23ca724c,2026-09-21T04:02:31+00:00,excluded,no_remaining_lp_principal,5,True,,,,,
uniswap-v4,0x669863651da5b93c5666e10132880fc7b2c462a7cbd6d56202c5f90046f0b6dc,2026-09-21T04:02:33+00:00,excluded,no_swap_in_complete_creation_to_snapshot_history,0,True,,,,,
uniswap-v4,0x54db885d1ab761b7e84af92f5e3cf0c2d8f7ca23cd39f61e3daf3a6c9fff3ca9,2026-09-21T04:02:51+00:00,unresolved,token_lp_or_usd_conditions_unverified,1,True,,,,,
uniswap-v4,0x06c69290d10767767f437b75ac61475196daecd48f4f22445d4409de40aaf78f,2026-09-21T04:04:05+00:00,excluded,no_remaining_lp_principal,11,True,,,,,
uniswap-v4,0xf48f9594a4f0cb3f929c9195434719866f12d66cc7ccb5090737ff4b2844e636,2026-09-21T04:05:33+00:00,excluded,no_remaining_lp_principal,205,True,,,,,
uniswap-v4,0x9039b4a13376582161b14f39a45974c1ae6eeaf6ac7463b52080d046e0a1c907,2026-09-21T04:05:55+00:00,excluded,no_swap_in_complete_creation_to_snapshot_history,0,True,,,,,
uniswap-v4,0xa1ed9da1bc16e46bd9545e553b60c2b297eb17142a63be7932af9e221ad39f83,2026-09-21T04:05:59+00:00,excluded,no_swap_in_complete_creation_to_snapshot_history,0,True,,,,,
uniswap-v4,0xacc3a9a37b27c4fb1fe444d288a559c7bd2b4c0832d45bc1f1001e9aa2988eea,2026-09-21T04:06:29+00:00,excluded,no_swap_in_complete_creation_to_snapshot_history,0,True,,,,,
uniswap-v4,0x0722d1ca5bccfcf48ae84a60badd6e057485c8f2787bfb225c23361092c45216,2026-09-21T04:06:37+00:00,excluded,no_swap_in_complete_creation_to_snapshot_history,0,True,,,,,
uniswap-v4,0xd8930f76c9f5533a3b6d306ce3ba27a0e01467fb813131edefe64fe6eda1361a,2026-09-21T04:06:41+00:00,excluded,no_swap_in_complete_creation_to_snapshot_history,0,True,,,,,
uniswap-v4,0x04a1332274179a21683c6667ec9b256037831390fa1d288a4613fe8f1a2b02b3,2026-09-21T04:08:11+00:00,excluded,no_remaining_lp_principal,85,True,,,,,
uniswap-v4,0x554f1f23d0498573173acc833cadb45dd9f883ae073bdaae88d155dd0f2e0935,2026-09-21T04:08:15+00:00,excluded,no_swap_in_complete_creation_to_snapshot_history,0,True,,,,,
uniswap-v4,0xe381a03f391727546e61f94713c202a438bdd40f93010f456ead008e27dd6eda,2026-09-21T04:09:21+00:00,excluded,no_swap_in_complete_creation_to_snapshot_history,0,True,,,,,
uniswap-v4,0xad7f754b6147b45b8a9016ae044ed01a172d91a8f09b62d00e6953eacf83e8c4,2026-09-21T04:09:59+00:00,unresolved,token_lp_or_usd_conditions_unverified,26,True,,,,,
uniswap-v4,0x7efe1591402a3f57f34ed12223a85a8b6f9fd2826e85a3cfd6f185762b2a21c0,2026-09-21T04:10:03+00:00,excluded,no_swap_in_complete_creation_to_snapshot_history,0,True,,,,,
uniswap-v4,0x35e2609db2d12dfd107c6fb60d69d1bead3deb3ce124d8da1e3565ca89b788eb,2026-09-21T04:11:21+00:00,excluded,no_remaining_lp_principal,131,True,,,,,
uniswap-v4,0x044b158c0152980355d1debd7ab124d5b104f9a9265911780d4cf41403f4ffc3,2026-09-21T04:11:23+00:00,excluded,no_swap_in_complete_creation_to_snapshot_history,0,True,,,,,
uniswap-v4,0x9e91ad83ecbb3e647ff9f5b0650a8491b3019b0f29d2821f5c600917f4f0a449,2026-09-21T04:11:39+00:00,excluded,no_remaining_lp_principal,253,True,,,,,
uniswap-v4,0x495a9dec81a66986033ac477539e30dd257e9856c79af7e287fbc8303fd33227,2026-09-21T04:11:39+00:00,excluded,no_swap_in_complete_creation_to_snapshot_history,0,True,,,,,
uniswap-v4,0x4a4fcc4dcfb34337089b8d9450a9fdc9b5f2925613df96ef308e1e22707f573c,2026-09-21T04:11:41+00:00,excluded,no_swap_in_complete_creation_to_snapshot_history,0,True,,,,,
uniswap-v4,0x34d7aeb499f7b1caa8e1664e830a8e799f8e1aaf524c0f168e3682688a813da4,2026-09-21T04:12:23+00:00,excluded,no_swap_in_complete_creation_to_snapshot_history,0,True,,,,,
uniswap-v4,0x5136332ff094ec1f0b3fd7b22d5826356d71dec9061bb2330c53439445f06ef0,2026-09-21T04:12:25+00:00,excluded,no_swap_in_complete_creation_to_snapshot_history,0,True,,,,,
uniswap-v4,0x81c14996fbc8f45e13dbe6a5c3e1f64bca80569c1b878978de95f7228c1a8897,2026-09-21T04:12:27+00:00,pass,reviewed_token_and_permanent_lp_conditions,2,True,MISO,100_percent_permanent_source_reviewed,25713.579591,0.018890,1.0
uniswap-v4,0x8cdcc6e1c73e52c2f845a5d4b7857ae5f90808f70f0cba44521b1297d3e95589,2026-09-21T04:12:33+00:00,excluded,no_remaining_lp_principal,5,True,,,,,
uniswap-v4,0x05aee43cf5b0bca69cd7f7e80fd072cc5811d749594d5c8f9231a4ee6c881b4c,2026-09-21T04:13:41+00:00,excluded,no_swap_in_complete_creation_to_snapshot_history,0,True,,,,,
uniswap-v4,0xf923fe524f05d22103be8d7cbe3209eec4a741f9f09cda595c7e088c0f6e8e22,2026-09-21T04:14:03+00:00,unresolved,token_lp_or_usd_conditions_unverified,13,True,,,,,
uniswap-v4,0x7d240f19b681fd6e6e0ef8a07407cbd503fa9fdcc5617bc14c2ee7dde3d76f80,2026-09-21T04:14:07+00:00,excluded,no_swap_in_complete_creation_to_snapshot_history,0,True,,,,,
uniswap-v4,0x301a86a0bbad509c23e7f0e152a87c7395635372de24ec635454be87b3411a23,2026-09-21T04:14:59+00:00,excluded,no_swap_in_complete_creation_to_snapshot_history,0,True,,,,,
uniswap-v4,0xff4cd5ebfabeee2ec49719c09f4e7f2e4cbceacfa9d98b38c6665f560610960d,2026-09-21T04:15:21+00:00,unresolved,token_lp_or_usd_conditions_unverified,1,True,,,,,
uniswap-v4,0xa25327b0afcfb128c989a589b27eaf46b858ec6ef50c0dc83496aa3bb7c4e080,2026-09-21T04:15:37+00:00,excluded,no_swap_in_complete_creation_to_snapshot_history,0,True,,,,,
uniswap-v4,0x0334aafd7f5e9d87de34311d8785c6e0babc7f9229587ad88e373aa616088fba,2026-09-21T04:16:03+00:00,excluded,no_swap_in_complete_creation_to_snapshot_history,0,True,,,,,
uniswap-v4,0x6a3d83dc5f242dfe322162b3df4f10e95c3c8b353e5b1eca4f8d6522419c5484,2026-09-21T04:16:17+00:00,excluded,no_swap_in_complete_creation_to_snapshot_history,0,True,,,,,
uniswap-v4,0x388a7f583600bf4034209a8a4addd3a1cfd511a00471d67d344cd851d9888ecf,2026-09-21T04:16:39+00:00,unresolved,token_lp_or_usd_conditions_unverified,20,True,,,,,
uniswap-v4,0xe591c8f1b6c03df25829c9e0810e5c3056b31845e5e0300df2bc189ccfe34e72,2026-09-21T04:16:43+00:00,excluded,no_swap_in_complete_creation_to_snapshot_history,0,True,,,,,
uniswap-v4,0x6d89d647c2627df16c58950b458077b2014aa9e6d4bac09f5d040634a3ef2cea,2026-09-21T04:16:45+00:00,excluded,no_swap_in_complete_creation_to_snapshot_history,0,True,,,,,
uniswap-v4,0xf607dfa2c065bf7ea84535e15b0cce3b92f0ae7213aa8e09fc6f52de153beb78,2026-09-21T04:17:33+00:00,excluded,no_swap_in_complete_creation_to_snapshot_history,0,True,,,,,
uniswap-v4,0x23051ec526769215fa2d57b725263d9ab5dca02c246a5798657e3fcd5bc77eee,2026-09-21T04:17:51+00:00,unresolved,token_lp_or_usd_conditions_unverified,1,True,,,,,
uniswap-v4,0xb2efff2742df5d22e895cd012061cdc7062aeebbd87faf6fcbd1309f949c3ab9,2026-09-21T04:17:53+00:00,excluded,no_remaining_lp_principal,202,True,,,,,
uniswap-v4,0x91ee5483c1e0d91fe583148b14526897babdcdae8331049b20b13e9d816de52a,2026-09-21T04:18:39+00:00,unresolved,token_lp_or_usd_conditions_unverified,19,True,,,,,
uniswap-v4,0x8e8408c8018c0d8f2168dc190a6a4991b50afaa6b49c5e1488d58966872e462a,2026-09-21T04:18:43+00:00,excluded,no_swap_in_complete_creation_to_snapshot_history,0,True,,,,,
uniswap-v4,0x36fff425753fa343c99d270c7b918d6b12b02a154d276d2e747ec0ef75434c7f,2026-09-21T04:19:49+00:00,unresolved,token_lp_or_usd_conditions_unverified,20,True,,,,,
uniswap-v4,0xb1c005208a3432f535c5f0024ab347084bc34c2fe7db7d885a72e8e21ad2b993,2026-09-21T04:19:53+00:00,excluded,no_swap_in_complete_creation_to_snapshot_history,0,True,,,,,
uniswap-v4,0xcb37f9a2e81e4d9809fb1ca5327ba47f919760f821ecd6294c65f6d48e46c81c,2026-09-21T04:20:01+00:00,excluded,no_remaining_lp_principal,83,True,,,,,
uniswap-v4,0x9ea953ccfdb71ecbe86084ab12b1c08271bb63825522e61d98926f6d29ad87ed,2026-09-21T04:20:05+00:00,excluded,no_swap_in_complete_creation_to_snapshot_history,0,True,,,,,
uniswap-v4,0x9049bd12dd40252090f0fd262196c9be900608e6856831b8b24eb8cf4ad737b3,2026-09-21T04:20:13+00:00,excluded,no_swap_in_complete_creation_to_snapshot_history,0,True,,,,,
uniswap-v4,0x41c1604ef8af825056385a825dc8c8341652ebe436231bf3ebf353ee25e8c375,2026-09-21T04:20:25+00:00,excluded,no_swap_in_complete_creation_to_snapshot_history,0,True,,,,,
uniswap-v4,0xaf844a7437b99f78557d094ba6f0ce4400ce8c43766c73d9a7080edeae15e6f7,2026-09-21T04:20:49+00:00,unresolved,token_lp_or_usd_conditions_unverified,19,True,,,,,
uniswap-v4,0x232a41241497a22b79de03be9b99fc58fde6d005d4418e85c6d15cd87f085190,2026-09-21T04:20:53+00:00,excluded,no_swap_in_complete_creation_to_snapshot_history,0,True,,,,,
uniswap-v4,0x71a967e52b5c84028df94a186d3e85346d23ff85544b3c9f438074ea4f33fded,2026-09-21T04:22:43+00:00,excluded,no_remaining_lp_principal,5,True,,,,,
uniswap-v4,0xf241a2f926057141fa6d22fa4bc6874519b9db74435f7a0437f575a7f0abacf5,2026-09-21T04:22:47+00:00,excluded,no_swap_in_complete_creation_to_snapshot_history,0,True,,,,,
uniswap-v4,0x95db959f23fa6a9538bd1b5fc1c5607fdc1a882a26063575932a14792df25ffd,2026-09-21T04:22:49+00:00,excluded,no_swap_in_complete_creation_to_snapshot_history,0,True,,,,,
uniswap-v4,0x6413ad91b30b96076918833b038b62faa85ddb707d2e5cf507e115bf3caa5ca3,2026-09-21T04:23:13+00:00,unresolved,token_lp_or_usd_conditions_unverified,18,True,,,,,
uniswap-v4,0xe40131105c9f295823e026a9e31384a66f58728203e8d60250b6c584555e3b62,2026-09-21T04:23:17+00:00,excluded,no_swap_in_complete_creation_to_snapshot_history,0,True,,,,,
uniswap-v4,0xf7283275f684a32f1d7fba9e7226a35ca4a80b466b28f20beb781b9fde6846ed,2026-09-21T04:24:09+00:00,unresolved,token_lp_or_usd_conditions_unverified,19,True,,,,,
uniswap-v4,0x5edf3cf2625939cfa0f166b74940becc882005f100fdfbb7a7a72b4a1e9edd9e,2026-09-21T04:24:13+00:00,excluded,no_swap_in_complete_creation_to_snapshot_history,0,True,,,,,
uniswap-v4,0x6c59514f90a93d0b941932262c3f693cf316e5b5d123ab2a5c1f6f70635c69d4,2026-09-21T04:25:29+00:00,unresolved,token_lp_or_usd_conditions_unverified,21,True,,,,,
uniswap-v4,0xf800468e50e35494dfbdcec8551a2ab27969f78822fcb16955bf521bbf06e340,2026-09-21T04:25:33+00:00,excluded,no_swap_in_complete_creation_to_snapshot_history,0,True,,,,,
uniswap-v4,0x087412d1134b8ab66b4503f9cceab9b8fa78ec93cafb725390faa73d863cf506,2026-09-21T04:26:17+00:00,unresolved,token_lp_or_usd_conditions_unverified,18,True,,,,,
uniswap-v4,0x096bb879347822107895454631d62335c2cb4eab906023d220acdc03f889c68d,2026-09-21T04:26:21+00:00,excluded,no_swap_in_complete_creation_to_snapshot_history,0,True,,,,,
uniswap-v4,0x56d96447330a56fe880203c15d6d8a42505966c5d62bf6bd0c2cd26a140b5e57,2026-09-21T04:26:47+00:00,excluded,no_remaining_lp_principal,238,True,,,,,
uniswap-v4,0xcb7f597811fe1e91b4438487d069047a468b9740413b56bdd16bdc365ee0bae4,2026-09-21T04:27:03+00:00,excluded,no_swap_in_complete_creation_to_snapshot_history,0,True,,,,,
uniswap-v4,0x6e859d199d741bb9513181028d500bc817cda37cce7ae65eff1b2c2e5ecb83db,2026-09-21T04:27:23+00:00,unresolved,token_lp_or_usd_conditions_unverified,19,True,,,,,
uniswap-v4,0x9f9e7408f0b2a95d8d98081e9d81809013e6b8333afad7424d9d7364189b9b2d,2026-09-21T04:27:27+00:00,excluded,no_swap_in_complete_creation_to_snapshot_history,0,True,,,,,
uniswap-v4,0x2bfc7107dcc15e18676d3154543634705d28b9c8b734127e699961135c1636e3,2026-09-21T04:27:29+00:00,excluded,no_swap_in_complete_creation_to_snapshot_history,0,True,,,,,
uniswap-v4,0xb6cf32eba9e90dc84e725949674cb663b69b6d444b6b66d74ad43dcb9e4a6838,2026-09-21T04:28:29+00:00,unresolved,token_lp_or_usd_conditions_unverified,1,True,,,,,
uniswap-v3,0x9d3114af17fd3f751631d32e94b65b5550a3699b,2026-09-21T04:28:59+00:00,unresolved,token_lp_or_usd_conditions_unverified,1,True,,,,,
uniswap-v4,0xb341bd173cce3ae172523c4a66181a0ae34d651e02931ac1c079a86cca96d627,2026-09-21T04:29:39+00:00,unresolved,token_lp_or_usd_conditions_unverified,19,True,,,,,
uniswap-v4,0x9fdd1adb52024a36c7d6c623dfb68f59f964fee15163e5a188679a09086d75b5,2026-09-21T04:29:43+00:00,excluded,no_swap_in_complete_creation_to_snapshot_history,0,True,,,,,
uniswap-v4,0x6e07cead87d5765d3e0737ab0be70550657cdd5011920f0a4e97dd6d184cc889,2026-09-21T04:30:17+00:00,excluded,no_remaining_lp_principal,182,True,,,,,
uniswap-v4,0x3cee52fd07d5a600acc9b2f543223df42ca139bc857261b25af67b7355eb9444,2026-09-21T04:30:21+00:00,unresolved,token_lp_or_usd_conditions_unverified,1,True,,,,,
uniswap-v4,0x1067d90ede2c8083bc7f7c5293b6ea568c8d0c7c39a12cbf738fafb51ee15f01,2026-09-21T04:30:43+00:00,excluded,no_swap_in_complete_creation_to_snapshot_history,0,True,,,,,
uniswap-v4,0xde889ae71e768b808fbc43626146fd34f3c90458f7af3a1fb3ca2bce11c81f6b,2026-09-21T04:30:53+00:00,excluded,no_remaining_lp_principal,131,True,,,,,
uniswap-v4,0xd7ba789c9456411cb4be166ea416e62f4f3aca2b231d08a117dc4fe79cbbfae2,2026-09-21T04:30:57+00:00,excluded,no_swap_in_complete_creation_to_snapshot_history,0,True,,,,,
uniswap-v4,0xb45e560c20f277e2d19a6a56d2a26fd1d24bae37b8a0a1235e8e779622281456,2026-09-21T04:32:29+00:00,excluded,no_remaining_lp_principal,5,True,,,,,
uniswap-v4,0x8f7f36fa63ba6a8025c5031f08bdfe64f1e673549c6347b4b6ae3d4909b2a92e,2026-09-21T04:32:39+00:00,unresolved,token_lp_or_usd_conditions_unverified,19,True,,,,,
uniswap-v4,0x3c4f2a19503563558e5cd218d866d197615a85e50ad7369bc645c9d9b15d050b,2026-09-21T04:32:43+00:00,excluded,no_swap_in_complete_creation_to_snapshot_history,0,True,,,,,
uniswap-v4,0xb68643010a418bf20024e0b0092d6473d9384496140ee9cecdefb85b12cd4e3d,2026-09-21T04:32:49+00:00,unresolved,token_lp_or_usd_conditions_unverified,1,True,,,,,
uniswap-v4,0x5b4282d33e0e09abd29feb05d29759af7057f90fca671976af04132c3e542924,2026-09-21T04:33:57+00:00,excluded,no_remaining_lp_principal,85,True,,,,,
uniswap-v4,0xe63c14e659181e355cb948a32c3647de12f745c46dae2ff1d225f069eabb7c2c,2026-09-21T04:33:59+00:00,excluded,no_swap_in_complete_creation_to_snapshot_history,0,True,,,,,
uniswap-v4,0xcdb1c9649e4be8739c58b0527615276ac44f05f76ab9207274686fdbfae4f616,2026-09-21T04:34:01+00:00,excluded,positive_lp_share_withdrawal_succeeded,2,True,,,,,
uniswap-v4,0x9f3472613325e7a9ea97e9054796f2064f46a6330474953de0447c3c0f54959c,2026-09-21T04:34:03+00:00,excluded,no_swap_in_complete_creation_to_snapshot_history,0,True,,,,,
uniswap-v4,0x58585881b092e4dad40c4ce92aff8bb7490097a0bc4e6e9babec4e2cbabfec0e,2026-09-21T04:34:17+00:00,excluded,no_swap_in_complete_creation_to_snapshot_history,0,True,,,,,
uniswap-v4,0xf74c23e3ee84c3493ef31cf23b1e4e3983943df001b6cf4bef1d61abdd166ed1,2026-09-21T04:34:45+00:00,excluded,no_swap_in_complete_creation_to_snapshot_history,0,True,,,,,
uniswap-v4,0xe0a1ea970a22ef5c1d8748dd9d0e46e01827ac570064b2b0d6f495d93b0d7cc8,2026-09-21T04:36:55+00:00,excluded,no_swap_in_complete_creation_to_snapshot_history,0,True,,,,,
uniswap-v4,0x05d5138fc77cce0b9dad2c7489dd4bf51a2fb1d801b552554ce13ae52f19172d,2026-09-21T04:37:59+00:00,excluded,no_swap_in_complete_creation_to_snapshot_history,0,True,,,,,
uniswap-v4,0x761d5cbdbe7b8372cd589ede44f5deaf95038aae287137e0c2a1342603438cba,2026-09-21T04:38:55+00:00,unresolved,token_lp_or_usd_conditions_unverified,19,True,,,,,
uniswap-v4,0x03f4adc0aebb115af7c0bf121e88d75d9fc5df1cfca780cf6f6fa281d2fd532d,2026-09-21T04:38:57+00:00,excluded,no_swap_in_complete_creation_to_snapshot_history,0,True,,,,,
uniswap-v4,0xe4daeb5fde59b047b818f8fb46e0f74e725ee341eefc971485d67f4961ecb999,2026-09-21T04:39:01+00:00,excluded,no_swap_in_complete_creation_to_snapshot_history,0,True,,,,,
uniswap-v4,0x1be211c0899368790cbec683b1d55663f8fe283dbfc330ceca3a4b64a6b496ee,2026-09-21T04:39:37+00:00,excluded,no_swap_in_complete_creation_to_snapshot_history,0,True,,,,,
uniswap-v4,0x9207db8b8e7fda3f96c1a8481c043d3a9d6186076d36c256b3d8053177730d36,2026-09-21T04:40:17+00:00,unresolved,token_lp_or_usd_conditions_unverified,19,True,,,,,
uniswap-v4,0x0abcaa5cc6a105b6c233853c1bfc56699a641a4a6cdd4cc63d188e0f779aaf6c,2026-09-21T04:40:19+00:00,excluded,no_swap_in_complete_creation_to_snapshot_history,0,True,,,,,
uniswap-v4,0xcfbb5d772be9bb732ae53192073e0839cf1f1b5235761828b1bde1339cd14a03,2026-09-21T04:41:21+00:00,excluded,no_remaining_lp_principal,280,True,,,,,
uniswap-v4,0x5629a304caba1619723f768eaf4202c268f29223d0169400f307e98a43f33af1,2026-09-21T04:41:25+00:00,excluded,no_swap_in_complete_creation_to_snapshot_history,0,True,,,,,
uniswap-v4,0xb493fc354463e877cd8ef075423f2dd50d4e897903c57b2bf49c73f2e08bcb58,2026-09-21T04:41:29+00:00,excluded,no_swap_in_complete_creation_to_snapshot_history,0,True,,,,,
uniswap-v3,0x67b516c7431d6b8fa7d29451126be13c99dcef19,2026-09-21T04:41:31+00:00,excluded,no_swap_in_complete_creation_to_snapshot_history,0,True,,,,,
uniswap-v4,0x3ce2385d253706f830a5345e45b193373c855dc67e80d0b1c819bae11b9ee496,2026-09-21T04:41:43+00:00,unresolved,token_lp_or_usd_conditions_unverified,2,True,,,,,
uniswap-v4,0x220328f89304617b3445a3bef586d081093d97313d0f294d1854388170d41974,2026-09-21T04:41:43+00:00,excluded,no_swap_in_complete_creation_to_snapshot_history,0,True,,,,,
uniswap-v4,0x1fe277e1f914e6bd94a154fdaddc37baabff17d0ae9728d223a7612e10c24f36,2026-09-21T04:41:45+00:00,excluded,no_swap_in_complete_creation_to_snapshot_history,0,True,,,,,
uniswap-v4,0x9bbd138d2009040483edc17b43c32a47b00924aa4be2f48689100dfacea207e1,2026-09-21T04:42:03+00:00,excluded,no_remaining_lp_principal,33,True,,,,,
uniswap-v4,0xff8ca2d8ec92f8b0aee3d53ec9e26166a3e62bd80d299e722b60bffdd4b2f3e1,2026-09-21T04:42:23+00:00,unresolved,token_lp_or_usd_conditions_unverified,19,True,,,,,
uniswap-v4,0xa79342619f3fce2afb4797bf33b49eab0084e038f7fa8094d75d55882c8cb251,2026-09-21T04:42:25+00:00,excluded,no_swap_in_complete_creation_to_snapshot_history,0,True,,,,,
uniswap-v4,0xa46c7624a9c3828e9f2b8107342cd242daa0077d8c7b190e6026c6bb8ff6d30d,2026-09-21T04:42:31+00:00,excluded,no_remaining_lp_principal,5,True,,,,,
uniswap-v4,0x6d650b85115085163075bc2e44dad9d05748c60e41ffedc80a94efff750815c3,2026-09-21T04:42:47+00:00,excluded,no_remaining_lp_principal,193,True,,,,,
uniswap-v4,0xe1ee95700b9be16590ba20d5d7240754832840038be5836f9ca8ec37fd243803,2026-09-21T04:43:19+00:00,excluded,no_swap_in_complete_creation_to_snapshot_history,0,True,,,,,
uniswap-v3,0xbc7550c49d90fccd450ccd46b69854051789fde9,2026-09-21T04:43:27+00:00,unresolved,token_lp_or_usd_conditions_unverified,3,True,,,,,
uniswap-v3,0xa0eb2063c811f51a4be88c6a2de9bb038764ed0a,2026-09-21T04:43:27+00:00,unresolved,token_lp_or_usd_conditions_unverified,1,True,,,,,
uniswap-v4,0x48ada0accaff8877e0608e09f508ecc209953316679b53c6e71a27921bcaa5df,2026-09-21T04:43:37+00:00,unresolved,token_lp_or_usd_conditions_unverified,19,True,,,,,
uniswap-v4,0xbcabf9d69e7f34f67edaf87fc8f16d82a0b1fd22136559a5b8e4611e96f75a8c,2026-09-21T04:43:41+00:00,excluded,no_swap_in_complete_creation_to_snapshot_history,0,True,,,,,
uniswap-v4,0xa3fc35146d8d5e4f4d8d6c57a13a9d087b33d07d45245227473cb1bdcd673667,2026-09-21T04:44:13+00:00,unresolved,usd_reference_unverified;token_semantics_unverified,7,True,,,,,
uniswap-v4,0xe24a6b044d0a43234b9a975d7e5643e19b89221a755727b45c2aeaa1d59b2219,2026-09-21T04:44:37+00:00,excluded,no_remaining_lp_principal,258,True,,,,,
uniswap-v4,0x6958e7be5b7704210928fe8e2e4f1adb62f84884418e2319fa957fe28f60d680,2026-09-21T04:44:41+00:00,excluded,no_swap_in_complete_creation_to_snapshot_history,0,True,,,,,
uniswap-v4,0xb2a0a7c09b300b73b1d15d6fa6e579740240b6b31cec29b1d314e6bd19871cea,2026-09-21T04:44:45+00:00,excluded,no_swap_in_complete_creation_to_snapshot_history,0,True,,,,,
uniswap-v4,0xc2626a08bb707d83c2a173d5f23bf532f36a2d584c2ba29e733054c4b9070b3a,2026-09-21T04:44:45+00:00,unresolved,token_lp_or_usd_conditions_unverified,21,True,,,,,
uniswap-v3,0x448978c16b7a5344cc4d7df2783d4d5e738b2415,2026-09-21T04:44:55+00:00,excluded,no_swap_in_complete_creation_to_snapshot_history,0,True,,,,,
uniswap-v3,0x421e62bf0a573f5e230d17cad9d743a7fed704b3,2026-09-21T04:44:55+00:00,excluded,no_swap_in_complete_creation_to_snapshot_history,0,True,,,,,
uniswap-v4,0x3b4aaca22fa9240babe7dfb1805bc8a499cb66dacce1c7ad97f671fc6245c99c,2026-09-21T04:44:57+00:00,excluded,no_swap_in_complete_creation_to_snapshot_history,0,True,,,,,
uniswap-v4,0xe7fcf6e0ace35e29d37602bc0cdeff0db0d2e9acdd12066b011ad498e24e0866,2026-09-21T04:45:15+00:00,unresolved,token_lp_or_usd_conditions_unverified,1,True,,,,,
uniswap-v4,0x3ffc37783347a84d25779ee0af4c8cf508f099fd42eafd0bbdba31062c949afe,2026-09-21T04:45:53+00:00,excluded,no_remaining_lp_principal,85,True,,,,,
uniswap-v4,0x1f6009192f637e6fdded4ccbe3753b5d6c17ccf7097054cfb3931ebfbdd53fec,2026-09-21T04:45:57+00:00,excluded,no_swap_in_complete_creation_to_snapshot_history,0,True,,,,,
uniswap-v4,0xd4a422a1b12bd26d75635af14b47a5cd8fc703ff6fd9ac7bf39539ba6369850a,2026-09-21T04:46:35+00:00,excluded,no_swap_in_complete_creation_to_snapshot_history,0,True,,,,,
uniswap-v4,0x863957fe20e35e362c319aaa499c62b9ae75020d799ef571e64f9920305273da,2026-09-21T04:47:51+00:00,unresolved,token_lp_or_usd_conditions_unverified,1,True,,,,,
uniswap-v4,0x37f39a5b929b680b9d79307606592a2055a03b90cf1a14cb23476318e9280c64,2026-09-21T04:50:17+00:00,excluded,no_swap_in_complete_creation_to_snapshot_history,0,True,,,,,
uniswap-v4,0x27ab70af025262a1505e009384df45f3bec08fe0b935bb12aac2d4bc233555b6,2026-09-21T04:50:17+00:00,excluded,no_remaining_lp_principal,131,True,,,,,
uniswap-v4,0x01f60d4f3bcf8f37e4cfb37c77393cfdab9d60af3d1856d795a33825d9c02d7f,2026-09-21T04:50:21+00:00,excluded,no_swap_in_complete_creation_to_snapshot_history,0,True,,,,,
uniswap-v4,0x77d85aad62d6f3224074c23d1c9bb015a580b07ff79dafcb314a5ec91e55e68d,2026-09-21T04:50:27+00:00,excluded,no_swap_in_complete_creation_to_snapshot_history,0,True,,,,,
uniswap-v4,0x209bd334bcf6b2e68e71f5a61ad9500fc7d7bf615ca5de9921248ec1db541a39,2026-09-21T04:50:31+00:00,excluded,no_swap_in_complete_creation_to_snapshot_history,0,True,,,,,
uniswap-v4,0x3cec3ab080be7495fa53d9a858b491cfbe8b938559fd6e88a2b5844d41c77144,2026-09-21T04:51:55+00:00,unresolved,token_lp_or_usd_conditions_unverified,31,True,,,,,
uniswap-v4,0x6b10030726f82580948ce0e0c30f1eb56f2a17bb0d114fe6fbbcc0da87e1f685,2026-09-21T04:51:59+00:00,excluded,no_swap_in_complete_creation_to_snapshot_history,0,True,,,,,
uniswap-v4,0x997004079aba246db19f4ddc3d1a864df2aca351f175346e4fc378fc570be9bd,2026-09-21T04:52:17+00:00,excluded,no_swap_in_complete_creation_to_snapshot_history,0,True,,,,,
uniswap-v4,0x9ee970f879b4bf6b52d63140d99e8794c1dd4a965c4c9ee927d72e8f564dbd86,2026-09-21T04:52:33+00:00,excluded,no_remaining_lp_principal,5,True,,,,,
uniswap-v4,0xf72f7ff1dca83c11acc03f64bc6c9ee489f82069a39d046bbd24a79d8ccc89ef,2026-09-21T04:53:17+00:00,excluded,no_swap_in_complete_creation_to_snapshot_history,0,True,,,,,
uniswap-v4,0xdfcfb3bfc49d4054faf1e4619ab8318c0073e4f3a0fe7e1b3b264c10c99d7048,2026-09-21T04:54:39+00:00,excluded,no_swap_in_complete_creation_to_snapshot_history,0,True,,,,,
uniswap-v4,0x0672f07cab975c66b45261b29a1994c0fa305cf29a76d71809577ed13c38d87b,2026-09-21T04:54:57+00:00,excluded,no_remaining_lp_principal,209,True,,,,,
uniswap-v4,0xae0ed017ee46aaba7e98597378e6943e405b17c8b66f3b376590bfeba599a26f,2026-09-21T04:57:47+00:00,excluded,no_remaining_lp_principal,82,True,,,,,
uniswap-v4,0x45c2453f5551c691cf206f5fb0b9392e88042a25b1b1d60983f39b77e6f17e01,2026-09-21T04:57:51+00:00,excluded,no_swap_in_complete_creation_to_snapshot_history,0,True,,,,,
uniswap-v4,0x37d8e49ad0fcdeb1cd8e76e3bc25fa1c3fa97e495643f5946417d7f47204bc91,2026-09-21T04:58:33+00:00,excluded,no_swap_in_complete_creation_to_snapshot_history,0,True,,,,,
uniswap-v4,0x559dc666c9e24b23ada2db9111bfd4b1d992385ac2468e462d1afb3c294d723f,2026-09-21T04:58:37+00:00,excluded,no_swap_in_complete_creation_to_snapshot_history,0,True,,,,,
uniswap-v4,0x49ed06e922148d9aadd1e553b70252aaad182bbb930e2e0a4bda86bb4d455c8e,2026-09-21T04:58:43+00:00,unresolved,token_lp_or_usd_conditions_unverified,1,True,,,,,
uniswap-v4,0x80974fcbc35a67142313d4eb94713f6ff9e7a7cd669f7aa55e4ec460c7d657fa,2026-09-21T04:59:11+00:00,unresolved,token_lp_or_usd_conditions_unverified,5,True,,,,,
uniswap-v4,0x1dd73d93146f2862bd3db1d7f7f25bcfacf517e511beb5937279b48b8137cc38,2026-09-21T04:59:45+00:00,excluded,no_remaining_lp_principal,258,True,,,,,
uniswap-v4,0xaa35dfa452d3c61b4759fd1e03feeb69e63356fc0cfca59db2c749cbfce2838a,2026-09-21T05:00:27+00:00,unresolved,token_lp_or_usd_conditions_unverified,1,True,,,,,
uniswap-v4,0x36c38c0b17d4a241c45505adb89b844607ba09312c7c9d4ff5de3b9492dd8c43,2026-09-21T05:01:11+00:00,excluded,no_swap_in_complete_creation_to_snapshot_history,0,True,,,,,
aerodrome,0x55b50b7c233f3e2668cca0f18e5cac361ed46592,2026-09-21T05:01:55+00:00,unresolved,token_lp_or_usd_conditions_unverified,1425,True,,,,,
uniswap-v4,0x39cc17bba41cd6b4cea140bed20bcac5ff6d309a437cef5e0350a5d771f50f8a,2026-09-21T05:02:37+00:00,excluded,no_remaining_lp_principal,5,True,,,,,
uniswap-v4,0x1481f31d08e56ab008f8ee669010ebf57c6de85e7e7d180cdd127c23d1843f50,2026-09-21T05:02:51+00:00,unresolved,token_lp_or_usd_conditions_unverified,1,True,,,,,
uniswap-v4,0xbf65ff1087edb7a93005cc8477b5434711a77b8c1636c94eb7df2b58e9f8faf1,2026-09-21T05:04:09+00:00,excluded,no_swap_in_complete_creation_to_snapshot_history,0,True,,,,,
uniswap-v4,0x697bc1a095350a58373f1378e5cc7b373e4d5919ebc70d3d600f784b15642bbb,2026-09-21T05:06:27+00:00,excluded,no_swap_in_complete_creation_to_snapshot_history,0,True,,,,,
uniswap-v4,0xefd0fb7fbe7eca8e6927c3e986719e1608c83e6fa18279acc6b104465108e8eb,2026-09-21T05:07:05+00:00,excluded,no_swap_in_complete_creation_to_snapshot_history,0,True,,,,,
uniswap-v4,0x92f38fe685913c6a19f705e7482b4de498168cdcf02e597e2e595c61c73a5ec8,2026-09-21T05:07:13+00:00,excluded,no_remaining_lp_principal,178,True,,,,,
uniswap-v4,0x16ec898cd4929bad9261cfca59f7c9230b7188def303f1d73d2c9ab548af1130,2026-09-21T05:07:37+00:00,excluded,no_swap_in_complete_creation_to_snapshot_history,0,True,,,,,
uniswap-v3,0xdb2c3e873899a7bf233f502657c36c890b5b70af,2026-09-21T05:08:01+00:00,excluded,positive_lp_share_withdrawal_succeeded,5,True,,,,,
uniswap-v4,0xb8ea0bc31eaad3c5d482aade4fd5543e4c05a9478db5b927ec69ff203600fded,2026-09-21T05:08:41+00:00,unresolved,token_lp_or_usd_conditions_unverified,25,True,,,,,
uniswap-v4,0x8f7568b11a0ec3d00343182fd88055948fa0710a535107d123f3fdd06e546127,2026-09-21T05:08:43+00:00,excluded,no_swap_in_complete_creation_to_snapshot_history,0,True,,,,,
uniswap-v4,0x40abeaefa2aa6c9f40a65205b13d7b215290d4e6106b3d8472c36f7edf35cb57,2026-09-21T05:09:49+00:00,unresolved,token_lp_or_usd_conditions_unverified,1,True,,,,,
uniswap-v4,0xf923883530a8d6623751cb5428c4eb91c772f8d340d7d77175f2cf3f938e6f3d,2026-09-21T05:09:53+00:00,excluded,no_remaining_lp_principal,84,True,,,,,
uniswap-v4,0x709a79c52d5a07b9048ee8d8808a5d9ec7d8ad754c3fda50b12acfcabdaabd1e,2026-09-21T05:09:57+00:00,excluded,no_swap_in_complete_creation_to_snapshot_history,0,True,,,,,
uniswap-v4,0x606326d3239c565da810ecf530afbe756b4fa4307192065585443377db682d0b,2026-09-21T05:10:53+00:00,excluded,no_swap_in_complete_creation_to_snapshot_history,0,True,,,,,
uniswap-v4,0xf53edc85541ed23ea86a32b22f1c6b60cdf71633a27a807e48b9332b78235c8c,2026-09-21T05:11:37+00:00,excluded,no_swap_in_complete_creation_to_snapshot_history,0,True,,,,,
uniswap-v4,0xf050edf04ea74e74c734f62dc1aaa01f5689d1811363d8f298477ed80c0dc15f,2026-09-21T05:12:09+00:00,excluded,no_swap_in_complete_creation_to_snapshot_history,0,True,,,,,
uniswap-v4,0xa3a3a787f9ede7b89bf7e79986daed1bb4a5ee77759efc5623a2e30479ac96cc,2026-09-21T05:12:27+00:00,excluded,no_remaining_lp_principal,5,True,,,,,
uniswap-v4,0x2e416a75b70e9b1096f8177b38a8a9f433b9afb78a49a18c019cecd7bbcc6813,2026-09-21T05:12:55+00:00,excluded,no_swap_in_complete_creation_to_snapshot_history,0,True,,,,,
uniswap-v4,0x41c0acc1547d3919c183067b7f1fe5a724cffb2be1597758fc0b91b2d5a4e7f7,2026-09-21T05:12:57+00:00,excluded,no_remaining_lp_principal,131,True,,,,,
uniswap-v4,0x0174e2aee8e9d11b0740df5a08db563981c1a495c455e8bdc35869d2a8893116,2026-09-21T05:12:59+00:00,excluded,no_swap_in_complete_creation_to_snapshot_history,0,True,,,,,
uniswap-v4,0x022eb85ad8ad76f4905b92e0fb6890108eeab58d0bc1e3e9f4d501380a141ac3,2026-09-21T05:13:01+00:00,excluded,no_swap_in_complete_creation_to_snapshot_history,0,True,,,,,
uniswap-v4,0x43367e07c071629921cbd5d9c75e38bec182109b5215f1f240d7be31d949f5a0,2026-09-21T05:14:01+00:00,excluded,no_swap_in_complete_creation_to_snapshot_history,0,True,,,,,
uniswap-v4,0x31bdb52b6debefd8ba8e99f9502f0c3f71c8b5b440d9cde02514863f12c328cc,2026-09-21T05:14:15+00:00,excluded,no_swap_in_complete_creation_to_snapshot_history,0,True,,,,,
uniswap-v4,0x750e184627d8344cb000c50a7155b7101e634ed9282e41f705043700b704766d,2026-09-21T05:15:01+00:00,excluded,no_remaining_lp_principal,245,True,,,,,
uniswap-v4,0xbd88394ea68c9d59efc9bef401680eb6e25678192eb1954a8205c90f91210016,2026-09-21T05:15:03+00:00,excluded,no_swap_in_complete_creation_to_snapshot_history,0,True,,,,,
uniswap-v4,0x4747582ac2b2684316b17f1ab8c7d932d0f3301b4a1a3f6f1114d534aed5a088,2026-09-21T05:15:07+00:00,excluded,no_swap_in_complete_creation_to_snapshot_history,0,True,,,,,
uniswap-v4,0xd22243ffae60bd9b5c27b554c4a5e3340a916fb7d574534a8f60057be7d909a5,2026-09-21T05:15:09+00:00,excluded,positive_lp_share_withdrawal_succeeded,2265,True,,,,,
uniswap-v4,0x046851af6a576689e00702faee65d48c4316094ae68b0f85308210fe1c50ffde,2026-09-21T05:15:15+00:00,excluded,no_swap_in_complete_creation_to_snapshot_history,0,True,,,,,
uniswap-v4,0x4d413549dd5b5f58b67072059e64a59a4cf984d64cae50e3cf27b8aaf290cf11,2026-09-21T05:15:19+00:00,unresolved,token_lp_or_usd_conditions_unverified,1,True,,,,,
uniswap-v4,0xa1376f7d0d54f7e70de8a9323b81f3828e4891ca6e5c42cacf2c20bdaea137ac,2026-09-21T05:15:33+00:00,excluded,no_swap_in_complete_creation_to_snapshot_history,0,True,,,,,
uniswap-v4,0xbe5bc208d758103941a19c542437211ff39f96f97908d7bdae1507eb0d9f03e5,2026-09-21T05:15:57+00:00,excluded,no_swap_in_complete_creation_to_snapshot_history,0,True,,,,,
uniswap-v4,0xa9541052ee25432363fda19be515c5b18c2adf28efbfee51cbd785d970bdea69,2026-09-21T05:17:05+00:00,excluded,no_swap_in_complete_creation_to_snapshot_history,0,True,,,,,
uniswap-v4,0x39e5e82ef2c6f290f15acd298a751d72518f58f54a38041cbed330f9d1461afb,2026-09-21T05:17:31+00:00,unresolved,token_lp_or_usd_conditions_unverified,2,True,,,,,
uniswap-v4,0x42136c1f5279a52f03623bc719fbe6428551ece21300c2e1ad46cc2eea22d6ea,2026-09-21T05:17:51+00:00,unresolved,token_lp_or_usd_conditions_unverified,1,True,,,,,
uniswap-v4,0xea0bd404e1e87a0e172709142159a4593aa634bc932a8e3db1049ab3ccb23057,2026-09-21T05:18:23+00:00,excluded,no_swap_in_complete_creation_to_snapshot_history,0,True,,,,,
uniswap-v4,0x7c7af779de6d6981e1c4ba2fffefb11f6f78e71e6f7d7c08d2d5352ec9f538e9,2026-09-21T05:18:47+00:00,excluded,no_swap_in_complete_creation_to_snapshot_history,0,True,,,,,
uniswap-v4,0x46b564f8e04eb7a206b3e7466fa3686e897b1246de77ea97fc261815e886c40b,2026-09-21T05:19:03+00:00,excluded,no_swap_in_complete_creation_to_snapshot_history,0,True,,,,,
uniswap-v4,0x84443767a818ca7d13facaa2056c084edd37c2a636f1945ffa6aaa29e8f29f37,2026-09-21T05:19:21+00:00,excluded,no_remaining_lp_principal,211,True,,,,,
uniswap-v4,0x0dfc040bfec18e0dfc0932eaa9335b9b3b806f32ef841a5bfb334701d09346f1,2026-09-21T05:21:53+00:00,excluded,no_remaining_lp_principal,82,True,,,,,
uniswap-v4,0x84c6ad25407aeb58d3b4b294c914c6febd3782c0fa73ebe305f7280258e028a0,2026-09-21T05:21:57+00:00,excluded,no_swap_in_complete_creation_to_snapshot_history,0,True,,,,,
uniswap-v4,0x043ed9bf8e52baf335f470c31dbfe011da85e95f7e9f0ca53c3c862582193235,2026-09-21T05:22:27+00:00,unresolved,token_lp_or_usd_conditions_unverified,1,True,,,,,
uniswap-v4,0xc27f1fbfa557f5f4ff69037b16c31bc0551d3052c66ab63b15f0c07f84a84563,2026-09-21T05:22:39+00:00,excluded,no_remaining_lp_principal,5,True,,,,,
uniswap-v4,0x56300f36de2bc2d8af70f1e46394457b95d7cd04275c751095e9fe6aae7afeb2,2026-09-21T05:24:47+00:00,excluded,no_swap_in_complete_creation_to_snapshot_history,0,True,,,,,
uniswap-v4,0x98cb57565bf43c5041af81154c85f90fb1f2f1da24eac1698ccd8e8fd3ba2fc6,2026-09-21T05:25:55+00:00,excluded,no_swap_in_complete_creation_to_snapshot_history,0,True,,,,,
uniswap-v4,0x734d8b926f9b01966aa1f661d68c7a6b7064e9bc5ee1d6771716afc373c50870,2026-09-21T05:26:09+00:00,excluded,no_swap_in_complete_creation_to_snapshot_history,0,True,,,,,
uniswap-v4,0x8cbe2916be3cc32bbee37cec682e4572639a6c46e4b5d3188e3c62ede2fc30b6,2026-09-21T05:26:25+00:00,excluded,no_swap_in_complete_creation_to_snapshot_history,0,True,,,,,
uniswap-v4,0x2a8b1290b2bd3716a0f5a5095f547ae013d0c7c7825531231b90eeba451028fa,2026-09-21T05:26:29+00:00,excluded,no_swap_in_complete_creation_to_snapshot_history,0,True,,,,,
uniswap-v4,0xe82c610ee0324da838ef6ca86dabf81412460a42f598eeef35e08b1aad53e9f2,2026-09-21T05:26:57+00:00,excluded,no_swap_in_complete_creation_to_snapshot_history,0,True,,,,,
uniswap-v4,0x9296b366391830e25cc2be3f674e28361d543fea5bc12a4ffea5430085859926,2026-09-21T05:27:01+00:00,excluded,no_swap_in_complete_creation_to_snapshot_history,0,True,,,,,
uniswap-v4,0x0b2b567dbe659b232c38c1da4fff34586392e6a2897c7440a454ced4ba12bc27,2026-09-21T05:27:01+00:00,excluded,no_swap_in_complete_creation_to_snapshot_history,0,True,,,,,
uniswap-v4,0x0d53ae43be4e6903e06e571afbddcf3969588b0ed9dd070f4287d5f3fd7fc101,2026-09-21T05:27:45+00:00,unresolved,token_lp_or_usd_conditions_unverified,19,True,,,,,
uniswap-v4,0x00ef5c4616d3955f2410010a33c210901768f617135b5ce210e5e5c6093504a8,2026-09-21T05:27:47+00:00,excluded,no_swap_in_complete_creation_to_snapshot_history,0,True,,,,,
uniswap-v4,0x6748586d3c4ca3d31e2b306b50452ae8c91715bc46a0323882b3305d3aac626b,2026-09-21T05:28:33+00:00,unresolved,token_lp_or_usd_conditions_unverified,1,True,,,,,
uniswap-v4,0x7b99a9c45bc2826d062f1b31c846375ff73aba189112e41dcb3621b63e8cd8ff,2026-09-21T05:30:09+00:00,excluded,no_remaining_lp_principal,279,True,,,,,
uniswap-v4,0xf42480fb316f01ed0e5733fbaf459f28ae9e643b3fcac14afc46ae0b771cf1b6,2026-09-21T05:30:15+00:00,excluded,no_remaining_lp_principal,280,True,,,,,
uniswap-v4,0x8d9452ed4396cf179f47709405129ded8cdc5c3a3ac4368d2c97a0a2739bb448,2026-09-21T05:30:19+00:00,excluded,no_swap_in_complete_creation_to_snapshot_history,0,True,,,,,
uniswap-v4,0x9c9173d488917c182322ce2759aa4791e6736d9a1b9501c2f49a06c6fe934d59,2026-09-21T05:30:21+00:00,unresolved,token_lp_or_usd_conditions_unverified,1,True,,,,,
uniswap-v4,0x0e0521db06533be8fc1e754ec4a19dbc3adb2555d9283931066a8856b1e5c6ab,2026-09-21T05:30:29+00:00,excluded,no_swap_in_complete_creation_to_snapshot_history,0,True,,,,,
uniswap-v4,0x690712a122f56f7bf85c4df93f76fa76afb18e5cc36162b21bfab0078d1915a0,2026-09-21T05:30:33+00:00,excluded,no_swap_in_complete_creation_to_snapshot_history,0,True,,,,,
uniswap-v4,0xb590a0aa3c709c4b311533a02ac4ef56034d17dd785893af9f76489ebbc98fff,2026-09-21T05:31:09+00:00,excluded,no_swap_in_complete_creation_to_snapshot_history,0,True,,,,,
uniswap-v4,0xeed0c2a11f93d1db787a0c84d97871ed6696511741c520d051ddde178d226ebe,2026-09-21T05:31:13+00:00,excluded,no_swap_in_complete_creation_to_snapshot_history,0,True,,,,,
uniswap-v4,0x3878e0478c817009e0011ee85fd9f976c867db6831f1965d0c4b159551725486,2026-09-21T05:31:39+00:00,excluded,no_swap_in_complete_creation_to_snapshot_history,0,True,,,,,
uniswap-v4,0xba6d89f6499023fa1474eefd0df9cbbd6f48c8457416c957760a9d46fdb01e5f,2026-09-21T05:31:41+00:00,excluded,no_remaining_lp_principal,180,True,,,,,
uniswap-v4,0x8b6222b1c5314bce26049f23c73c680e7b8db2b8f594cf98008314616bf7a9e6,2026-09-21T05:31:43+00:00,excluded,no_swap_in_complete_creation_to_snapshot_history,0,True,,,,,
uniswap-v4,0x006dfe6740a357a8d85c7509f89a5979ec9fe8f69832e77fb462248a32fa39a5,2026-09-21T05:32:19+00:00,excluded,no_swap_in_complete_creation_to_snapshot_history,0,True,,,,,
uniswap-v4,0x2f5c402e8b6edf4dd6200af04fd8652da2f95580f2c6e204da3f25e59ecaac90,2026-09-21T05:32:31+00:00,excluded,no_remaining_lp_principal,5,True,,,,,
uniswap-v4,0xc442aa63ce4c784578d5f36918f650b5b870851a2a4a3fc5ee5eb5276b36a102,2026-09-21T05:32:51+00:00,unresolved,token_lp_or_usd_conditions_unverified,1,True,,,,,
uniswap-v4,0xf2942894c9911667c90b64f4f7dae572d0a332b9cc128ddce072ed5bedc8cab6,2026-09-21T05:33:17+00:00,excluded,no_remaining_lp_principal,131,True,,,,,
uniswap-v4,0xf119fdb64a8024b9991aadc1e96de56705532e6698c683ae9b01983682d64fa0,2026-09-21T05:33:21+00:00,excluded,no_swap_in_complete_creation_to_snapshot_history,0,True,,,,,
uniswap-v4,0x3c25fca91a15633ca187a056387d0d3d9c5911862ff92548cf5ad086f467f233,2026-09-21T05:34:47+00:00,excluded,no_swap_in_complete_creation_to_snapshot_history,0,True,,,,,
uniswap-v4,0xd00f7bc4141d15c5e0ee90e31f57dbbf95950e49a451284720a226faf9f17b8c,2026-09-21T05:36:21+00:00,excluded,no_remaining_lp_principal,86,True,,,,,
uniswap-v4,0xbcb240ff225cef8439bd9dfae478adc5e8f98cadc87298399ab00f507215d526,2026-09-21T05:36:25+00:00,excluded,no_swap_in_complete_creation_to_snapshot_history,0,True,,,,,
uniswap-v4,0xb7bc542be4888223d16547443769fd623cfab2f913271d2afffe65c62478d14f,2026-09-21T05:36:35+00:00,excluded,no_swap_in_complete_creation_to_snapshot_history,0,True,,,,,
uniswap-v4,0xc66a4387f0ac45f394d332eb49e1725ec40ca0aa0adc6d404c7a31dde072989c,2026-09-21T05:36:39+00:00,excluded,no_swap_in_complete_creation_to_snapshot_history,0,True,,,,,
uniswap-v4,0xee78fd415fcf2afdce38a4bf3d88c8812cdc5079d3773cc644578b71b267f5d0,2026-09-21T05:37:29+00:00,unresolved,token_lp_or_usd_conditions_unverified,2,True,,,,,
uniswap-v4,0x9813f4cd5729fe8fee80e21212d8c412b056f35c0d48af48fcd4f65c04dcd380,2026-09-21T05:37:47+00:00,excluded,no_swap_in_complete_creation_to_snapshot_history,0,True,,,,,
uniswap-v4,0xf079aa4795589f0640b84152b410343fcf08af29910c86cd1c491c1ef58ae4f8,2026-09-21T05:38:09+00:00,excluded,no_swap_in_complete_creation_to_snapshot_history,0,True,,,,,
uniswap-v4,0x48fa4fcc905e1fa9c1551990bbc683bd31b45fe48b4d035275b3ba0d740925a2,2026-09-21T05:38:13+00:00,excluded,no_swap_in_complete_creation_to_snapshot_history,0,True,,,,,
uniswap-v4,0x96e6cb8cf0bd8bd60c88b5902ca0822fd676ed2d90315f906d006a53ce7d361c,2026-09-21T05:38:53+00:00,excluded,no_swap_in_complete_creation_to_snapshot_history,0,True,,,,,
uniswap-v4,0x03aa6179e8d400b808fdeb091c3cb35963376f28459c0392fd4c9ebe304998f7,2026-09-21T05:38:57+00:00,excluded,no_swap_in_complete_creation_to_snapshot_history,0,True,,,,,
uniswap-v3,0xac3496ba7676b071a1bc68b5bdc0400b2d7f8c7d,2026-09-21T05:39:45+00:00,excluded,no_remaining_lp_principal,1,True,,,,,
uniswap-v4,0x86ab4d44bb2918251bf73ccd009a49b5484e22dda7e26c7f1e3ee25de84ba2b7,2026-09-21T05:39:57+00:00,excluded,no_swap_in_complete_creation_to_snapshot_history,0,True,,,,,
uniswap-v4,0x2c8f4970551f40f55a5e4e071ea6877cc2d32fb49d20460acc84d08193315427,2026-09-21T05:40:03+00:00,excluded,no_swap_in_complete_creation_to_snapshot_history,0,True,,,,,
uniswap-v4,0x5742804ed70c2bee0ffc1ab5cf45575419c54da062542bbcb83a50ce5049e06e,2026-09-21T05:41:55+00:00,excluded,no_swap_in_complete_creation_to_snapshot_history,0,True,,,,,
uniswap-v4,0xb5877c609f6c35be7c97a79ced54808a0a768f09c9b5064ca949112e10db7a14,2026-09-21T05:41:59+00:00,excluded,no_swap_in_complete_creation_to_snapshot_history,0,True,,,,,
uniswap-v4,0x8a7935535d64c6b22af32b6bf7d467c2052a0eeab2eedbed52fe672c7e4d2fcd,2026-09-21T05:42:07+00:00,excluded,no_swap_in_complete_creation_to_snapshot_history,0,True,,,,,
uniswap-v4,0x62b9347851e4ba93570c161d8c51959cdd5edc09a61499e8c009f4ba4ee8f0ad,2026-09-21T05:42:33+00:00,excluded,no_remaining_lp_principal,5,True,,,,,
uniswap-v4,0xdca5ba4fda3f1c7e45f2d76c241ea82ea9ea385c30b6aa3174f96ecdce8dde33,2026-09-21T05:42:35+00:00,excluded,no_swap_in_complete_creation_to_snapshot_history,0,True,,,,,
uniswap-v4,0x2cce9a55e2d1a31eafb370d03fed2d3b7cfe314c2a22f9e8c098bcfe229f8a83,2026-09-21T05:42:39+00:00,excluded,no_swap_in_complete_creation_to_snapshot_history,0,True,,,,,
uniswap-v4,0x9fe6cf4f7bcd49bfeae1731f194f86a63e85127f7fd82387085b9649da3e5fe0,2026-09-21T05:43:57+00:00,excluded,no_remaining_lp_principal,206,True,,,,,
uniswap-v4,0x7fc8d1ac7d44d24a286de0f3715a0f7e1d1d49cb99646ad1962d2873440c1b66,2026-09-21T05:44:23+00:00,excluded,no_swap_in_complete_creation_to_snapshot_history,0,True,,,,,
uniswap-v4,0x9dd3f52e83f4afc8109c1dfd53a3d1defae37ae451bb9315a56b0686685f3df1,2026-09-21T05:45:09+00:00,excluded,no_swap_in_complete_creation_to_snapshot_history,0,True,,,,,
uniswap-v4,0xdbf10d611a1608f4d9da9f3873072e06e857e8d953b3c38c8d05b9ec90ebc18b,2026-09-21T05:45:17+00:00,unresolved,token_lp_or_usd_conditions_unverified,1,True,,,,,
uniswap-v4,0xcb295bcead63e8350ffae5626c210fe707b3dd0d206e68d710ecc37a7a78b4b5,2026-09-21T05:45:19+00:00,excluded,no_remaining_lp_principal,273,True,,,,,
uniswap-v4,0x49270f43a62e46d1421041897a496a698fd3c669d7b0ee8ddc9adf465442b58c,2026-09-21T05:45:33+00:00,unresolved,token_lp_or_usd_conditions_unverified,1,True,,,,,
uniswap-v4,0x0d6c7a40fc981e13696544c60cf1ac3c9dec2083078066b3a20e66d08403f0a1,2026-09-21T05:45:35+00:00,excluded,no_swap_in_complete_creation_to_snapshot_history,0,True,,,,,
uniswap-v4,0x10ba469b746c726e2a0da244403ff66d5d31cf8707d0eae2eb342e849ea4e6ff,2026-09-21T05:46:25+00:00,excluded,no_swap_in_complete_creation_to_snapshot_history,0,True,,,,,
uniswap-v4,0x64b6e9a0053f8923e0f813368e3a60fae7a240d33b5db764ce7ec99143e07a62,2026-09-21T05:46:27+00:00,excluded,no_swap_in_complete_creation_to_snapshot_history,0,True,,,,,
uniswap-v4,0xa151e8d9f572a2ec0cb707f7a77fa1fefca4e6f338f05b9cf6513d8db225afdd,2026-09-21T05:47:51+00:00,excluded,no_remaining_lp_principal,4,True,,,,,
uniswap-v4,0x7b486ec8579d69fa6ee769fa8a127e45c38ec71b4cefa41372f7178b6d653f6a,2026-09-21T05:47:51+00:00,unresolved,token_lp_or_usd_conditions_unverified,1,True,,,,,
uniswap-v4,0x35490c808eb5dd6fa326f07459b7f1ff079e292cd91751eb40c2a5eba24ce0fd,2026-09-21T05:47:57+00:00,excluded,no_swap_in_complete_creation_to_snapshot_history,0,True,,,,,
uniswap-v4,0x31f1ec28641f1ace4eacbd7347687aeb470fec2ac281843bbb11a0cc7341f2e1,2026-09-21T05:48:13+00:00,excluded,no_remaining_lp_principal,84,True,,,,,
uniswap-v4,0x0646d295a54263debd559986c3725d24217d87bd543f146e53322a934eb4c69c,2026-09-21T05:48:17+00:00,excluded,no_swap_in_complete_creation_to_snapshot_history,0,True,,,,,
uniswap-v3,0xc3f74522da3b5caa02c3f205753774f701ac1440,2026-09-21T05:48:45+00:00,excluded,no_swap_in_complete_creation_to_snapshot_history,0,True,,,,,
uniswap-v4,0x0f8f33fe483ced1fa568b587cdcc24d4984963c08e16e506166e6f87ca82dee6,2026-09-21T05:49:27+00:00,excluded,no_remaining_lp_principal,56,True,,,,,
uniswap-v4,0xe8173b67831b6f4a24d2980b60650a3f09d3edfb3b89727867c2b7f59f59e7d3,2026-09-21T05:50:51+00:00,unresolved,token_lp_or_usd_conditions_unverified,107,True,,,,,
uniswap-v4,0xc50d0f8b711b100b78961c8bc33c9cf8b488953c61c1a861a4519e4334835b98,2026-09-21T05:51:01+00:00,excluded,no_swap_in_complete_creation_to_snapshot_history,0,True,,,,,
uniswap-v4,0x4905eb7fcb602fe44c77a9cbffbb17feed43e1d5d120002195413bb0e6afa640,2026-09-21T05:51:37+00:00,unresolved,token_lp_or_usd_conditions_unverified,3,True,,,,,
uniswap-v4,0x95ddd78b5cd2605074280b1af18ba5351a527d566f7002a466691bbbc8e7eee5,2026-09-21T05:52:43+00:00,excluded,no_remaining_lp_principal,5,True,,,,,
uniswap-v4,0xfb417ee4babf190c2cbc41bc3e584a51b85d5a66108a0168e91623da1ddd02c3,2026-09-21T05:52:51+00:00,excluded,no_remaining_lp_principal,128,True,,,,,
uniswap-v4,0x358af423db3741e1e578d169c79110906664893bd55edb891cae44fd3d4091e0,2026-09-21T05:52:55+00:00,excluded,no_swap_in_complete_creation_to_snapshot_history,0,True,,,,,
uniswap-v4,0x5d3986a218d1858e5a0b7a7d3dfc090b56ff064fdd37e32e05b11d33eb4681cb,2026-09-21T05:53:03+00:00,excluded,no_swap_in_complete_creation_to_snapshot_history,0,True,,,,,
uniswap-v4,0x915d37d77784c691b1baab88ab0ca499508725010125822b3f73b16f96cacaea,2026-09-21T05:54:03+00:00,excluded,no_swap_in_complete_creation_to_snapshot_history,0,True,,,,,
uniswap-v4,0x5652def371c18e83b1433fd0c6cd52b1387b6f50b15660891c8a94b58e59e265,2026-09-21T05:54:59+00:00,excluded,no_remaining_lp_principal,22,True,,,,,
uniswap-v4,0x58e04140fafda6a5df5855b9a666b2dff90a72bfa1d83dabbd8b57b90c58c9ee,2026-09-21T05:55:37+00:00,excluded,no_swap_in_complete_creation_to_snapshot_history,0,True,,,,,
uniswap-v4,0xe8b9b060b350a3a7ffd6d53a0c18e645b14173e64b0af66d62eedfb0b9cc9f90,2026-09-21T05:55:41+00:00,excluded,no_swap_in_complete_creation_to_snapshot_history,0,True,,,,,
uniswap-v4,0x9552987f9931331aa088791833f16289f9d3e779d547a31019d80b700fd99b65,2026-09-21T05:56:05+00:00,excluded,no_remaining_lp_principal,207,True,,,,,
uniswap-v4,0x8790db7041d72662d737a13375f2813197bd33567df78cb54b978cee09234ada,2026-09-21T05:57:13+00:00,excluded,no_swap_in_complete_creation_to_snapshot_history,0,True,,,,,
uniswap-v4,0xe107587255a901fe559c9921b6339388d0430e24e7ba1891e798f243fdf346be,2026-09-21T05:57:17+00:00,excluded,no_swap_in_complete_creation_to_snapshot_history,0,True,,,,,
uniswap-v4,0x60e8c10b2994ce551d70a3fbbc5b7340d1d85d8375d62a61a8fc13340e79665e,2026-09-21T05:58:15+00:00,excluded,no_swap_in_complete_creation_to_snapshot_history,0,True,,,,,
uniswap-v4,0x482729874e7d33c5c7d6beb6a1eaecc9efdc07c9e1fd78f52df07916ed70bceb,2026-09-21T05:58:19+00:00,excluded,no_swap_in_complete_creation_to_snapshot_history,0,True,,,,,
uniswap-v4,0x15e9bbae6f6cf01ca3703de008274e9f2d740605ec80c8b28f231d5ec6a11949,2026-09-21T05:58:29+00:00,unresolved,token_lp_or_usd_conditions_unverified,4,True,,,,,
uniswap-v4,0xe7309ccf3eda509971039474ec3583c86dce13dcb78c8b1a9089b125c6f4d604,2026-09-21T05:58:57+00:00,excluded,no_remaining_lp_principal,227,True,,,,,
uniswap-v4,0x3da46f1a2e4f22091d8859f924e71a4ee796599e019fb9673d45665145bc876d,2026-09-21T05:58:57+00:00,excluded,no_swap_in_complete_creation_to_snapshot_history,0,True,,,,,
uniswap-v4,0xe25ddb524307176cf06cc3e8cff7124d87681710612eeb689572d6f5107b7003,2026-09-21T05:59:25+00:00,unresolved,token_lp_or_usd_conditions_unverified,1,True,,,,,
uniswap-v4,0x0a6bf2ff35ca62e7b266705e60bd552846fe25a8ad81127b0b14ed79a25849f2,2026-09-21T06:00:07+00:00,excluded,no_remaining_lp_principal,74,True,,,,,
uniswap-v4,0xa025fc605e3e9b5655e91f75253eeb2280a1e93915ac6334e33f9eb7d3e8c82c,2026-09-21T06:00:11+00:00,excluded,no_swap_in_complete_creation_to_snapshot_history,0,True,,,,,
uniswap-v4,0x08230c2da0cc64e2be3ff42cc738400a5654416a7dae42d52ffc713a4e2cd2a0,2026-09-21T06:00:27+00:00,unresolved,token_lp_or_usd_conditions_unverified,1,True,,,,,
uniswap-v4,0x3949f5002f89803903653444ba43f92b407ae9a26c3edcd0ffd7eee9c4a6cb60,2026-09-21T06:00:27+00:00,excluded,no_remaining_lp_principal,235,True,,,,,
uniswap-v4,0x777780f03ba21274eeabec453580a10af8c3d1eca7a8ceed3a8e473fbebd7477,2026-09-21T06:00:55+00:00,excluded,no_swap_in_complete_creation_to_snapshot_history,0,True,,,,,
uniswap-v4,0x27ee455d7ab386a74915c5e094571058ee6c70709add3e736d1feeb9c2bc798a,2026-09-21T06:00:59+00:00,excluded,no_swap_in_complete_creation_to_snapshot_history,0,True,,,,,
uniswap-v4,0xbdde8f3fee7750498e4334259b88e740d767bcbafb990507c7f9513c5f1ca06a,2026-09-21T06:02:33+00:00,excluded,no_remaining_lp_principal,5,True,,,,,
uniswap-v4,0xa7390eab7a51792a55b1ffb9a0692e99bdc113b799d7901c2eb96d4c6e621e76,2026-09-21T06:02:51+00:00,unresolved,token_lp_or_usd_conditions_unverified,1,True,,,,,
uniswap-v4,0x35484c49354c8d574f3985a522cca1d9e692e00a2d1e579220f25cba181f56f9,2026-09-21T06:04:35+00:00,excluded,no_swap_in_complete_creation_to_snapshot_history,0,True,,,,,
uniswap-v4,0x71644f9fb2c38600f72e1a5ad520cb05d216afcd123658d43b499f6de24062d1,2026-09-21T06:04:35+00:00,excluded,no_swap_in_complete_creation_to_snapshot_history,0,True,,,,,
uniswap-v4,0x1dd80dd12442e8c9ed27298c907fc30e4236d0be98554f5b9ff53ba83b98f930,2026-09-21T06:04:39+00:00,excluded,no_swap_in_complete_creation_to_snapshot_history,0,True,,,,,
uniswap-v4,0xaa37efa5c2fd4f603161c97546a78f19c5aa5e50e7870d1d6f0d82ab81f28ac4,2026-09-21T06:04:43+00:00,unresolved,token_lp_or_usd_conditions_unverified,1,True,,,,,
uniswap-v4,0x52b3cdc421495d800855867193535178fee03bbb874e75e5dd04e2ba76add023,2026-09-21T06:07:31+00:00,excluded,no_swap_in_complete_creation_to_snapshot_history,0,True,,,,,
uniswap-v4,0xbd41d60342f7687b455a16a0c1112cf234fb2627701550e73bdecfebe388d557,2026-09-21T06:07:35+00:00,excluded,no_swap_in_complete_creation_to_snapshot_history,0,True,,,,,
uniswap-v4,0xeddba66d6f699a2925a2ba1673f88fa0268aab51211805e21fa8b5797b0a992d,2026-09-21T06:07:47+00:00,excluded,no_swap_in_complete_creation_to_snapshot_history,0,True,,,,,
uniswap-v4,0xaeff6cee6dc77b9db37cdb2713f400fdecb985591f20f7776bf0ba240c9a89c5,2026-09-21T06:08:21+00:00,excluded,no_remaining_lp_principal,70,True,,,,,
uniswap-v4,0xfe8e678e34b3f32225a4728202adbb372a2a0691d829df6997119409f7222805,2026-09-21T06:09:47+00:00,excluded,no_swap_in_complete_creation_to_snapshot_history,0,True,,,,,
aerodrome,0x0af4e6ee8cde410eb0779ab327b1e5dd620a3f06,2026-09-21T06:10:01+00:00,excluded,no_swap_in_complete_creation_to_snapshot_history,0,True,,,,,
uniswap-v4,0xfdef852816363280980b42ccbfe0504fb05a399d98a2c135f0021c0bec9470d6,2026-09-21T06:10:03+00:00,unresolved,token_lp_or_usd_conditions_unverified,1009,True,,,,,
aerodrome,0xe74e3f51364ceb93f4b1263f47cf21faaa059f00,2026-09-21T06:10:05+00:00,excluded,no_swap_in_complete_creation_to_snapshot_history,0,True,,,,,
aerodrome,0x197a0913acc071cc6d0b5611a72b65f5838797ee,2026-09-21T06:10:53+00:00,excluded,no_swap_in_complete_creation_to_snapshot_history,0,True,,,,,
uniswap-v4,0x9103cde41dcd62af714ee3bbf0fff6b8fdd5f5bbeaaf50101ab3e8610b76d4a5,2026-09-21T06:11:03+00:00,excluded,no_swap_in_complete_creation_to_snapshot_history,0,True,,,,,
uniswap-v4,0x63f881b852c2a4ae62231e26eae2ed33f5d951361f7d21214a982a3a215a90e4,2026-09-21T06:11:31+00:00,excluded,no_swap_in_complete_creation_to_snapshot_history,0,True,,,,,
uniswap-v4,0x1ca32a1e1549f62b005d4ed0821623b0c0d2a64a5d5519d6a2725a7e823b3032,2026-09-21T06:12:03+00:00,excluded,no_remaining_lp_principal,85,True,,,,,
uniswap-v4,0x1ff205b451264832ac29730f2d6931d415834b60f080433ff6e72508f7b17292,2026-09-21T06:12:07+00:00,excluded,no_swap_in_complete_creation_to_snapshot_history,0,True,,,,,
uniswap-v4,0xb576a8b44431be3a65494197cb5275135ed942aae783f5c7017775b512dcf700,2026-09-21T06:12:39+00:00,excluded,no_remaining_lp_principal,5,True,,,,,
uniswap-v4,0x6dd278769afd6a79ba4425534c0a11dcb845fc23cb15dacbead644bfcc043b60,2026-09-21T06:12:45+00:00,excluded,no_remaining_lp_principal,194,True,,,,,
uniswap-v4,0xd17dbd9a27002ba66d640a0d7ee213aea17406d3a85a0268fd7bceab5ce92b73,2026-09-21T06:14:49+00:00,excluded,no_swap_in_complete_creation_to_snapshot_history,0,True,,,,,
uniswap-v4,0x8f18dbdfcac0c240071727d00da9cb12cd02bf4e28ac73c0a332ed54ca4dc3e7,2026-09-21T06:15:07+00:00,excluded,no_remaining_lp_principal,131,True,,,,,
uniswap-v4,0xb0fa8fdd6af9cca9ac8e697e487c2dfc737651d0d8218da1ed77887bb3f51b37,2026-09-21T06:15:11+00:00,excluded,no_swap_in_complete_creation_to_snapshot_history,0,True,,,,,
uniswap-v4,0x6609f40bde8b922419b629e9a08d3ab1780e2afcc0e1210f9a176ff9ad23ecc9,2026-09-21T06:15:17+00:00,unresolved,token_lp_or_usd_conditions_unverified,1,True,,,,,
uniswap-v4,0x2474af5cca96a649759a9c0e133ce587c154c99201eafc20919a097f56e38557,2026-09-21T06:15:37+00:00,excluded,no_remaining_lp_principal,25,True,,,,,
uniswap-v3,0x80ff3c13eac638afb55202bf4dfda121dbfc1afb,2026-09-21T06:16:59+00:00,excluded,positive_lp_share_withdrawal_succeeded,1,True,,,,,
uniswap-v4,0x38680aee1ff30c85bc57508625783fce01fb3c29bfb71d81d34f2b5ea2333558,2026-09-21T06:17:01+00:00,excluded,no_swap_in_complete_creation_to_snapshot_history,0,True,,,,,
uniswap-v4,0x20151a828830d0bd66d12073aea7fe0d09b2ac4386e75efa0a048a81004c37de,2026-09-21T06:17:17+00:00,excluded,no_remaining_lp_principal,276,True,,,,,
uniswap-v4,0x5a42348fd8bdf20a6a667d8da1e246fc15efe051a65d3fa1836a99cb211a6e73,2026-09-21T06:17:41+00:00,excluded,no_swap_in_complete_creation_to_snapshot_history,0,True,,,,,
uniswap-v4,0x1ab5ca499d67a8fa84fde8fdff272b5e24aef3938f705a9f27dd2e2a2c2780c0,2026-09-21T06:17:51+00:00,unresolved,token_lp_or_usd_conditions_unverified,1,True,,,,,
uniswap-v3,0x1cb8dc2c4f7f40f1bb389378ef42e74722d8ef4d,2026-09-21T06:17:57+00:00,excluded,positive_lp_share_withdrawal_succeeded,1,True,,,,,
uniswap-v4,0xb0a9eb190d00428c9d712a59a9e2d4b7faf439ac7935d39636c4429af7666581,2026-09-21T06:18:05+00:00,unresolved,token_lp_or_usd_conditions_unverified,1,True,,,,,
uniswap-v4,0xaba5986f869a058afa945479167cb17410c5e8fdc2504ee7ed70419d7e8d134f,2026-09-21T06:18:07+00:00,excluded,no_swap_in_complete_creation_to_snapshot_history,0,True,,,,,
uniswap-v4,0x96408b98557ed12ec2857c578edbdc27ceeb822dfea0b17a614b2fb6b8bce538,2026-09-21T06:18:23+00:00,excluded,no_remaining_lp_principal,19,True,,,,,
uniswap-v4,0x02cb42062f288b31676419716e7790113a3f08a2b6cbfda24c6f2357f2bca384,2026-09-21T06:18:57+00:00,excluded,no_remaining_lp_principal,281,True,,,,,
uniswap-v4,0xbb01b44b45954684aee4590ccc847fee030f4f2fd1e3e95dc9fe6e29e24675df,2026-09-21T06:19:01+00:00,excluded,no_swap_in_complete_creation_to_snapshot_history,0,True,,,,,
uniswap-v4,0xce5657054327b7c2dfe19884a37b574d69ead951d6fc0c77b136e2de92b8d74a,2026-09-21T06:21:13+00:00,excluded,no_swap_in_complete_creation_to_snapshot_history,0,True,,,,,
uniswap-v4,0xa88d6975faad2ca6f140ea0dcb2cc8507ddbfd25266a76c5e37da365bd8d124c,2026-09-21T06:21:45+00:00,excluded,no_remaining_lp_principal,9,True,,,,,
uniswap-v4,0xfe1942d47665146dcf0b28780a9ef9ec6097ac38dc30a264710c0f62afefe8ab,2026-09-21T06:22:25+00:00,excluded,no_swap_in_complete_creation_to_snapshot_history,0,True,,,,,
uniswap-v4,0x49e8a879ed880e168fa8659d4aac68b7f2266ef93b9edb27ba6fc4be38dcc81b,2026-09-21T06:22:37+00:00,excluded,no_swap_in_complete_creation_to_snapshot_history,0,True,,,,,
uniswap-v4,0xa0e903a3b5a1f940ec01ac2e7bd0aec03dd905be7634f028a1289dc7c3223e81,2026-09-21T06:22:41+00:00,excluded,no_swap_in_complete_creation_to_snapshot_history,0,True,,,,,
uniswap-v4,0x4674dba3e6a52592b8cea69c0fe5a0b20dfd00add5a1bc56a560b9dd5cd660ae,2026-09-21T06:22:41+00:00,excluded,no_remaining_lp_principal,5,True,,,,,
uniswap-v4,0x0761b252a8d13478e44284cdd8222e50782bdbf93ba763467379f2c8f4138e32,2026-09-21T06:23:27+00:00,unresolved,token_lp_or_usd_conditions_unverified,30,True,,,,,
uniswap-v4,0x195dedcf11aadc9aa17509ec82cf8f6e00e68039f6deb083b93eddda06c6e34d,2026-09-21T06:23:31+00:00,excluded,no_swap_in_complete_creation_to_snapshot_history,0,True,,,,,
uniswap-v4,0x6815dbe4d2ca08d2cea0699b78818539326fed4b147d403cd661b3294bae89b4,2026-09-21T06:23:53+00:00,unresolved,token_lp_or_usd_conditions_unverified,19,True,,,,,
uniswap-v4,0x296f7afa063bd2959b984ad6ddb8a63d091de1281a6892bd597c5325288ff6ae,2026-09-21T06:23:57+00:00,excluded,no_swap_in_complete_creation_to_snapshot_history,0,True,,,,,
uniswap-v4,0x38272eb79a7d53642b96b68b0fc97878ea155b0050d81d424fa27fb79f4a0de1,2026-09-21T06:23:57+00:00,excluded,no_remaining_lp_principal,85,True,,,,,
uniswap-v4,0x8b7a8f89b91e70390a5f1e6f7d4f27bbb13858f93fc021d7300c7fe330bd4ada,2026-09-21T06:24:01+00:00,excluded,no_swap_in_complete_creation_to_snapshot_history,0,True,,,,,
uniswap-v4,0x9bf4c32287e7f713534424382f9bc6739ca6d5107a371ba6afd820106ead3724,2026-09-21T06:24:51+00:00,excluded,no_remaining_lp_principal,216,True,,,,,
uniswap-v4,0xc3b9fbbe257d5405ca62651ce8039a6f38355950c830b6b985bbe592b9f0d83d,2026-09-21T06:25:19+00:00,unresolved,token_lp_or_usd_conditions_unverified,16,True,,,,,
uniswap-v4,0x48f790ac65ae6ea876714b396e10f6182397944cfae76944c4e307a0ae8b2f5e,2026-09-21T06:25:23+00:00,excluded,no_swap_in_complete_creation_to_snapshot_history,0,True,,,,,
uniswap-v4,0x629c8872d988dcf1ce38b406a7f4f2b58c9ece8cdc0aa230c786aacc8fc1056a,2026-09-21T06:25:39+00:00,excluded,no_remaining_lp_principal,650,True,,,,,
uniswap-v4,0x3df209094b159fef53c875f35351db032205593f52834d8ce63e6bfa46405288,2026-09-21T06:25:41+00:00,unresolved,token_lp_or_usd_conditions_unverified,3,True,,,,,
uniswap-v4,0x3fe70d4d5f99dfd31c8593fcad7e262e628b432e80527f4764b7af1bcaa4f3a6,2026-09-21T06:28:19+00:00,unresolved,token_lp_or_usd_conditions_unverified,4,True,,,,,
uniswap-v4,0x5d5ee5ae2d4bb59fc192ec35dcde465ffde691a9bf960669c17e2a9acaceff30,2026-09-21T06:28:39+00:00,unresolved,token_lp_or_usd_conditions_unverified,1,True,,,,,
uniswap-v4,0x08f7258c7055a35dca38ec420341e71375074ffe02c39465879cc190c49274ce,2026-09-21T06:29:53+00:00,unresolved,token_lp_or_usd_conditions_unverified,1,True,,,,,
uniswap-v4,0xa434090dde17c96ab2f5e634ab62bc2367546c1a238bf4c21fdcdf425e326de0,2026-09-21T06:30:21+00:00,unresolved,token_lp_or_usd_conditions_unverified,1,True,,,,,
uniswap-v4,0xa51c216f857beb862590af914c4bdafe92f46a9ae4bae5ad1be7c02efb61b82f,2026-09-21T06:30:23+00:00,excluded,no_swap_in_complete_creation_to_snapshot_history,0,True,,,,,
uniswap-v4,0x61b9b5188759d6e1cdafbd053286bb345a772983523de71bbff65e1bb9d86b9c,2026-09-21T06:32:25+00:00,excluded,no_remaining_lp_principal,46,True,,,,,
uniswap-v4,0x0610efeea97151446fcd30b669cfe433e411e67f8f28671df913cbf2558ed7f0,2026-09-21T06:32:39+00:00,excluded,no_remaining_lp_principal,5,True,,,,,
uniswap-v4,0x44c52c29bf3029c39db0e15f58d959961d29e82ed19be2003f0fe00106b12fd3,2026-09-21T06:32:51+00:00,unresolved,token_lp_or_usd_conditions_unverified,1,True,,,,,
uniswap-v4,0x5e9519a01304ec931235c05db2fd314e28e00df70899e794dac69f2d5971097e,2026-09-21T06:33:59+00:00,excluded,no_swap_in_complete_creation_to_snapshot_history,0,True,,,,,
uniswap-v4,0x0732abcf512dc787e18a621149e872b50b1ee5d96ef7e337bb38cbcf2d93021c,2026-09-21T06:34:29+00:00,excluded,no_remaining_lp_principal,131,True,,,,,
uniswap-v4,0xfdba51412a76e487d16e188f093b69c26be0f70fae5e3cf2746c4ae703a8ad46,2026-09-21T06:34:33+00:00,excluded,no_swap_in_complete_creation_to_snapshot_history,0,True,,,,,
uniswap-v4,0xb86fede7528261f897725b500eaed1748a61ba8abc93768cc26bb0b3f25d71df,2026-09-21T06:35:17+00:00,excluded,no_remaining_lp_principal,252,True,,,,,
uniswap-v4,0x4a7998e681755672d7731deffa3153709959a35ede467498560ff10b3c168303,2026-09-21T06:36:33+00:00,excluded,no_swap_in_complete_creation_to_snapshot_history,0,True,,,,,
uniswap-v4,0x1c2d3821b2ef1ae73316cdce231c6beb8408d678fc687d4d6821ba8e84bb5182,2026-09-21T06:36:59+00:00,excluded,no_remaining_lp_principal,196,True,,,,,
uniswap-v4,0xd5ee1529ee7588e561025179469c76f90c4e26f7be6766e422eab2d3b43448e5,2026-09-21T06:37:33+00:00,excluded,no_remaining_lp_principal,85,True,,,,,
uniswap-v4,0x73bfa8eccdbc6e80a26bd97057305bab7764af846c95deed9933b37195b02120,2026-09-21T06:37:37+00:00,excluded,no_swap_in_complete_creation_to_snapshot_history,0,True,,,,,
uniswap-v4,0x71fe49be311200479be16def1a56668380b916bdc48c77417477219636794a55,2026-09-21T06:37:55+00:00,excluded,no_swap_in_complete_creation_to_snapshot_history,0,True,,,,,
uniswap-v4,0x92b36ec89b3fd04c0b9801ec2475f149154e408cbbcb2722a1ecb2362bb618b0,2026-09-21T06:38:43+00:00,excluded,no_remaining_lp_principal,37,True,,,,,
uniswap-v4,0x55ed1ae6df9036a94776a84a01b5538a4eb7a6635e3aae4ffe5e67bf6ab0e539,2026-09-21T06:39:03+00:00,unresolved,token_lp_or_usd_conditions_unverified,4,True,,,,,
uniswap-v4,0xb38737fd082063ef9f262407838dbcb9081de6aac9bc604513f6417753b3ccf4,2026-09-21T06:39:55+00:00,excluded,no_swap_in_complete_creation_to_snapshot_history,0,True,,,,,
uniswap-v4,0x27f5f351637aa897c2bab5df153ae7fd736fb33f667a73cafc6e5a5853f0a228,2026-09-21T06:41:25+00:00,unresolved,token_lp_or_usd_conditions_unverified,1,True,,,,,
uniswap-v3,0x8edec0dfb6d8253969204c7f2e99e8c01dda33a7,2026-09-21T06:42:09+00:00,excluded,positive_lp_share_withdrawal_succeeded,7,True,,,,,
uniswap-v4,0x9d85e69a41576a02975cf7cef71b1bf89ee947d189d25aacfa076cbbce3f72b4,2026-09-21T06:42:37+00:00,excluded,no_remaining_lp_principal,5,True,,,,,
uniswap-v4,0x2f07672c598423290efb035eb0b424ad1e56ff20f1efcc598874084418632928,2026-09-21T06:43:01+00:00,excluded,no_remaining_lp_principal,721,True,,,,,
uniswap-v4,0x162972fe7c7aa66d625f229c7f432e07a38c6742d7ac0e5703aa74e11c32e77a,2026-09-21T06:44:15+00:00,unresolved,token_lp_or_usd_conditions_unverified,6,True,,,,,
uniswap-v4,0x96b161e61cd11cee99d49860324a4dae44a29108b4f9fc4b7096c1f6437da844,2026-09-21T06:45:11+00:00,excluded,no_swap_in_complete_creation_to_snapshot_history,0,True,,,,,
uniswap-v4,0xcbb36a829a14f7b10867d3e53c20710732a21c17113238c6cc7b47fd9bebbd60,2026-09-21T06:45:11+00:00,excluded,no_swap_in_complete_creation_to_snapshot_history,0,True,,,,,
uniswap-v4,0xd3f007f07f1ad2d3a55c2c23c78d53ef062cd22d8eed4554164ade3ce4e50224,2026-09-21T06:45:17+00:00,unresolved,token_lp_or_usd_conditions_unverified,1,True,,,,,
uniswap-v4,0xfc9af796fa7e1c61f39c2d2cc1859b902c2bd9285dc4de20e2085b29d5744e20,2026-09-21T06:46:43+00:00,excluded,no_swap_in_complete_creation_to_snapshot_history,0,True,,,,,
uniswap-v4,0x7cab23304a4c9e72b65244871e510fd57128953a8c8a1d5d7d273ff649e19a58,2026-09-21T06:46:47+00:00,excluded,no_swap_in_complete_creation_to_snapshot_history,0,True,,,,,
uniswap-v4,0x7c739efde98dd65ccef71a30cd685bb6d5e4e5119cbc7ce957ad95d3563f79fc,2026-09-21T06:47:51+00:00,unresolved,token_lp_or_usd_conditions_unverified,1,True,,,,,
uniswap-v4,0x4947bee8e6798af574cdf8b0aa7a5109bb0a8bc6047e0e9483c73b54a8492b22,2026-09-21T06:48:03+00:00,excluded,no_swap_in_complete_creation_to_snapshot_history,0,True,,,,,
uniswap-v4,0x6574cab7e0520b43cb723b749ec2b98425b32a97f3db69b5194b75dc5bf51690,2026-09-21T06:49:15+00:00,excluded,no_remaining_lp_principal,30,True,,,,,
uniswap-v4,0x2d50384fb1c43883e5b87a8bc8292d3d5e18dfe9ba34c0049a0e9babc2cce96d,2026-09-21T06:49:33+00:00,excluded,no_swap_in_complete_creation_to_snapshot_history,0,True,,,,,
uniswap-v4,0x1d1bc75df9b63850569ee02054a7c6a455d5e40e6e58f4add7ffac91608ce326,2026-09-21T06:49:33+00:00,excluded,no_remaining_lp_principal,85,True,,,,,
uniswap-v4,0xafee1cf06f6d5fef0196addbfb30933224fe786309acf4e354e1776c10f8bb46,2026-09-21T06:49:37+00:00,excluded,no_swap_in_complete_creation_to_snapshot_history,0,True,,,,,
uniswap-v4,0x4a5f9ad75c7c6eecdf9a4fcece75cfc5d3280ff2637630e61c1f8ffc4c2fd996,2026-09-21T06:49:39+00:00,excluded,no_swap_in_complete_creation_to_snapshot_history,0,True,,,,,
uniswap-v4,0x0cd5fbf546dc86de884fcacaf90a63ef29d987d9654649dbf5219ebecdd5e0b7,2026-09-21T06:50:45+00:00,excluded,no_remaining_lp_principal,230,True,,,,,
uniswap-v4,0x3b1292c8432176ca24ab791139e53b16d3b0d32c4e0892a3a06638d50e2a1a40,2026-09-21T06:51:23+00:00,excluded,no_remaining_lp_principal,229,True,,,,,
uniswap-v4,0x408b587590511d96115da1ea2739febb3b0a9d0ede2b26a52fa8af9558c4b8cc,2026-09-21T06:51:37+00:00,excluded,no_swap_in_complete_creation_to_snapshot_history,0,True,,,,,
uniswap-v4,0x3dab2d28eaf13f5952bf7085b63c1a3f0ee1c51640ccc8e7e1726c51f767399c,2026-09-21T06:51:41+00:00,excluded,no_swap_in_complete_creation_to_snapshot_history,0,True,,,,,
uniswap-v4,0xb2aeaab6e850ed15e996084b8d733b560333cdab3416a0ff5018b91ae321db4a,2026-09-21T06:52:39+00:00,excluded,no_remaining_lp_principal,5,True,,,,,
uniswap-v4,0xbb2a34a6b5de177764635937473cd4478926a9001b18a067420e451453f1d9b6,2026-09-21T06:53:19+00:00,excluded,no_swap_in_complete_creation_to_snapshot_history,0,True,,,,,
uniswap-v4,0x8d04e530c6ccb226d0307532c5bb9b94494e3ba29f0fe32392d20461460bbd56,2026-09-21T06:53:21+00:00,unresolved,token_lp_or_usd_conditions_unverified,1,True,,,,,
uniswap-v4,0x031396a63e521af4defe623af2ac62af59ae88a56507dea32af84e96fde4f85e,2026-09-21T06:53:47+00:00,excluded,no_swap_in_complete_creation_to_snapshot_history,0,True,,,,,
uniswap-v4,0x95e4d066962d128cbe4b23d19f447429015950472e3db8438e49a00b5a5d1229,2026-09-21T06:54:01+00:00,excluded,no_swap_in_complete_creation_to_snapshot_history,0,True,,,,,
uniswap-v4,0x88509bd25fcdc526545c815cbf49b664755b4dcab9e69345f95b198242a94001,2026-09-21T06:54:01+00:00,excluded,no_remaining_lp_principal,131,True,,,,,
uniswap-v4,0x8121ae99db9ce2e3c3d99992d2d6b95833eb64c1e7c988b386bae6eb52763f26,2026-09-21T06:54:05+00:00,excluded,no_swap_in_complete_creation_to_snapshot_history,0,True,,,,,
uniswap-v4,0xd0bff4cc39a996dfa59950bb900fc4bd517507ff2fcadbe5abc1c46f67b5bf37,2026-09-21T06:54:07+00:00,excluded,no_swap_in_complete_creation_to_snapshot_history,0,True,,,,,
uniswap-v4,0xd7a61a6c094f3156e7ab59808214e004fb1292b8ac010e591d4b5eff5467d059,2026-09-21T06:54:49+00:00,unresolved,token_lp_or_usd_conditions_unverified,2,True,,,,,
uniswap-v4,0x7520a980a40e5e5f5a84d1edb169dedfe0f0d7c87844edeca108d1df6b147468,2026-09-21T06:54:53+00:00,excluded,no_swap_in_complete_creation_to_snapshot_history,0,True,,,,,
uniswap-v4,0xfc8f4353fd3411291e76e90fa764fc34cf3352ff51985285f19d5e80320653b1,2026-09-21T06:54:57+00:00,excluded,no_swap_in_complete_creation_to_snapshot_history,0,True,,,,,
uniswap-v4,0xa16c5719287ab91be0bc43acf6dd7b29eddf0e3cc0f4e8e8021fa094b8e234b1,2026-09-21T06:58:35+00:00,unresolved,token_lp_or_usd_conditions_unverified,15,True,,,,,
uniswap-v4,0xb126088fcd4a7a1436d2d5742a05a4eeecb040cd7bf758276409c376e6d4966c,2026-09-21T06:58:37+00:00,excluded,no_swap_in_complete_creation_to_snapshot_history,0,True,,,,,
uniswap-v4,0xb477d11cc9f457d61241da64b06c2e1d076a28d940a195be5c67841e55c4a5df,2026-09-21T06:59:33+00:00,unresolved,token_lp_or_usd_conditions_unverified,3,True,,,,,
uniswap-v4,0x0cf8825a11e119a04cee47c339bd282b07e9fd44579d0b29e79c6df1ac41676e,2026-09-21T07:00:27+00:00,unresolved,token_lp_or_usd_conditions_unverified,1,True,,,,,
uniswap-v4,0x9ad38b910590ff57909a1fea8bc1ffd7423d84052d7ddebba2e0e2b05085acd5,2026-09-21T07:00:57+00:00,unresolved,token_lp_or_usd_conditions_unverified,22,True,,,,,
uniswap-v4,0x33b34f2a6dfb01c0ed88c334e08d19e7dd7ca0307b2c8f6a6015e21fc990354a,2026-09-21T07:00:59+00:00,excluded,no_swap_in_complete_creation_to_snapshot_history,0,True,,,,,
uniswap-v3,0x7916d474568dfbcfbb3765df94313f7fe5b19edf,2026-09-21T07:01:21+00:00,excluded,positive_lp_share_withdrawal_succeeded,23,True,,,,,
uniswap-v4,0x42f54bd1bd91e0fea6a386d944c5f5f7b323fe192c14b37a8cc95e62194d9120,2026-09-21T07:01:27+00:00,excluded,no_remaining_lp_principal,86,True,,,,,
uniswap-v4,0x50ba02eaf944c1fb2d2b6b568de08585f1299a36e63d18706904f67dfd6f5a0a,2026-09-21T07:01:31+00:00,excluded,no_swap_in_complete_creation_to_snapshot_history,0,True,,,,,
uniswap-v4,0xa993edcf5da3431b91a7d6e0265087ec0a757ab4886e06d84dceac16a7428f0a,2026-09-21T07:02:27+00:00,excluded,no_swap_in_complete_creation_to_snapshot_history,0,True,,,,,
uniswap-v4,0xa16ece33b1c22d7d3bd1a7ad7c0da026edb37206b77d4f911db2ab3ac7fd6328,2026-09-21T07:02:29+00:00,unresolved,token_lp_or_usd_conditions_unverified,1,True,,,,,
uniswap-v4,0xbf348c85a4ced841ad2fe51ff1f4d739598f698862299ace058b83dead480c4f,2026-09-21T07:02:39+00:00,excluded,no_remaining_lp_principal,5,True,,,,,
uniswap-v4,0xe99b392049726bfbd7ce5db843af861e192145af6543b8b2ac23b0a7bd5e1742,2026-09-21T07:02:49+00:00,excluded,no_swap_in_complete_creation_to_snapshot_history,0,True,,,,,
uniswap-v4,0xbb1cd41fd9c9245cf0df55122e638e7b27ed3d2d7a6f3aca25581a93a3e7c491,2026-09-21T07:02:51+00:00,unresolved,token_lp_or_usd_conditions_unverified,7,True,,,,,
uniswap-v4,0xff76fe6940fe1ab0b0903ff86188b9441c70f7ae8dc6cba0b4bd28a301607fe5,2026-09-21T07:02:57+00:00,unresolved,token_lp_or_usd_conditions_unverified,8,True,,,,,
uniswap-v4,0x51053af68f7c2b8e3c65e2ec253a3297c63e468252f1e4f1faaedfe4ef8366f4,2026-09-21T07:03:41+00:00,excluded,no_remaining_lp_principal,32,True,,,,,
uniswap-v4,0x9fef5473c15ec8fe2381ef981340cf1f1e6b0268cd8f638f7365501dfc6b828f,2026-09-21T07:04:11+00:00,excluded,no_swap_in_complete_creation_to_snapshot_history,0,True,,,,,
uniswap-v4,0x0f8f52767f2dc2041bb4c64e0c92792bed5ff30e79aff09948919f27c90674e9,2026-09-21T07:04:29+00:00,excluded,no_swap_in_complete_creation_to_snapshot_history,0,True,,,,,
uniswap-v4,0x1cd0ebac1ba97a565b7eb53f46703988789ac059dea8b2846b2fb09df05fc1c4,2026-09-21T07:05:01+00:00,pass,reviewed_token_and_permanent_lp_conditions,5,True,RUNPOD,100_percent_permanent_source_reviewed,25764.263396,25.360792,3.0
uniswap-v4,0x33a632930eb711777e4c85ad2bf23830cc5a59fc34c4fb873dd54fd2d4302089,2026-09-21T07:05:33+00:00,excluded,no_swap_in_complete_creation_to_snapshot_history,0,True,,,,,
uniswap-v4,0xce97b7029e4203305364ac657ced32a4b7116cadc134ea1a8049bac1973ad682,2026-09-21T07:05:47+00:00,excluded,no_remaining_lp_principal,205,True,,,,,
uniswap-v4,0x1b381fd81f0298b31ce07ccc021c4598bb589cbf89f607bf2e78c2b9ad316c66,2026-09-21T07:06:03+00:00,excluded,no_remaining_lp_principal,1,True,,,,,
uniswap-v4,0x401d4041ec65fcf4064e641edad1da1714315efb46fca35e5a2e9b7fdd73870d,2026-09-21T07:06:21+00:00,excluded,no_remaining_lp_principal,144,True,,,,,
uniswap-v4,0x1095a6e8edf96d9e78d6ecfcd301749a100220b39d7f8510e4138320088f52db,2026-09-21T07:07:41+00:00,excluded,no_swap_in_complete_creation_to_snapshot_history,0,True,,,,,
uniswap-v4,0x7c32978c68685752f6dc5fefe4a7a4be10ea99df555c9da6d5bb07555a1bab10,2026-09-21T07:07:47+00:00,excluded,no_remaining_lp_principal,283,True,,,,,
uniswap-v4,0xb340847d2cdf426ce78275dd77fcdf2c421ab02fec30ea63825a8916ead4359e,2026-09-21T07:07:51+00:00,excluded,no_swap_in_complete_creation_to_snapshot_history,0,True,,,,,
uniswap-v4,0x752310c8eab5b57784c302acaf936f3d3ec9eb55671d731fdad15e81ac018f42,2026-09-21T07:07:51+00:00,excluded,no_swap_in_complete_creation_to_snapshot_history,0,True,,,,,
uniswap-v3,0x36bce83c2b0c6411017d5d0e56f086fba68fcb39,2026-09-21T07:09:09+00:00,excluded,no_swap_in_complete_creation_to_snapshot_history,0,True,,,,,
uniswap-v4,0xc10cfeb7f13151e0850bc301a3fc528d6feb6f0cf0ebd8e421207b1f4351e82e,2026-09-21T07:09:27+00:00,unresolved,token_lp_or_usd_conditions_unverified,2,True,,,,,
uniswap-v4,0xf5f15f87d88b5e8e0c1e9dd56613fd7fd87d4adf8327cdbb2196601527f095c3,2026-09-21T07:11:47+00:00,excluded,no_swap_in_complete_creation_to_snapshot_history,0,True,,,,,
uniswap-v4,0xb539d752de2c3eeb0e1e69bd423a02767f4912bc991c0d9289d438b12cc26bad,2026-09-21T07:12:27+00:00,excluded,no_remaining_lp_principal,1397,True,,,,,
uniswap-v4,0x626bdae2b99c7e2caf89ddb418547635a79a268d7ce26d257a8ad9535edb98e0,2026-09-21T07:12:41+00:00,excluded,no_remaining_lp_principal,4,True,,,,,
uniswap-v4,0x6f6aa0524bcfb5a88d28fb461e12250ef8959e81e1988a8bc099675246d37060,2026-09-21T07:12:45+00:00,excluded,no_swap_in_complete_creation_to_snapshot_history,0,True,,,,,
uniswap-v4,0x119fa66c1e3bc35f484485ba39e841e4babf86d22a5b097b0b0159f2ba80a0ff,2026-09-21T07:13:17+00:00,excluded,no_remaining_lp_principal,86,True,,,,,
uniswap-v4,0xff960ac6065c49b2822029032ed25b6516edd08aa6514767d2cbc100911c791b,2026-09-21T07:13:21+00:00,excluded,no_swap_in_complete_creation_to_snapshot_history,0,True,,,,,
uniswap-v4,0xb9789eac16338feb18d5daf29b62fefece55fbbba6b1f4ec996b202e152d9a10,2026-09-21T07:13:33+00:00,excluded,no_swap_in_complete_creation_to_snapshot_history,0,True,,,,,
uniswap-v4,0x90e3d06f949da4a26fb5acedbd31eb005676dc9fd1baa7d8391af97c964e1d75,2026-09-21T07:14:03+00:00,excluded,no_swap_in_complete_creation_to_snapshot_history,0,True,,,,,
uniswap-v4,0x4d190cc6320e86fe6d5b3c541ceb6ee249d5e5692d0717587a1a57caacc2c524,2026-09-21T07:15:17+00:00,unresolved,token_lp_or_usd_conditions_unverified,1,True,,,,,
uniswap-v4,0x1c08841587fdf7f84e2aaf6fedd96c54b12d314c514e2f5f16400df8c956fcc5,2026-09-21T07:16:21+00:00,excluded,no_remaining_lp_principal,132,True,,,,,
uniswap-v4,0x0abfe89f22e1f25a072f1e65cbc6ca4440a59e10c8ef520f14d97271ebdbadb2,2026-09-21T07:16:25+00:00,excluded,no_swap_in_complete_creation_to_snapshot_history,0,True,,,,,
uniswap-v4,0x02ed66f17322ae71376583ff8677180e6d135b30ecb67946dc282cc46c250233,2026-09-21T07:17:01+00:00,excluded,no_remaining_lp_principal,46,True,,,,,
uniswap-v4,0x33f82747938f9cd1e5fc836e8134cb9e1c3ecd332b7212d0863d7a8e316f9801,2026-09-21T07:17:51+00:00,unresolved,token_lp_or_usd_conditions_unverified,1,True,,,,,
uniswap-v4,0x0f3a76677010d54f9687a38841377effffef24d639a9901d8a86b73242f9754f,2026-09-21T07:17:55+00:00,excluded,no_remaining_lp_principal,200,True,,,,,
uniswap-v4,0x3d5f5bd40c79dc31d522d8e0e30fa01a97ff9e3010cb6fffd0e7c64250bb3093,2026-09-21T07:18:31+00:00,excluded,no_swap_in_complete_creation_to_snapshot_history,0,True,,,,,
uniswap-v4,0xbb1807058c81da08de5eaba3d2ca4ba007d5b31c1da6d6779532c9fafa782585,2026-09-21T07:20:17+00:00,unresolved,token_lp_or_usd_conditions_unverified,1,True,,,,,
uniswap-v4,0x75a926cd55972e262e744a5b100a881cac09fb65c94201ef064779dbb37c6d1c,2026-09-21T07:20:43+00:00,excluded,no_remaining_lp_principal,264,True,,,,,
uniswap-v4,0xe973e254bbb85119cb7087798028f31ee0d33940f9ce6cd267fe7a5b1fadf84b,2026-09-21T07:22:33+00:00,excluded,no_remaining_lp_principal,5,True,,,,,
uniswap-v4,0x0803fc2d62da2a67aba08d4c17077ad734c603673bc794343a08d608362ecf65,2026-09-21T07:25:11+00:00,excluded,no_remaining_lp_principal,84,True,,,,,
uniswap-v4,0x6d1446ec2be6384fef1054b4ad5b8cdcd4a34cb3aaaf424a5b2f0175aa6c889a,2026-09-21T07:25:15+00:00,excluded,no_swap_in_complete_creation_to_snapshot_history,0,True,,,,,
uniswap-v4,0xe3d0eeef9c8fb6d7c43a2a831eac978872d930587f5f76208f0cd9f9abbc9497,2026-09-21T07:25:17+00:00,unresolved,token_lp_or_usd_conditions_unverified,3,True,,,,,
uniswap-v4,0x9756b816197abc3ec125cb97ecd1ef70378ad49067ccb9d029e03bef687a10ac,2026-09-21T07:25:21+00:00,excluded,no_swap_in_complete_creation_to_snapshot_history,0,True,,,,,
uniswap-v4,0x26736ceaf756cbd65e80b80d65151f5a6eed235a362698333151d41a35cfa3cc,2026-09-21T07:25:41+00:00,excluded,no_swap_in_complete_creation_to_snapshot_history,0,True,,,,,
uniswap-v4,0xe4051110bf2fa98726275a641339a2865e3b102569a6dbbeffd96091340ba248,2026-09-21T07:26:41+00:00,excluded,no_swap_in_complete_creation_to_snapshot_history,0,True,,,,,
uniswap-v4,0x8224c51e3ef7b6551da9ff5edef6e42e86276fef868c89cc65c228a3075d1671,2026-09-21T07:28:43+00:00,excluded,no_swap_in_complete_creation_to_snapshot_history,0,True,,,,,
uniswap-v4,0xe6bc7d60718505f713f22e0e72cb32f05fad20ff07fb35b31a68cffbbbaa3ed0,2026-09-21T07:28:43+00:00,unresolved,token_lp_or_usd_conditions_unverified,1,True,,,,,
uniswap-v4,0xc8ee1cb8dc111442a70d812e1b2e7e6600daa48fbde3f609322c1fa2615f5bd0,2026-09-21T07:30:01+00:00,excluded,no_remaining_lp_principal,196,True,,,,,
uniswap-v4,0x795a365566b5ec8f6cf8c4655f3481593c07f57b5a5054bb689ced5cd0cbd9dd,2026-09-21T07:30:23+00:00,unresolved,token_lp_or_usd_conditions_unverified,1,True,,,,,
uniswap-v4,0xcb6210974f246ed62f4fce219f0ef9a6a24ef80e5e0878dd002db2940bbec93d,2026-09-21T07:32:17+00:00,unresolved,token_lp_or_usd_conditions_unverified,3,True,,,,,
uniswap-v4,0x244af385d9583887327bd0e9bf77dea955afb6604be87e2b404bb080be99d440,2026-09-21T07:32:41+00:00,excluded,no_remaining_lp_principal,1,True,,,,,
uniswap-v4,0xfe0e2f4cf585c0ab6190f60f4078f3cc2652a5e9c770cb7ea780baeec3d5da90,2026-09-21T07:33:11+00:00,unresolved,token_lp_or_usd_conditions_unverified,1,True,,,,,
uniswap-v4,0x7199429ac0e44c947b78dd659b80be12044800543eec58035a4d5e63de1474c3,2026-09-21T07:35:51+00:00,excluded,no_remaining_lp_principal,207,True,,,,,
uniswap-v4,0x32eadc54bcd19f083a5ff9219a3cfcb7f921a4a186caa009a1f906767fd136dc,2026-09-21T07:35:51+00:00,excluded,no_remaining_lp_principal,131,True,,,,,
uniswap-v4,0x9368ccba65cd965160a951e185b80e7e9562725d992fd47bf4f13f119e106212,2026-09-21T07:35:55+00:00,excluded,no_swap_in_complete_creation_to_snapshot_history,0,True,,,,,
uniswap-v4,0x1fe814cb208effebc7fd38bf84299eda5fd69bd19c44ba8d2e89e1bf05c893e8,2026-09-21T07:37:15+00:00,excluded,no_swap_in_complete_creation_to_snapshot_history,0,True,,,,,
uniswap-v4,0xef63e64a722babc209d301e1371d573362c05e41f460ac832a0425815c455bb5,2026-09-21T07:38:59+00:00,excluded,no_remaining_lp_principal,85,True,,,,,
uniswap-v4,0xa4a95b0f1735a1b670f5a507676611a43a04f2107afa82ad4dc5c9325145f0a4,2026-09-21T07:39:01+00:00,excluded,no_swap_in_complete_creation_to_snapshot_history,0,True,,,,,
uniswap-v4,0xd76dc54a123f31016b3603504c3c5bdb2ee0d272004b029f9888304fbdcacb37,2026-09-21T07:42:07+00:00,excluded,no_swap_in_complete_creation_to_snapshot_history,0,True,,,,,
uniswap-v4,0x98e7d66a68be84fd08f3f48309a093aec543abdc685042d5f7e002b0e7e6c3a2,2026-09-21T07:42:17+00:00,excluded,no_remaining_lp_principal,190,True,,,,,
uniswap-v4,0x91db2827807d917969df146b28e9673e6aded5a237b30c420800717b15083621,2026-09-21T07:42:35+00:00,excluded,no_remaining_lp_principal,1,True,,,,,
uniswap-v4,0x27f2f7a343aac315005233f53beebc9e578949080883eec5731c0c73f6ea3a3f,2026-09-21T07:44:23+00:00,excluded,no_swap_in_complete_creation_to_snapshot_history,0,True,,,,,
uniswap-v4,0xa79a2f0a1cb9a667abccee76369877c5326f2fc7d7b2a3e5bd3449db63e35b8c,2026-09-21T07:44:29+00:00,excluded,no_swap_in_complete_creation_to_snapshot_history,0,True,,,,,
uniswap-v4,0x3a7cc1f08fd2dc3376e3d6ef06b49eceeb7cfb3b76d082495c8992538beeeeb2,2026-09-21T07:44:33+00:00,excluded,no_swap_in_complete_creation_to_snapshot_history,0,True,,,,,
uniswap-v4,0x6eb0f7a854065283dbd383db39fd25f494b70633234e95fe734f5abc3be2dbec,2026-09-21T07:45:19+00:00,unresolved,token_lp_or_usd_conditions_unverified,1,True,,,,,
uniswap-v4,0xe5c339ac7fa9ed13047b31aeb4f4b046eecc73531b8df1a1f4ddc0d50e36a011,2026-09-21T07:45:43+00:00,unresolved,token_lp_or_usd_conditions_unverified,23,True,,,,,
uniswap-v4,0x9fc2d47ac6216e076a63db6977557fcb325885e9b73416e6b20e65169cb54e98,2026-09-21T07:46:21+00:00,excluded,no_swap_in_complete_creation_to_snapshot_history,0,True,,,,,
uniswap-v4,0x6f064b1ddfc3194fd41f14f743bb5302b93f583b57c9b1d2524999d3a24b6210,2026-09-21T07:47:51+00:00,unresolved,token_lp_or_usd_conditions_unverified,1,True,,,,,
uniswap-v4,0x36f6e9960027d3eeb04544c60180fdf1ec8a31e427fa4a21ee61c89544e4fc96,2026-09-21T07:48:07+00:00,excluded,no_swap_in_complete_creation_to_snapshot_history,0,True,,,,,
uniswap-v4,0xda84b6ba46f82cb0dd03ed274d2c004c5e094d0afcec13afdeab0cafbd4a360d,2026-09-21T07:48:25+00:00,excluded,no_swap_in_complete_creation_to_snapshot_history,0,True,,,,,
uniswap-v4,0x807306d0bbcccd9a5d87e81d14ff097b2d13215efdbc948550fea6dc660a4876,2026-09-21T07:48:29+00:00,excluded,no_swap_in_complete_creation_to_snapshot_history,0,True,,,,,
uniswap-v4,0x822f58392fec6dbcde128501caa116e4b2359b86839fde2759db0d718800eef8,2026-09-21T07:48:29+00:00,excluded,no_swap_in_complete_creation_to_snapshot_history,0,True,,,,,
uniswap-v4,0x7e84fc819cba99369bcf1c83734705ed390e067d059be20b55f93975441b5953,2026-09-21T07:48:33+00:00,excluded,no_swap_in_complete_creation_to_snapshot_history,0,True,,,,,
uniswap-v4,0xe8345b3de879657fcb6a5cfa6ca416d9fb7d018e0bcd0dfffcbb0a78b804c834,2026-09-21T07:48:57+00:00,unresolved,token_lp_or_usd_conditions_unverified,17,True,,,,,
uniswap-v4,0x4db72ec6ff278b168624fef149ef8754fc091495b0c0db356fb92a25ee8caf6c,2026-09-21T07:50:51+00:00,excluded,no_remaining_lp_principal,85,True,,,,,
uniswap-v4,0x4474d19cf93998916d32472db6291492ba8378c0dcab5626f73e72e0e70b4916,2026-09-21T07:50:55+00:00,excluded,no_swap_in_complete_creation_to_snapshot_history,0,True,,,,,
uniswap-v4,0xd4d95e8384819be4b90376a3796fa2472063627a62775760884d9e50ef4d56be,2026-09-21T07:51:07+00:00,excluded,no_remaining_lp_principal,139,True,,,,,
uniswap-v4,0x34a0e7f544a2c3b973db9253401e94d1fff9fe74475652fafe274370406c90cd,2026-09-21T07:52:39+00:00,excluded,no_swap_in_complete_creation_to_snapshot_history,0,True,,,,,
uniswap-v4,0xd47a822c669da923e969e2942da9e8f9541b8ff73be1dcce9e29e4b2497ac62f,2026-09-21T07:52:51+00:00,excluded,no_remaining_lp_principal,1,True,,,,,
uniswap-v4,0x51e42cc6b725887f00fd5a27ca8cb2c74586d28169ebaaa1e4620ab2a0305554,2026-09-21T07:53:03+00:00,excluded,no_swap_in_complete_creation_to_snapshot_history,0,True,,,,,
uniswap-v4,0xb3862c2d705a8cf2d1631ef1415576b23399f7f5fc721322676639a77f0b744d,2026-09-21T07:54:23+00:00,excluded,no_remaining_lp_principal,194,True,,,,,
uniswap-v4,0x63162b7cadfdcda3a8ece9f44344f9f7452547942bbe7a5c210ba903987e7033,2026-09-21T07:55:21+00:00,excluded,no_remaining_lp_principal,131,True,,,,,
uniswap-v4,0x1a169eb36117636578d5a42529229a685a582b33fde0da678e1a5b5f78c7ed11,2026-09-21T07:55:25+00:00,excluded,no_swap_in_complete_creation_to_snapshot_history,0,True,,,,,
uniswap-v4,0xee5be06e8bdd8031ccd0496c56ed2fed7e39189b56345ba7e3d6bf666a28a679,2026-09-21T07:57:35+00:00,unresolved,token_lp_or_usd_conditions_unverified,2,True,,,,,
uniswap-v4,0x70d13ff7ed37e0e18b3e66a6f9800a43905ce47dfad3d63dd9d0648abc751616,2026-09-21T07:58:17+00:00,excluded,positive_lp_share_withdrawal_succeeded,4,True,,,,,
uniswap-v4,0xf131cb7e5e3c2dd6c1180b07b9b886cae582714cb0ecae8a439c5cbd5353c3e3,2026-09-21T07:58:27+00:00,excluded,no_remaining_lp_principal,280,True,,,,,
uniswap-v4,0xe8aa73440473a08c86d5e548ddab414d2400d883c5ebb201894420f6551470e1,2026-09-21T07:58:29+00:00,excluded,no_swap_in_complete_creation_to_snapshot_history,0,True,,,,,
uniswap-v4,0x5bbada473feddc261e0ea66d3e0970133fc6d1ce56113693874003d2126b4781,2026-09-21T07:58:31+00:00,excluded,no_swap_in_complete_creation_to_snapshot_history,0,True,,,,,
uniswap-v4,0xf2cd7980e622975389f5fe5f4addeec8722831444938c41e2d5e0382da8bfd69,2026-09-21T07:58:33+00:00,excluded,no_swap_in_complete_creation_to_snapshot_history,0,True,,,,,
uniswap-v4,0xc72bfc0815dfe78ca5311a47f9652d29b6ccb684e160d1b7234d2dd3eba9cf24,2026-09-21T07:59:27+00:00,excluded,no_remaining_lp_principal,216,True,,,,,
uniswap-v4,0x51c655b8518d9b77b3e26f03bdd9d59f663cd19313281b3fe39d8d6872fe5000,2026-09-21T07:59:35+00:00,unresolved,token_lp_or_usd_conditions_unverified,1,True,,,,,
uniswap-v4,0x93ab5956842a3e77725329e7783a84e6f46336d925edc7b8a5ed207b063f867f,2026-09-21T08:00:27+00:00,unresolved,token_lp_or_usd_conditions_unverified,1,True,,,,,
uniswap-v4,0x61d754eb56943eade16fdd2796bfd0750af52e7e4ee8cb8100f21cccdcd0c27e,2026-09-21T08:00:43+00:00,unresolved,token_lp_or_usd_conditions_unverified,1,True,,,,,
uniswap-v4,0x1112128b6d7a7f2f1f9a4efe47a5628fb404a8f747287d3c0a8a5d6db4f84292,2026-09-21T08:01:07+00:00,excluded,no_swap_in_complete_creation_to_snapshot_history,0,True,,,,,
uniswap-v4,0x0cb3b66a652ef70754fcfabe162c7d265be43bdaf4566c0a654e793937546fe7,2026-09-21T08:02:37+00:00,excluded,no_remaining_lp_principal,1,True,,,,,
uniswap-v4,0xebdefe2ade9b5528bdfffaa85008d0608a0dad9da9f626f0fb54124a4261fce3,2026-09-21T08:02:47+00:00,excluded,no_remaining_lp_principal,83,True,,,,,
uniswap-v4,0x4e3cbd3f0f8e50287dc5e6915667a73a638b8e54934ee90fa32279851ed9c1b8,2026-09-21T08:02:49+00:00,unresolved,token_lp_or_usd_conditions_unverified,1,True,,,,,
uniswap-v4,0x0caaad50c51d7120cc24a73d2256e13bc822dbde7e822fd1eedd44d108b4f589,2026-09-21T08:02:51+00:00,excluded,no_swap_in_complete_creation_to_snapshot_history,0,True,,,,,
uniswap-v4,0xccf9dedc8b585c5d6cb824731e032b864a4beaa89f874b6c5527301c39c7b01a,2026-09-21T08:03:27+00:00,unresolved,token_lp_or_usd_conditions_unverified,1,True,,,,,
uniswap-v4,0xfc4b710ddc1f5c48a35f37f742987d062aeb895315acaede7343878e2a5ce560,2026-09-21T08:03:41+00:00,unresolved,token_lp_or_usd_conditions_unverified,2,True,,,,,
aerodrome,0xba46937207904e2b1569e39a92161c4abae79ee4,2026-09-21T08:04:23+00:00,excluded,previous_same_block_liquidity_unlocked,49,True,,,,,
uniswap-v4,0xff58e107613a83bd64d226cbc62db1a7c8cb3c1e7419de0eccff93cbded6c318,2026-09-21T08:04:31+00:00,excluded,no_swap_in_complete_creation_to_snapshot_history,0,True,,,,,
uniswap-v4,0xe9e3a2631bcd39cd33b3b3fc167da45855a10aea661b9242a22e5e3b769fb31f,2026-09-21T08:04:43+00:00,excluded,no_swap_in_complete_creation_to_snapshot_history,0,True,,,,,
uniswap-v4,0x53cbcba6fe51d25bd78282bd8bbdc9c5397e99831c1f4fffdbf505214550ec84,2026-09-21T08:04:51+00:00,excluded,no_swap_in_complete_creation_to_snapshot_history,0,True,,,,,
uniswap-v4,0x183f24e4bf8db5ce8c66e502282651ef408227099561d6aa3833b0c787f3d017,2026-09-21T08:05:51+00:00,excluded,no_swap_in_complete_creation_to_snapshot_history,0,True,,,,,
uniswap-v4,0xf2617d12bcbb746697f8ea4334a38779de663d1d916df6c1ace156e45f17d0ec,2026-09-21T08:06:49+00:00,excluded,no_remaining_lp_principal,192,True,,,,,
uniswap-v4,0xd372d9cd37e6df0fdb734e91c4997eeaa0e6d81a75801a4c7dc4975f93644caa,2026-09-21T08:07:49+00:00,excluded,no_swap_in_complete_creation_to_snapshot_history,0,True,,,,,
uniswap-v4,0xea40ec5218496362e48866dcf88d42b63a087290a4b873b6c2f0b207967be60c,2026-09-21T08:07:53+00:00,excluded,no_swap_in_complete_creation_to_snapshot_history,0,True,,,,,
uniswap-v4,0x64fe9acc9e9752a4c86de951ebfdf9e61df8c264182cd42237eab1760704877a,2026-09-21T08:09:17+00:00,unresolved,token_lp_or_usd_conditions_unverified,14,True,,,,,
uniswap-v4,0x59356b1fde933537ae27fc5b6498e1c845a30461864d60270eabaeff3afc8d2f,2026-09-21T08:09:19+00:00,excluded,no_swap_in_complete_creation_to_snapshot_history,0,True,,,,,
uniswap-v4,0x20b126ee729d1f10a56e1c938c93855477604548e84d0542a025fa3355bae62d,2026-09-21T08:09:21+00:00,excluded,positive_lp_share_withdrawal_succeeded,5,True,,,,,
uniswap-v3,0xe1b679b7d5409cc0a2548fd481c331df1f773a28,2026-09-21T08:10:03+00:00,excluded,no_swap_in_complete_creation_to_snapshot_history,0,True,,,,,
uniswap-v3,0xbd91830b7330a6841de6abc68ef5d04ef016f057,2026-09-21T08:10:03+00:00,excluded,no_swap_in_complete_creation_to_snapshot_history,0,True,,,,,
uniswap-v3,0xf6d996d26399ff251a30e7bb7543c0a68d392262,2026-09-21T08:10:15+00:00,excluded,no_swap_in_complete_creation_to_snapshot_history,0,True,,,,,
uniswap-v4,0x1417a1c9fadd5fa0d5800c7ee0b19c7f92eb00b72df03e6725657b43357b233d,2026-09-21T08:10:49+00:00,excluded,no_swap_in_complete_creation_to_snapshot_history,0,True,,,,,
uniswap-v4,0xda70e2c4f1f09155a76d80792d93cff5c951b19b542c75393a867b3a9a04b7e3,2026-09-21T08:10:53+00:00,excluded,no_swap_in_complete_creation_to_snapshot_history,0,True,,,,,
uniswap-v4,0x318a9f14a2e86460d42f59e162932acf65771c3c6708088c7ceebb4a072ef209,2026-09-21T08:10:53+00:00,excluded,no_swap_in_complete_creation_to_snapshot_history,0,True,,,,,
uniswap-v4,0x75eacff462aafac6d7f4e4353804bdad2099fd2c30047769940eacfea39618ae,2026-09-21T08:11:03+00:00,excluded,no_swap_in_complete_creation_to_snapshot_history,0,True,,,,,
uniswap-v4,0x59e0f428d6e22a02a2651e4305bc38fa3b8cb6f9d23284afe5cd1f17d60929c6,2026-09-21T08:11:07+00:00,excluded,no_swap_in_complete_creation_to_snapshot_history,0,True,,,,,
uniswap-v3,0xad60238d58bb7f023a474bc47121e642f3d6e731,2026-09-21T08:11:53+00:00,excluded,positive_lp_share_withdrawal_succeeded,16,True,,,,,
uniswap-v4,0x9ef286a10471e541d63936e4fa5867c949fac7c0b6a286df1603f4ffecf204a6,2026-09-21T08:12:31+00:00,excluded,no_remaining_lp_principal,5,True,,,,,
uniswap-v3,0x3f725f9740612bd2764a94c413924e85a88a274f,2026-09-21T08:12:49+00:00,excluded,no_swap_in_complete_creation_to_snapshot_history,0,True,,,,,
uniswap-v3,0x887213ee3db584eff58edcc9a830bdfbd1bfa9b5,2026-09-21T08:12:49+00:00,excluded,no_swap_in_complete_creation_to_snapshot_history,0,True,,,,,
uniswap-v3,0x133a59cbd783ca987e083e19bd9e340f044fae42,2026-09-21T08:12:51+00:00,excluded,no_swap_in_complete_creation_to_snapshot_history,0,True,,,,,
uniswap-v3,0xb092db707e619d4090adaaee5b881e7abdc3bc07,2026-09-21T08:12:51+00:00,excluded,no_swap_in_complete_creation_to_snapshot_history,0,True,,,,,
uniswap-v3,0x2d6e43ae4d7b2f7ebdbec0d9cbd081e44f05cb57,2026-09-21T08:12:53+00:00,excluded,no_swap_in_complete_creation_to_snapshot_history,0,True,,,,,
uniswap-v3,0x515b5ad0650c598afd415e053cf72030510a4f94,2026-09-21T08:12:53+00:00,excluded,no_swap_in_complete_creation_to_snapshot_history,0,True,,,,,
uniswap-v3,0xe98f97d7ad5dde72e6fb91643e5e547069895c3a,2026-09-21T08:12:55+00:00,excluded,no_swap_in_complete_creation_to_snapshot_history,0,True,,,,,
uniswap-v3,0xda7c23e0d0d366be7ffddd1e9b88414aa149f3ef,2026-09-21T08:12:55+00:00,excluded,no_swap_in_complete_creation_to_snapshot_history,0,True,,,,,
uniswap-v3,0x3dd04f341e7e40bd73e4b16066e1fc9409de587d,2026-09-21T08:12:59+00:00,excluded,no_swap_in_complete_creation_to_snapshot_history,0,True,,,,,
uniswap-v3,0x426e93090dde41fd8d0d4be351f6ac22f1e4ca5d,2026-09-21T08:12:59+00:00,excluded,no_swap_in_complete_creation_to_snapshot_history,0,True,,,,,
uniswap-v4,0x00fbb8d39abe2bdcb7c3459469b6d0b55ba8b60bef80cb50e7059c52e08ac787,2026-09-21T08:13:23+00:00,excluded,no_swap_in_complete_creation_to_snapshot_history,0,True,,,,,
uniswap-v4,0x688b018ef16b5241f5f3043649bd2cfae93e2dc22bf435dd9e1a4b6c74e5b57c,2026-09-21T08:13:27+00:00,excluded,no_swap_in_complete_creation_to_snapshot_history,0,True,,,,,
uniswap-v3,0x20edaf5aff5d01754030d52de9423993fc5a821a,2026-09-21T08:13:31+00:00,excluded,no_swap_in_complete_creation_to_snapshot_history,0,True,,,,,
uniswap-v3,0x56ae9d281e5cd7634a95312f469f46aa8401a70f,2026-09-21T08:13:31+00:00,excluded,no_swap_in_complete_creation_to_snapshot_history,0,True,,,,,
uniswap-v3,0x9278e682171b8b18f4f7cfdccacec8dd2bfa1e4a,2026-09-21T08:13:33+00:00,excluded,no_swap_in_complete_creation_to_snapshot_history,0,True,,,,,
uniswap-v3,0xfd0e7baeba5e17a088cb1df3f08ee2b1b54dba23,2026-09-21T08:13:33+00:00,excluded,no_swap_in_complete_creation_to_snapshot_history,0,True,,,,,
uniswap-v3,0x95787315c61e07541c2ca65f979e9c7606b0e3d7,2026-09-21T08:13:35+00:00,excluded,no_swap_in_complete_creation_to_snapshot_history,0,True,,,,,
uniswap-v3,0x3025b428ef0b4b76ec2be8c3cdac2e777ca09c57,2026-09-21T08:13:35+00:00,excluded,no_swap_in_complete_creation_to_snapshot_history,0,True,,,,,
uniswap-v4,0x4fc35cfa99b2135ca5e6880d067aaa9db9a221bcdba7442071951b702ed09a8b,2026-09-21T08:13:35+00:00,unresolved,token_lp_or_usd_conditions_unverified,1,True,,,,,
uniswap-v3,0x423802feacdcff3c8e6b17a297e9e1eb95c411a1,2026-09-21T08:13:39+00:00,excluded,no_swap_in_complete_creation_to_snapshot_history,0,True,,,,,
uniswap-v3,0x0c9fd2b2ff495d7f0a5ce231be30777002f6f3bd,2026-09-21T08:13:39+00:00,excluded,no_swap_in_complete_creation_to_snapshot_history,0,True,,,,,
uniswap-v3,0x29bf0cdd668c28feb2bda097fca52c40b48d3bd6,2026-09-21T08:13:43+00:00,excluded,no_swap_in_complete_creation_to_snapshot_history,0,True,,,,,
uniswap-v3,0x298f1c5deb3dcb508f90a1944097fbf04f29cc58,2026-09-21T08:13:43+00:00,excluded,no_swap_in_complete_creation_to_snapshot_history,0,True,,,,,
uniswap-v3,0xd4e816b457b96db1d21f9e5b4fd5cc5f5edb864a,2026-09-21T08:13:45+00:00,excluded,no_swap_in_complete_creation_to_snapshot_history,0,True,,,,,
uniswap-v3,0x6fce5742039c6bb40a217bc8687c2fac1a9b996b,2026-09-21T08:13:45+00:00,excluded,no_swap_in_complete_creation_to_snapshot_history,0,True,,,,,
uniswap-v3,0xbe2c43a3f0180fa41b0cbcc0b38ed1547d7e4833,2026-09-21T08:13:47+00:00,excluded,no_swap_in_complete_creation_to_snapshot_history,0,True,,,,,
uniswap-v3,0x51b2e7823e689fd6c00f478cd9d93fa94eefaac6,2026-09-21T08:13:47+00:00,excluded,no_swap_in_complete_creation_to_snapshot_history,0,True,,,,,
uniswap-v4,0x2a628e9f330edad26f883c71e8d343da002bc2bb5b61ccd8455f88514d3d3300,2026-09-21T08:13:47+00:00,unresolved,token_lp_or_usd_conditions_unverified,1,True,,,,,
uniswap-v3,0xb54bfb4d18d5527208d4b7fc692c225e60703270,2026-09-21T08:13:49+00:00,excluded,no_swap_in_complete_creation_to_snapshot_history,0,True,,,,,
uniswap-v3,0x64887eefe7b9ecafce016757124fbc4f246dc176,2026-09-21T08:13:49+00:00,excluded,no_swap_in_complete_creation_to_snapshot_history,0,True,,,,,
uniswap-v3,0x7adedb10069a6d14ac4295d9bf66883bab15af3f,2026-09-21T08:14:23+00:00,excluded,no_swap_in_complete_creation_to_snapshot_history,0,True,,,,,
uniswap-v3,0x434ad07ab726343bd5f787e1bf6251dbd90f828f,2026-09-21T08:14:23+00:00,excluded,no_swap_in_complete_creation_to_snapshot_history,0,True,,,,,
uniswap-v3,0x072f192b75396d2f97115c52cb50ced9e5e457d7,2026-09-21T08:14:27+00:00,excluded,no_swap_in_complete_creation_to_snapshot_history,0,True,,,,,
uniswap-v3,0x05cd7e7db1ece9ac8272bfb2dfe7d879b5e644e3,2026-09-21T08:14:27+00:00,excluded,no_swap_in_complete_creation_to_snapshot_history,0,True,,,,,
uniswap-v3,0xaf4cca6701f0dad9639f695350f68142f1314fd7,2026-09-21T08:14:31+00:00,excluded,no_swap_in_complete_creation_to_snapshot_history,0,True,,,,,
uniswap-v3,0x4a3e34dbe7f6a92c35bad0405521d322b493a7b6,2026-09-21T08:14:31+00:00,excluded,no_swap_in_complete_creation_to_snapshot_history,0,True,,,,,
uniswap-v4,0x5741dabad3fe30444d8ed926a26ff3521aae4143bf341c80f90b87a9d05e847e,2026-09-21T08:14:33+00:00,excluded,no_remaining_lp_principal,256,True,,,,,
uniswap-v3,0xd519210ad87ce78cda6fb36825267ab18295ab98,2026-09-21T08:14:35+00:00,excluded,no_swap_in_complete_creation_to_snapshot_history,0,True,,,,,
uniswap-v3,0x2168a18785d578ccddea4650743c824586fdf490,2026-09-21T08:14:35+00:00,excluded,no_swap_in_complete_creation_to_snapshot_history,0,True,,,,,
uniswap-v3,0xee82ab6d97598a3530baaa95285b267a166659cb,2026-09-21T08:14:37+00:00,excluded,no_swap_in_complete_creation_to_snapshot_history,0,True,,,,,
uniswap-v3,0x4af578f7ebb672c148fffb1ed6fda6bbc7e029cf,2026-09-21T08:14:37+00:00,excluded,no_swap_in_complete_creation_to_snapshot_history,0,True,,,,,
uniswap-v3,0xebbde28c024c661dc6d2e940afb7103be3e230d9,2026-09-21T08:14:39+00:00,excluded,no_swap_in_complete_creation_to_snapshot_history,0,True,,,,,
uniswap-v3,0x50b635d8fab6423260e81b8df42dbfc4e30bc725,2026-09-21T08:14:39+00:00,excluded,no_swap_in_complete_creation_to_snapshot_history,0,True,,,,,
uniswap-v4,0x239237c0b5316b6b5abff54cb7422e4c0da7a5726ca0dd801912d76a624808b5,2026-09-21T08:14:41+00:00,excluded,no_remaining_lp_principal,85,True,,,,,
uniswap-v3,0x73e4f787ec7c905dd8d06383b811d604cdc3c6ed,2026-09-21T08:14:41+00:00,excluded,no_swap_in_complete_creation_to_snapshot_history,0,True,,,,,
uniswap-v3,0x2234d11ff7be7d1e519904b5a0821c34d45d5493,2026-09-21T08:14:41+00:00,excluded,no_swap_in_complete_creation_to_snapshot_history,0,True,,,,,
uniswap-v3,0x4a1cb7c29ab1141088ecf2d386605891a71d04d9,2026-09-21T08:14:43+00:00,excluded,no_swap_in_complete_creation_to_snapshot_history,0,True,,,,,
uniswap-v3,0x8879267359f8853d564798d91b65938c2c2ce7ab,2026-09-21T08:14:43+00:00,excluded,no_swap_in_complete_creation_to_snapshot_history,0,True,,,,,
uniswap-v4,0xf8c681b602a35cada2eaf73383b117048ef9f37f9fed74a4b7b1f3097a3fab5d,2026-09-21T08:14:43+00:00,excluded,no_swap_in_complete_creation_to_snapshot_history,0,True,,,,,
uniswap-v3,0x6531ead6136a300174ad75886b6335ce591402da,2026-09-21T08:14:47+00:00,excluded,no_swap_in_complete_creation_to_snapshot_history,0,True,,,,,
uniswap-v3,0x070b2345e8131b90c4734d1b0b63038edc379343,2026-09-21T08:14:47+00:00,excluded,no_swap_in_complete_creation_to_snapshot_history,0,True,,,,,
uniswap-v3,0x90e0b1ede8f6d21b952e0f3007aa1fe024c93810,2026-09-21T08:14:49+00:00,excluded,no_swap_in_complete_creation_to_snapshot_history,0,True,,,,,
uniswap-v3,0x93c0286adc034e8238a6789fa55121e65c4c6f5b,2026-09-21T08:14:49+00:00,excluded,no_swap_in_complete_creation_to_snapshot_history,0,True,,,,,
uniswap-v3,0xfcb8c7c646663b09e75c3eed9dcf09202bf321b3,2026-09-21T08:14:51+00:00,excluded,no_swap_in_complete_creation_to_snapshot_history,0,True,,,,,
uniswap-v3,0x07f3f3cb5d5d931a92d59b67355688e62b0dbf21,2026-09-21T08:14:51+00:00,excluded,no_swap_in_complete_creation_to_snapshot_history,0,True,,,,,
uniswap-v3,0x64bacddeab45eba8aa2589c7d89749ada7a4c68b,2026-09-21T08:14:53+00:00,excluded,no_swap_in_complete_creation_to_snapshot_history,0,True,,,,,
uniswap-v3,0xd81009628f6a9034883a7c04f49dc55fa4a36668,2026-09-21T08:14:53+00:00,excluded,no_swap_in_complete_creation_to_snapshot_history,0,True,,,,,
uniswap-v3,0xc424fb72119f925681d1f49eb7b2fdff3a0227b9,2026-09-21T08:14:55+00:00,excluded,no_swap_in_complete_creation_to_snapshot_history,0,True,,,,,
uniswap-v3,0xbe87b4a710df8798dc86ac4f345c8aee04c2b09b,2026-09-21T08:14:55+00:00,excluded,no_swap_in_complete_creation_to_snapshot_history,0,True,,,,,
uniswap-v3,0xe5eba7f450d6e76ea6d571b4b5d715114c0d000e,2026-09-21T08:14:57+00:00,excluded,no_swap_in_complete_creation_to_snapshot_history,0,True,,,,,
uniswap-v3,0x60208738074d76b60862db5f74542844a1e7bb70,2026-09-21T08:14:57+00:00,excluded,no_swap_in_complete_creation_to_snapshot_history,0,True,,,,,
uniswap-v3,0x53bd2d4f7bf2c9211ec0664faf4fb4eb8056111b,2026-09-21T08:14:59+00:00,excluded,no_swap_in_complete_creation_to_snapshot_history,0,True,,,,,
uniswap-v3,0xf4323a916355742f82b2aa86539f3f8b340ee821,2026-09-21T08:14:59+00:00,excluded,no_swap_in_complete_creation_to_snapshot_history,0,True,,,,,
uniswap-v3,0x36f5800dcd146a11ce05906d7f3e13f86f4e8fd6,2026-09-21T08:15:03+00:00,excluded,no_swap_in_complete_creation_to_snapshot_history,0,True,,,,,
uniswap-v3,0x093a039feab87cb49b056e6331ba0dd845da1ac1,2026-09-21T08:15:03+00:00,excluded,no_swap_in_complete_creation_to_snapshot_history,0,True,,,,,
uniswap-v3,0x1496801c619aa482cf083dceb48abda97dc48daf,2026-09-21T08:15:05+00:00,excluded,no_swap_in_complete_creation_to_snapshot_history,0,True,,,,,
uniswap-v3,0xf70898b67747ccf863cecf1eea7c549d2b3d6d2a,2026-09-21T08:15:05+00:00,excluded,no_swap_in_complete_creation_to_snapshot_history,0,True,,,,,
uniswap-v3,0x423686bdd3b2f6c7cab57eb55730bba319da5118,2026-09-21T08:15:09+00:00,excluded,no_swap_in_complete_creation_to_snapshot_history,0,True,,,,,
uniswap-v3,0x202295bcf2b30fbd0a86e92ed4bdc5c874826453,2026-09-21T08:15:13+00:00,excluded,no_swap_in_complete_creation_to_snapshot_history,0,True,,,,,
uniswap-v3,0xf4a823cee602e0e702bd03c05c822e931bc240ae,2026-09-21T08:15:13+00:00,excluded,no_swap_in_complete_creation_to_snapshot_history,0,True,,,,,
uniswap-v3,0x476fc210141cd373c7ddca47909dcb388c4c059d,2026-09-21T08:15:15+00:00,excluded,no_swap_in_complete_creation_to_snapshot_history,0,True,,,,,
uniswap-v3,0x6c471a3ace229b0e4ff702bb1ed26d865b015a4f,2026-09-21T08:15:15+00:00,excluded,no_swap_in_complete_creation_to_snapshot_history,0,True,,,,,
uniswap-v4,0x333e5e7d1816b11a1add3ccc1776a959caceb148f1e4e6543952784a4fa46b0c,2026-09-21T08:15:17+00:00,unresolved,token_lp_or_usd_conditions_unverified,1,True,,,,,
uniswap-v3,0xecac52907e551fb53e5ed05e28320f262c4a0200,2026-09-21T08:15:17+00:00,excluded,no_swap_in_complete_creation_to_snapshot_history,0,True,,,,,
uniswap-v3,0xcb6b492047d03e8aa16b5dfe3095088adc3695e6,2026-09-21T08:15:17+00:00,excluded,no_swap_in_complete_creation_to_snapshot_history,0,True,,,,,
uniswap-v3,0x28815625927196647e12ed396a8c7af872b438fa,2026-09-21T08:15:19+00:00,excluded,no_swap_in_complete_creation_to_snapshot_history,0,True,,,,,
uniswap-v3,0x47d3926d5b6dd5f875a10f01ab45e5897b03132e,2026-09-21T08:15:19+00:00,excluded,no_swap_in_complete_creation_to_snapshot_history,0,True,,,,,
uniswap-v3,0x1158070c440bd6188cab4a4a8b63e4e022dddaad,2026-09-21T08:15:21+00:00,excluded,no_swap_in_complete_creation_to_snapshot_history,0,True,,,,,
uniswap-v3,0xf3ab1009c8bd5f89cd27b51233e6e1fa23b975a8,2026-09-21T08:15:21+00:00,excluded,no_swap_in_complete_creation_to_snapshot_history,0,True,,,,,
uniswap-v3,0x315a16491a8fcca2fe5f91342fad882c082fa500,2026-09-21T08:15:23+00:00,excluded,no_swap_in_complete_creation_to_snapshot_history,0,True,,,,,
uniswap-v3,0xdc0bb4ad2e77f19b7151e6a1dc480cc9860f7c19,2026-09-21T08:15:23+00:00,excluded,no_swap_in_complete_creation_to_snapshot_history,0,True,,,,,
uniswap-v3,0x9a7c71f57b6deaf0f5ca0b15ae2b3bd522c5682c,2026-09-21T08:15:27+00:00,excluded,no_swap_in_complete_creation_to_snapshot_history,0,True,,,,,
uniswap-v3,0xc3ed87082f6d7ca99eb47a2fc751fc88d9d2829e,2026-09-21T08:15:27+00:00,excluded,no_swap_in_complete_creation_to_snapshot_history,0,True,,,,,
uniswap-v3,0xb47a36b6c920269b45585d9917bf313a8f6c946a,2026-09-21T08:15:31+00:00,excluded,no_swap_in_complete_creation_to_snapshot_history,0,True,,,,,
uniswap-v3,0x8f7d8250363ab802fff0dca52a0f821e9c07f944,2026-09-21T08:15:31+00:00,excluded,no_swap_in_complete_creation_to_snapshot_history,0,True,,,,,
uniswap-v3,0x30a2646416a4404f0b32bc82c3c019165c5f90eb,2026-09-21T08:15:33+00:00,excluded,no_swap_in_complete_creation_to_snapshot_history,0,True,,,,,
uniswap-v3,0xa88866b109d31c2cafdff2f683a35d5efa4075c2,2026-09-21T08:15:33+00:00,excluded,no_swap_in_complete_creation_to_snapshot_history,0,True,,,,,
uniswap-v3,0xea4e7e4fa1c72ef925434d60731a7d773743a5f9,2026-09-21T08:15:35+00:00,excluded,no_swap_in_complete_creation_to_snapshot_history,0,True,,,,,
uniswap-v3,0x393c83859e2379d95aa4e1fdacac54a7106c17e6,2026-09-21T08:15:35+00:00,excluded,no_swap_in_complete_creation_to_snapshot_history,0,True,,,,,
uniswap-v3,0x56861c3235130e664f7b05923d3fe114b3941d56,2026-09-21T08:15:37+00:00,excluded,no_swap_in_complete_creation_to_snapshot_history,0,True,,,,,
uniswap-v3,0x65226dd152b83fddc26e414e0b00eac19e887a64,2026-09-21T08:15:37+00:00,excluded,no_swap_in_complete_creation_to_snapshot_history,0,True,,,,,
uniswap-v4,0xa7676dbe1b9028aedf59837e8dd585bc362276ea5e7ef75fbb57ef4d7c4c2bb4,2026-09-21T08:15:53+00:00,excluded,positive_lp_share_withdrawal_succeeded,1454,True,,,,,
uniswap-v3,0x000749df2d019c7abe7953a91494b586fb27a474,2026-09-21T08:16:11+00:00,excluded,no_swap_in_complete_creation_to_snapshot_history,0,True,,,,,
uniswap-v3,0xc24d17f91625d1aebc928440633124d1b5c4857e,2026-09-21T08:16:11+00:00,excluded,no_swap_in_complete_creation_to_snapshot_history,0,True,,,,,
uniswap-v3,0xa99d2fd874b675dc1c35884a8dd7f5aa459a9412,2026-09-21T08:16:13+00:00,excluded,no_swap_in_complete_creation_to_snapshot_history,0,True,,,,,
uniswap-v3,0x2a2cb8247dfeb9fd5fe72b4ed8715fc44783bc54,2026-09-21T08:16:13+00:00,excluded,no_swap_in_complete_creation_to_snapshot_history,0,True,,,,,
uniswap-v3,0xd08f5ecb0c4a5e0d3456243934b07191f94303b7,2026-09-21T08:16:15+00:00,excluded,no_swap_in_complete_creation_to_snapshot_history,0,True,,,,,
uniswap-v3,0xd875d980d7f7d75a9f6bf4e5d944a2d3ea72f892,2026-09-21T08:16:15+00:00,excluded,no_swap_in_complete_creation_to_snapshot_history,0,True,,,,,
uniswap-v3,0x43fac0500b8fd232ba272f2314296cad78d0504b,2026-09-21T08:16:19+00:00,excluded,no_swap_in_complete_creation_to_snapshot_history,0,True,,,,,
uniswap-v3,0xc895cdb76e0ad95bb8e613cedc890fa19b5258fc,2026-09-21T08:16:19+00:00,excluded,no_swap_in_complete_creation_to_snapshot_history,0,True,,,,,
uniswap-v3,0x1ed89b10ada0813b6981b5113b0c671436a6d6ed,2026-09-21T08:16:21+00:00,excluded,no_swap_in_complete_creation_to_snapshot_history,0,True,,,,,
uniswap-v3,0x5b188c047cad2aee119e45906cf3da925631664f,2026-09-21T08:16:21+00:00,excluded,no_swap_in_complete_creation_to_snapshot_history,0,True,,,,,
uniswap-v3,0x7f5db09a67357e51092ccd222737e5b0c09370e2,2026-09-21T08:16:25+00:00,excluded,no_swap_in_complete_creation_to_snapshot_history,0,True,,,,,
uniswap-v3,0xaee5f24c193652ec1c5ae1a96f52b8cb4a55e4ba,2026-09-21T08:16:25+00:00,excluded,no_swap_in_complete_creation_to_snapshot_history,0,True,,,,,
uniswap-v3,0x9a6a853c2db8eb8d8dfe144a0ffcfe709a35cdda,2026-09-21T08:16:27+00:00,excluded,no_swap_in_complete_creation_to_snapshot_history,0,True,,,,,
uniswap-v3,0x55bfe144ac42be4d651fe7f863244db119ea0a25,2026-09-21T08:16:27+00:00,excluded,no_swap_in_complete_creation_to_snapshot_history,0,True,,,,,
uniswap-v3,0xe42155554f488892e28a3701eab2399db2cc5219,2026-09-21T08:16:29+00:00,excluded,no_swap_in_complete_creation_to_snapshot_history,0,True,,,,,
uniswap-v3,0xa43439d1b022ec43d5e266acad011e3017677547,2026-09-21T08:16:29+00:00,excluded,no_swap_in_complete_creation_to_snapshot_history,0,True,,,,,
uniswap-v3,0xb5d04a0542077b5b0e651f0c78e70962bd805f2d,2026-09-21T08:16:31+00:00,excluded,no_swap_in_complete_creation_to_snapshot_history,0,True,,,,,
uniswap-v3,0x180a3dc86f251fd068a38aa6cf9b9bcd024efb9c,2026-09-21T08:16:31+00:00,excluded,no_swap_in_complete_creation_to_snapshot_history,0,True,,,,,
uniswap-v3,0x0a2550cc975a059cc5e974bb9e8f8b0a57e5defd,2026-09-21T08:16:33+00:00,excluded,no_swap_in_complete_creation_to_snapshot_history,0,True,,,,,
uniswap-v3,0x90c5eb9ff14642f88f7988e4d89315cba8e4d0f0,2026-09-21T08:16:33+00:00,excluded,no_swap_in_complete_creation_to_snapshot_history,0,True,,,,,
uniswap-v3,0x3072754ba262dab6a6a60b8dacc05cef31be71b3,2026-09-21T08:16:37+00:00,excluded,no_swap_in_complete_creation_to_snapshot_history,0,True,,,,,
uniswap-v3,0x74604863d835aacc6ade9296c26d9c6235cba761,2026-09-21T08:16:37+00:00,excluded,no_swap_in_complete_creation_to_snapshot_history,0,True,,,,,
uniswap-v3,0x69360e0650a7e29f45f00bd80945e45f2a11c1ec,2026-09-21T08:16:41+00:00,excluded,no_swap_in_complete_creation_to_snapshot_history,0,True,,,,,
uniswap-v3,0xa94ef708fc567c86eebb2549b7d7dd537ee1a442,2026-09-21T08:16:41+00:00,excluded,no_swap_in_complete_creation_to_snapshot_history,0,True,,,,,
uniswap-v3,0xadbe2f44ac34b6a9b7a2deb0822080f79c9f46b2,2026-09-21T08:16:43+00:00,excluded,no_swap_in_complete_creation_to_snapshot_history,0,True,,,,,
uniswap-v3,0xda41652493293a4d7d166c4b1c3736664efcd0e8,2026-09-21T08:16:43+00:00,excluded,no_swap_in_complete_creation_to_snapshot_history,0,True,,,,,
uniswap-v3,0xaf747ab7dda260500ab57223b2726263c259a5a1,2026-09-21T08:16:47+00:00,excluded,no_swap_in_complete_creation_to_snapshot_history,0,True,,,,,
uniswap-v3,0x18fbd9aeef91e2a244074e03365cdb692bb7bbba,2026-09-21T08:16:47+00:00,excluded,no_swap_in_complete_creation_to_snapshot_history,0,True,,,,,
uniswap-v3,0xd26dc9e38692aea3f37d7637249a4afbc1e1c7a2,2026-09-21T08:16:49+00:00,excluded,no_swap_in_complete_creation_to_snapshot_history,0,True,,,,,
uniswap-v3,0x1b804c10821884b90db03233a91eafec3ddbdff5,2026-09-21T08:16:49+00:00,excluded,no_swap_in_complete_creation_to_snapshot_history,0,True,,,,,
uniswap-v3,0x3a4f5914ea26bb7d3111f063f99c34155840ef72,2026-09-21T08:16:51+00:00,excluded,no_swap_in_complete_creation_to_snapshot_history,0,True,,,,,
uniswap-v3,0x7354219c00d667f46b0870364b697596faa239c1,2026-09-21T08:16:51+00:00,excluded,no_swap_in_complete_creation_to_snapshot_history,0,True,,,,,
uniswap-v3,0x96192a9007e5660dd0a5db39e9b73b34307a54c0,2026-09-21T08:16:53+00:00,excluded,no_swap_in_complete_creation_to_snapshot_history,0,True,,,,,
uniswap-v3,0x0ccd9736ea0420f79f250a3e805fcb4e16a0273c,2026-09-21T08:16:55+00:00,excluded,no_swap_in_complete_creation_to_snapshot_history,0,True,,,,,
uniswap-v4,0xc8aa563328ddcaca4f9e67c27947447805de3b493d28114a351a6e05ab9c285f,2026-09-21T08:17:51+00:00,unresolved,token_lp_or_usd_conditions_unverified,1,True,,,,,
uniswap-v4,0x3e50bf50e92e2d4b3079860fe1ed3ece00cb0d454fc24d694ef20a7c43297945,2026-09-21T08:17:51+00:00,excluded,no_remaining_lp_principal,132,True,,,,,
uniswap-v4,0xa6ca36edf449e2418e3813eb244e68bfe4b75eb4748060ed60ba8ef67a7dd4ce,2026-09-21T08:17:55+00:00,excluded,no_swap_in_complete_creation_to_snapshot_history,0,True,,,,,
uniswap-v4,0x5f59c00f71a6963aa478432c55bde2daa430db0439c28780c223ed3647a5ea21,2026-09-21T08:18:09+00:00,excluded,no_swap_in_complete_creation_to_snapshot_history,0,True,,,,,
uniswap-v4,0xa1590e98a381bfa5f875287747c2ab908c4b9d8344649550944018561886cf88,2026-09-21T08:18:59+00:00,excluded,no_swap_in_complete_creation_to_snapshot_history,0,True,,,,,
uniswap-v4,0xad6982cd6762b7eac02ff56d65cc39122b952f03b615ae5512a26f5a5c10dc87,2026-09-21T08:19:11+00:00,excluded,no_remaining_lp_principal,230,True,,,,,
uniswap-v4,0x25b09bf4c401e206c5b5d9a814cde5d6bf7ec631d754887bb08b9c8963306a6f,2026-09-21T08:19:39+00:00,excluded,no_swap_in_complete_creation_to_snapshot_history,0,True,,,,,
uniswap-v3,0x13a3bee2cacdebc8b0ac2830c83591e0d1f4dde4,2026-09-21T08:19:41+00:00,excluded,no_swap_in_complete_creation_to_snapshot_history,0,True,,,,,
uniswap-v3,0x1deab828f8364876009fbd733d6c671095396ad6,2026-09-21T08:20:13+00:00,excluded,no_swap_in_complete_creation_to_snapshot_history,0,True,,,,,
uniswap-v4,0x1e7459cbeddcdf6c927f74550e422e756d98ce2668876c9000196c8f0430152d,2026-09-21T08:20:59+00:00,excluded,no_swap_in_complete_creation_to_snapshot_history,0,True,,,,,
uniswap-v4,0xc686470d2abeaed67a190ceaa59b4fc65696d099785d96c8b5fb16e935e92742,2026-09-21T08:22:43+00:00,excluded,no_remaining_lp_principal,5,True,,,,,
uniswap-v4,0x89aac90046eccb95a06cebba1a83e3fe24b84518435b64052a3faa8803be3506,2026-09-21T08:23:21+00:00,unresolved,token_lp_or_usd_conditions_unverified,1,True,,,,,
uniswap-v4,0x3bff300b1b6043f12f0f69b82fbce1d737746e87734f6471f6dc1c451c869cb7,2026-09-21T08:23:25+00:00,excluded,no_swap_in_complete_creation_to_snapshot_history,0,True,,,,,
uniswap-v4,0x188cd3e23a528d619b570aa56e1a43df7a5562989cb572de0a6ac913b20828dd,2026-09-21T08:23:27+00:00,excluded,no_swap_in_complete_creation_to_snapshot_history,0,True,,,,,
uniswap-v4,0x0b76750716178850cd917e1f9d4ff6b3b2da8f2fe87de12adffcb86af389adaf,2026-09-21T08:23:31+00:00,excluded,no_swap_in_complete_creation_to_snapshot_history,0,True,,,,,
uniswap-v4,0xe09f37bad4c06ecf9b4f3bcf0d359dee6336b6c53353741038332e79292eceae,2026-09-21T08:23:33+00:00,unresolved,token_lp_or_usd_conditions_unverified,12,True,,,,,
uniswap-v4,0x3dfd651c0c171c01af5b213b94ea2bfaf6a82f3056451d7d181068e133667bd7,2026-09-21T08:23:37+00:00,excluded,no_swap_in_complete_creation_to_snapshot_history,0,True,,,,,
uniswap-v4,0x394355a85873647831125c2015f4beed9b2e4c27312ad6c30bb0e391d953530c,2026-09-21T08:24:25+00:00,unresolved,token_lp_or_usd_conditions_unverified,6,True,,,,,
uniswap-v4,0x3c2beb8c71391b880c76484a51f9b2ce817db3f42cf7ce50fb0498e2a66d5d0b,2026-09-21T08:24:29+00:00,excluded,no_swap_in_complete_creation_to_snapshot_history,0,True,,,,,
uniswap-v4,0x291fe089ae7fb1add42d4d610d34b79d4fd25672b2160faea0cba5bbe1ab0ef4,2026-09-21T08:24:29+00:00,excluded,no_swap_in_complete_creation_to_snapshot_history,0,True,,,,,
uniswap-v4,0xc1a5c479514bbc237211e7137f35b7e6231beae91bd34841dfe5ba7133456da1,2026-09-21T08:24:33+00:00,excluded,no_swap_in_complete_creation_to_snapshot_history,0,True,,,,,
uniswap-v4,0x874f0e8cd471f7e244e15b6ae9b5ac88e10965e364fc35aed07d3d199cbe8d3d,2026-09-21T08:24:37+00:00,excluded,no_swap_in_complete_creation_to_snapshot_history,0,True,,,,,
uniswap-v4,0x3e8f1b875dea130e5ac0db32ca954e2b396d8c987a2dab7b19b55b1af5402a1d,2026-09-21T08:24:39+00:00,excluded,no_swap_in_complete_creation_to_snapshot_history,0,True,,,,,
uniswap-v4,0x7e5f8709b90733390391dc505d230126967c0c432b254599b11c5b12b89e8373,2026-09-21T08:26:31+00:00,excluded,no_remaining_lp_principal,86,True,,,,,
uniswap-v4,0x5120d76d61026b5bfea34ae10d6b79340333841fae37ffde46ec343a938c69d5,2026-09-21T08:26:35+00:00,excluded,no_swap_in_complete_creation_to_snapshot_history,0,True,,,,,
uniswap-v4,0xd8436b1647560b624ff4c9ee1035f7f976194fd1c0005f4e7a1ac481013b18f7,2026-09-21T08:28:49+00:00,unresolved,token_lp_or_usd_conditions_unverified,1,True,,,,,
uniswap-v4,0x0ff4338da4eac606896bcdd8b04e94bbe83dbc8c7f5b6abc35170075b72b877a,2026-09-21T08:29:51+00:00,excluded,no_swap_in_complete_creation_to_snapshot_history,0,True,,,,,
uniswap-v4,0x460610bbdb0042bfd748b6b3277a506fde9d2985ba633092a246c9acfdb15a09,2026-09-21T08:30:01+00:00,excluded,no_remaining_lp_principal,281,True,,,,,
uniswap-v4,0x463210f92d4d869ca9aa19b492c6c34f91fe879e4953eae292fd1e1a5ccf1bea,2026-09-21T08:30:23+00:00,unresolved,token_lp_or_usd_conditions_unverified,1,True,,,,,
uniswap-v4,0x3e1880319ca468fcb4394f60170d5d734db562d4e8606b0d767c2ab3f889cb44,2026-09-21T08:30:29+00:00,excluded,no_swap_in_complete_creation_to_snapshot_history,0,True,,,,,
uniswap-v4,0x0516fb3d3b9d30fd528a2d5e17f1a2cf2d3c236b601d0b4deec879caa5b8a8ea,2026-09-21T08:30:33+00:00,excluded,no_swap_in_complete_creation_to_snapshot_history,0,True,,,,,
uniswap-v4,0xfffa804965ffef7041401a6597cff475d6a75b44c2b9e29970e8e4b47ebcadc7,2026-09-21T08:31:11+00:00,excluded,no_remaining_lp_principal,209,True,,,,,
uniswap-v4,0x7ac58e4cee51a2126bbd48d1eb8dcbae2d217cefefdb579906f3c4059cfb9f77,2026-09-21T08:32:43+00:00,excluded,no_remaining_lp_principal,5,True,,,,,
uniswap-v4,0xd8c9ed25f3432b71245e58a851ee6ba40a66ca3121413606dddd5517b56482df,2026-09-21T08:32:51+00:00,unresolved,token_lp_or_usd_conditions_unverified,1,True,,,,,
uniswap-v4,0x6de31e17bd2d3531ecc69339a137b54f29f8d5f4406b1aafba964dc580cfa04d,2026-09-21T08:32:55+00:00,excluded,no_swap_in_complete_creation_to_snapshot_history,0,True,,,,,
uniswap-v4,0x433f8feafcd418cf7f419671dae88c7aaf87f2dcedcd8572c185b19cc379be96,2026-09-21T08:34:17+00:00,unresolved,token_lp_or_usd_conditions_unverified,2,True,,,,,
uniswap-v4,0x0f7b78e20231f8d0c1dbc913e25c02728911181cd16efd4f1069a4038c12aeb9,2026-09-21T08:36:37+00:00,unresolved,token_lp_or_usd_conditions_unverified,1,True,,,,,
uniswap-v4,0x07f78707d56062e2f5cc1c30907fb968da60c2342380824b24d6e8bf49ef03f0,2026-09-21T08:36:45+00:00,excluded,no_swap_in_complete_creation_to_snapshot_history,0,True,,,,,
uniswap-v4,0x700e2255b80f4387bc33903e7f81f8beb6f1113fb0a939b163d87235c9cf96d5,2026-09-21T08:36:49+00:00,excluded,no_swap_in_complete_creation_to_snapshot_history,0,True,,,,,
uniswap-v4,0xa811ab6e1313b38ff0129dac59d6452140a203873883d29b247dc6a4442ec5ab,2026-09-21T08:36:53+00:00,excluded,no_swap_in_complete_creation_to_snapshot_history,0,True,,,,,
uniswap-v4,0x2dacad35450425b5272b084e5c471953186179f3d8024371fb095156c523f03f,2026-09-21T08:37:31+00:00,excluded,no_remaining_lp_principal,131,True,,,,,
uniswap-v4,0xa2bdb88a0f997e1597abbc0e4655ca914e91b578999c59f3750641ba4b8ed3ff,2026-09-21T08:37:35+00:00,excluded,no_swap_in_complete_creation_to_snapshot_history,0,True,,,,,
uniswap-v4,0x10a85e420a3e5a24e83c6bd39ecddd18c339f1b7195676ab2974b41c39f25874,2026-09-21T08:38:03+00:00,excluded,no_swap_in_complete_creation_to_snapshot_history,0,True,,,,,
uniswap-v4,0x900b44d9371d72bb2764df253972a7aa14b15bc69aa80c533db6c82784387745,2026-09-21T08:39:39+00:00,unresolved,token_lp_or_usd_conditions_unverified,3,True,,,,,
uniswap-v4,0x4966e037086f40844913ccac04eebdf9592af2dd6cdd337f594d743280f5b79d,2026-09-21T08:39:43+00:00,excluded,no_swap_in_complete_creation_to_snapshot_history,0,True,,,,,
uniswap-v4,0x3e54f756e66b9314f1879bda58f6104a011d6de0cff844c8510fd3baba39988e,2026-09-21T08:40:35+00:00,excluded,no_remaining_lp_principal,85,True,,,,,
uniswap-v4,0x3f7089d200a6dbebd77fef3c17881ffd8398fe3719631728fa848a0a747ac658,2026-09-21T08:40:39+00:00,excluded,no_swap_in_complete_creation_to_snapshot_history,0,True,,,,,
uniswap-v4,0x749331b75447e8840a5f03a689a37355e0aae6a56865136e73c2bbe254e97ce3,2026-09-21T08:40:55+00:00,excluded,no_swap_in_complete_creation_to_snapshot_history,0,True,,,,,
uniswap-v4,0xf0f19c5d98280efac2df81a3cfbeb93d1255ae64db2116145b924ca6004d92bf,2026-09-21T08:40:59+00:00,excluded,no_swap_in_complete_creation_to_snapshot_history,0,True,,,,,
uniswap-v4,0xd25df25a5f681d3f53a421b6796718b487994f0fbaf17b39a3211aafd7561a89,2026-09-21T08:41:53+00:00,unresolved,token_lp_or_usd_conditions_unverified,9,True,,,,,
uniswap-v4,0xf9f09f63805f3cc733a11ff358ad1af617bd079524ad82e809369b085cd5c2e0,2026-09-21T08:42:27+00:00,excluded,no_swap_in_complete_creation_to_snapshot_history,0,True,,,,,
uniswap-v4,0xeafa226f2c5b9ef84551ff78930baed804fac0f3a368224fae66a8cb82695f23,2026-09-21T08:42:31+00:00,excluded,no_swap_in_complete_creation_to_snapshot_history,0,True,,,,,
uniswap-v4,0x823bf70fa3ad6825d831a0343bceff6d0c9dd9af7778c3cbab7329ba869d6625,2026-09-21T08:42:51+00:00,excluded,no_remaining_lp_principal,5,True,,,,,
uniswap-v4,0x38f87ae9234f5c421c6e3f260d1d3be73322e0335e97b99734fa61a5033b40fa,2026-09-21T08:43:25+00:00,excluded,no_remaining_lp_principal,238,True,,,,,
uniswap-v3,0x81f3bd2ff7147a6fd779fe749f4bcc82c802c060,2026-09-21T08:44:07+00:00,excluded,previous_same_block_liquidity_unlocked,1,True,,,,,
uniswap-v4,0xb07254fff906d654a991119ec7a42715886d71f6070e52387943dc9d3079765d,2026-09-21T08:45:03+00:00,excluded,no_swap_in_complete_creation_to_snapshot_history,0,True,,,,,
uniswap-v4,0xd093e6c034d7448528f70020da0ccfdfbd2d637e85bda6f4c72eda46b1d9351f,2026-09-21T08:45:05+00:00,excluded,no_swap_in_complete_creation_to_snapshot_history,0,True,,,,,
uniswap-v4,0x0f81699ba6339e0fa7ccb8842547ce92a3bb50f059bcf0d1b0cadc3cb3cadf12,2026-09-21T08:45:11+00:00,excluded,no_remaining_lp_principal,231,True,,,,,
uniswap-v4,0x7337c28c37ba8b7315519c141d09224a8c4eeae987053845d18362a2019db2be,2026-09-21T08:45:17+00:00,unresolved,token_lp_or_usd_conditions_unverified,1,True,,,,,
uniswap-v4,0xb9657877ef8bb4fa0ba0df5a499b53839886e2a14ed924ffce576db865aedca9,2026-09-21T08:45:39+00:00,excluded,no_swap_in_complete_creation_to_snapshot_history,0,True,,,,,
uniswap-v4,0xf3af93b6687284fd3e404c23c99d628b599e6e076b8e42c8ce3b4fcab65d4857,2026-09-21T08:45:43+00:00,excluded,no_swap_in_complete_creation_to_snapshot_history,0,True,,,,,
uniswap-v4,0x6716a1d6e6397bb7f2f5b4d06e262a16dfd344dc3c935ea5010073f2e97826e6,2026-09-21T08:47:11+00:00,excluded,positive_lp_share_withdrawal_succeeded,282,True,,,,,
uniswap-v4,0xca56ad5eaaaf2ae570dbb96bd1ffdb183bb08ac463666b3f41f45b0df768418d,2026-09-21T08:47:13+00:00,excluded,no_swap_in_complete_creation_to_snapshot_history,0,True,,,,,
uniswap-v4,0x71b6c7f44cbdc05ae6b4936e36ea89fba1ba14a4c92de3dbe53604d63e9bb17e,2026-09-21T08:47:15+00:00,excluded,no_swap_in_complete_creation_to_snapshot_history,0,True,,,,,
uniswap-v4,0x5b988dcaa72ff254c827c754f0acf0f99701e855405dd1f79188645278f7ac78,2026-09-21T08:47:51+00:00,unresolved,token_lp_or_usd_conditions_unverified,1,True,,,,,
uniswap-v4,0x443c9a80911076a332ee64367caf9fea706b725aa179c1da56345af80db7715c,2026-09-21T08:50:09+00:00,excluded,no_swap_in_complete_creation_to_snapshot_history,0,True,,,,,
uniswap-v4,0xfd80f7634428004ce5dc585bc1dc89e97fc3dc9653ddda1bdc3117a899455c0c,2026-09-21T08:52:11+00:00,excluded,no_swap_in_complete_creation_to_snapshot_history,0,True,,,,,
uniswap-v4,0x580759e159a1f113c252b4c1a3166fbed0aded6c57832d1d6caa791ffa5dadb9,2026-09-21T08:52:31+00:00,excluded,no_remaining_lp_principal,84,True,,,,,
uniswap-v4,0x65927a739d6a108d15032ff91435e7acb69f54da6f7070c5baccfd3bad0676ad,2026-09-21T08:52:35+00:00,excluded,no_swap_in_complete_creation_to_snapshot_history,0,True,,,,,
uniswap-v4,0x1de1296caaf42b6e0394b7e6c6ca6a93a68342292d0bf263bbe9629295bf702d,2026-09-21T08:52:43+00:00,excluded,no_remaining_lp_principal,5,True,,,,,
uniswap-v4,0x45d328791125ff1475a82ed8db739f865144b290d6d4710a7b6f37f65aad9ee1,2026-09-21T08:53:05+00:00,unresolved,token_lp_or_usd_conditions_unverified,1,True,,,,,
uniswap-v4,0xcee2688d3089a8f79ee72a296422433b114bee8b937e384aaf9594c906781e72,2026-09-21T08:53:05+00:00,unresolved,token_lp_or_usd_conditions_unverified,1,True,,,,,
uniswap-v4,0x04651836c9ac987e6cbfc83d990690e8986bf63de49170ca9b79aeeebb02f66a,2026-09-21T08:54:11+00:00,excluded,no_swap_in_complete_creation_to_snapshot_history,0,True,,,,,
uniswap-v4,0xc09b5ecfeece7817fe574daf7f268af22e94cc8fe8aed05bfcb08643683d759b,2026-09-21T08:54:15+00:00,excluded,no_swap_in_complete_creation_to_snapshot_history,0,True,,,,,
uniswap-v4,0x1db81c229afb0435d870ea7a9b658a8bcce8ac23388c29a74c178aa214ade371,2026-09-21T08:54:23+00:00,excluded,positive_lp_share_withdrawal_succeeded,729,True,,,,,
uniswap-v4,0x2b09d9d8655fc33598c08428f344e8154d889c8da26bb2caf6876b3796406160,2026-09-21T08:55:31+00:00,excluded,no_remaining_lp_principal,206,True,,,,,
uniswap-v4,0x88bdc7cd100f50560e731e9d2ce0b973de3027e752fe7b8eb3857a289747a06a,2026-09-21T08:55:45+00:00,excluded,no_swap_in_complete_creation_to_snapshot_history,0,True,,,,,
uniswap-v4,0xc2c0296d5a8b486514143eaa66465318ddceca559471209ff8ecd8b56fb97af9,2026-09-21T08:56:55+00:00,excluded,no_remaining_lp_principal,130,True,,,,,
uniswap-v4,0xe02f6003d73d3933ea4fc5a001dd6ed831aa175fa7c1dabddd4199b8b87dfa50,2026-09-21T08:56:59+00:00,excluded,no_swap_in_complete_creation_to_snapshot_history,0,True,,,,,
uniswap-v4,0xa12aad9d68d355f6defcee6717dd6333f9fddb1558e5794c8021de2fe9d234fd,2026-09-21T08:57:27+00:00,unresolved,token_lp_or_usd_conditions_unverified,3,True,,,,,
uniswap-v4,0xdda5a690648866fdf3fdeb050ea8b62ab0c97267e60c5df3e1cfbb9a2a4a9c08,2026-09-21T08:58:17+00:00,excluded,no_swap_in_complete_creation_to_snapshot_history,0,True,,,,,
uniswap-v4,0x0cf8ee496befb4120161927937322c19d857df402ea8ed8c90fd86a9ba454ac6,2026-09-21T08:58:21+00:00,excluded,no_swap_in_complete_creation_to_snapshot_history,0,True,,,,,
uniswap-v4,0xb7f3a5510d99cb496888876bce85741f581391b658c031fecb7120cde41e7217,2026-09-21T08:59:41+00:00,excluded,no_swap_in_complete_creation_to_snapshot_history,0,True,,,,,
uniswap-v4,0xe84b68921966e31ea58257b3f938cada6a1fb00a625a33c11629a459a12b132e,2026-09-21T08:59:45+00:00,unresolved,token_lp_or_usd_conditions_unverified,4,True,,,,,
uniswap-v4,0x0904a9e7f24ec66d2dee9ed7cfdd3394bbed33f95126e2f15ab2a3efcc79c0a5,2026-09-21T09:00:11+00:00,excluded,no_swap_in_complete_creation_to_snapshot_history,0,True,,,,,
uniswap-v4,0x6e46cb480d214447ec5abb67776c34e46ffbabf6e682e3f0998ca70939d6ae7b,2026-09-21T09:00:15+00:00,excluded,no_swap_in_complete_creation_to_snapshot_history,0,True,,,,,
uniswap-v4,0x2622a0c393d993d58f181ab88c4a7dd3fdfd80c74e4243aee910cb75f0d2f8cf,2026-09-21T09:00:21+00:00,excluded,no_remaining_lp_principal,287,True,,,,,
uniswap-v4,0x17690bb5a2d4402a1dbe52884f8eefdd3628cc12b45b99b84ee0a12f1e844f26,2026-09-21T09:00:31+00:00,unresolved,token_lp_or_usd_conditions_unverified,1,True,,,,,
uniswap-v4,0x4a67f87fac3571f27c24d5d5d6ae383a72434d70929f33006799bda0de4e110d,2026-09-21T09:01:17+00:00,unresolved,token_lp_or_usd_conditions_unverified,2,True,,,,,
uniswap-v4,0xd31165d138ed056d79a06cba76ec7896c55fbd04fbea026cab16b222496b7e7d,2026-09-21T09:01:21+00:00,excluded,no_swap_in_complete_creation_to_snapshot_history,0,True,,,,,
uniswap-v4,0x432ed432b1329f42952acb9f6b95c028b867bd924f0823d1b2d93ba96cec2465,2026-09-21T09:01:29+00:00,excluded,no_swap_in_complete_creation_to_snapshot_history,0,True,,,,,
uniswap-v4,0xfe3d0c4304f1457873fc0527e0b3c23781b1082efc199989ef80d4e45ad1f091,2026-09-21T09:01:33+00:00,excluded,no_swap_in_complete_creation_to_snapshot_history,0,True,,,,,
uniswap-v4,0x4ac4aa0f2153ec299ec77893cf20d778d67061e8341cffd8a3d9de2d47740b6c,2026-09-21T09:01:55+00:00,unresolved,token_lp_or_usd_conditions_unverified,4,True,,,,,
uniswap-v4,0x2def923aa96a3583d2bec3df6c6ce3ac6f93cd1e50a1017beec57b6d81b6355a,2026-09-21T09:01:55+00:00,unresolved,token_lp_or_usd_conditions_unverified,3,True,,,,,
uniswap-v4,0x4ff2e891fb17ad7c645ebc484cf3f1779d7c662abeca3e01f507f0fde66cc243,2026-09-21T09:02:47+00:00,excluded,no_remaining_lp_principal,5,True,,,,,
uniswap-v4,0xeca122423a269bc47d3bf3a393b9054d5ebcc40202854e834c5eac8f78438a88,2026-09-21T09:02:51+00:00,unresolved,token_lp_or_usd_conditions_unverified,1,True,,,,,
uniswap-v4,0xe4f50e77e2efce485dcc688ffb0b16a7f74e06377f1a310ddfcce5d6a533a217,2026-09-21T09:03:19+00:00,excluded,no_swap_in_complete_creation_to_snapshot_history,0,True,,,,,
uniswap-v4,0x96d0b30825be5d4f56651c97fe6747a86d739d3cf087cdbf4b5009112b67ddf9,2026-09-21T09:03:23+00:00,excluded,no_swap_in_complete_creation_to_snapshot_history,0,True,,,,,
uniswap-v4,0xa9c60e97097925e8dc7e5366cdd87d75e4e695148b14ac710955680625479934,2026-09-21T09:04:07+00:00,excluded,no_swap_in_complete_creation_to_snapshot_history,0,True,,,,,
uniswap-v4,0xc7ce6dd946c14642dc5538bf2dfb1ac5a45ee7809bf857e257622ed0ded2f84e,2026-09-21T09:04:31+00:00,excluded,no_remaining_lp_principal,82,True,,,,,
uniswap-v4,0x1dbc12c4d8360d771e0c524f5d444af9dca8bfa967b5f567220df04eda10d352,2026-09-21T09:04:31+00:00,excluded,positive_lp_share_withdrawal_succeeded,1,True,,,,,
uniswap-v4,0x3b33dcf61f5ce45910552e11f216ef7b7c83b29cf2af4bb70388581251b227bb,2026-09-21T09:04:35+00:00,excluded,no_swap_in_complete_creation_to_snapshot_history,0,True,,,,,
uniswap-v4,0xadc701e6433109d960f343cd47c56080f03d37fe74d4c2fc96bda3a62a72425d,2026-09-21T09:04:43+00:00,excluded,positive_lp_share_withdrawal_succeeded,395,True,,,,,
uniswap-v4,0x55bc450979e1f65365833f4d2e3af69af8eca25e336dee93d325a22eb21ca2c9,2026-09-21T09:05:39+00:00,excluded,no_swap_in_complete_creation_to_snapshot_history,0,True,,,,,
uniswap-v4,0xef4d8ba053e3271d8a87872eef9e8ad079cfc81e4bddf58ddba093f488c818e8,2026-09-21T09:05:43+00:00,excluded,no_swap_in_complete_creation_to_snapshot_history,0,True,,,,,
uniswap-v4,0xb1be747ef3fc8a2ce1c587df439b830291ebe50e25807d2b51e74f0a045e1cea,2026-09-21T09:05:49+00:00,excluded,no_swap_in_complete_creation_to_snapshot_history,0,True,,,,,
uniswap-v4,0xc955ffb9c79f3af7539050d805597126e071d67880d062252a3d3282a445bf27,2026-09-21T09:05:51+00:00,excluded,no_swap_in_complete_creation_to_snapshot_history,0,True,,,,,
uniswap-v4,0xf5f17a32e05b0c79b5d3a2301fa1c023e711288917dcbba47f9ead721ec441d9,2026-09-21T09:06:31+00:00,excluded,no_swap_in_complete_creation_to_snapshot_history,0,True,,,,,
uniswap-v4,0x221e53c9b80cd6dd66568215b22ad2cb1dbd864e5e40e07a085ae35830e84a1e,2026-09-21T09:06:35+00:00,excluded,no_swap_in_complete_creation_to_snapshot_history,0,True,,,,,
uniswap-v4,0x5a1878a0b34f2aa801c7d780c9c09bbdfa30b89bc45e1b8c635f487efa94b1aa,2026-09-21T09:07:09+00:00,excluded,no_swap_in_complete_creation_to_snapshot_history,0,True,,,,,
uniswap-v4,0x4c2b65c821620ea5a58b708b233797a6ebcea4ec8f5ed2c5c56d636925db3dc8,2026-09-21T09:07:23+00:00,excluded,no_swap_in_complete_creation_to_snapshot_history,0,True,,,,,
uniswap-v4,0xdbb0ee32e9ef6067aeddeb73595d5d03b0eee1ed0ac2938433816bec2e9bfc99,2026-09-21T09:07:45+00:00,excluded,no_swap_in_complete_creation_to_snapshot_history,0,True,,,,,
uniswap-v4,0xd884eab21959d823d26e15b8cc27d698974f112b0952ad18a6068c86326da372,2026-09-21T09:07:45+00:00,excluded,no_remaining_lp_principal,100,True,,,,,
uniswap-v4,0x35d75f66844aee4a0749679dcb4f3cb80659daba8e1ee2c583fa41be19532fea,2026-09-21T09:08:13+00:00,excluded,no_swap_in_complete_creation_to_snapshot_history,0,True,,,,,
uniswap-v4,0xd4ca62a499d984ee20f4ee3559cc2ec6342992f347678a5af69ac89aa06f0105,2026-09-21T09:08:37+00:00,excluded,no_swap_in_complete_creation_to_snapshot_history,0,True,,,,,
uniswap-v4,0x10367aa76c95e1529ce00d9bfaabbe3d5914d10737961bff27cd1397b5bedc3c,2026-09-21T09:09:55+00:00,excluded,no_swap_in_complete_creation_to_snapshot_history,0,True,,,,,
uniswap-v4,0xaf796f2ee662e6359199858dc7a3d524c4c582aecc1b209dea5bc40a6a9bf17d,2026-09-21T09:10:23+00:00,excluded,no_swap_in_complete_creation_to_snapshot_history,0,True,,,,,
uniswap-v4,0xb015dd9b08bc5af8d9cd6dfdcf31ebf91c0c651203e6d3439c85427ddc9a1a98,2026-09-21T09:11:21+00:00,excluded,positive_lp_share_withdrawal_succeeded,2,True,,,,,
uniswap-v4,0x9f459187c40791fb23dfc9482b7cc09b26fd203c702c7f190aad2ae8c74580e3,2026-09-21T09:11:49+00:00,excluded,no_swap_in_complete_creation_to_snapshot_history,0,True,,,,,
uniswap-v4,0xb1f6cdfac0e7dbfd2b6bdec0bbdc00b060b4d84b5f116dc6cb5f8c851b97749a,2026-09-21T09:12:35+00:00,excluded,no_remaining_lp_principal,5,True,,,,,
uniswap-v4,0x4843dda83020379b735fa9f60c53d8f0ef71af016e4e4930a654abe5600dfd8b,2026-09-21T09:12:51+00:00,excluded,no_swap_in_complete_creation_to_snapshot_history,0,True,,,,,
uniswap-v4,0x803f513664bcb3775287879de494606bf6c43057027fc4d5543b1e22f6ecb1b5,2026-09-21T09:13:19+00:00,excluded,no_swap_in_complete_creation_to_snapshot_history,0,True,,,,,
uniswap-v4,0xfcda4e22c7f3d96d29588ddcccc0c6f2109f181362687f4652145211a60c61be,2026-09-21T09:13:31+00:00,excluded,no_remaining_lp_principal,242,True,,,,,
uniswap-v4,0xf2b816be9df947fe8ba16c4861a18c709aa05035cbde917ae97f575d18515da2,2026-09-21T09:13:47+00:00,unresolved,token_lp_or_usd_conditions_unverified,13,True,,,,,
uniswap-v4,0xf78e80d6a63c3c588c2b82d920dbfadea39b4f11c4cfa6405d7068dda959a277,2026-09-21T09:14:09+00:00,excluded,no_swap_in_complete_creation_to_snapshot_history,0,True,,,,,
uniswap-v4,0xb6795973f96f2ccb2c971b26d522c562f270c81c17b23107f7a79e212c247853,2026-09-21T09:15:19+00:00,unresolved,token_lp_or_usd_conditions_unverified,1,True,,,,,
uniswap-v4,0x315d6d46dd6d1da56f9f8d03068fd8f6d518c195d8a83052fb5bea493ac49dda,2026-09-21T09:15:49+00:00,excluded,no_remaining_lp_principal,265,True,,,,,
uniswap-v4,0xf9a6f8f59ff6a5e9d7e57739373cbab89f4cf086f5a05404e480980fb6bc8634,2026-09-21T09:16:07+00:00,excluded,no_swap_in_complete_creation_to_snapshot_history,0,True,,,,,
uniswap-v4,0xc984d5b16223835857ca0fc66ec434d929f6e17690a602b40a3ce24d1e6e350b,2026-09-21T09:16:25+00:00,excluded,no_remaining_lp_principal,85,True,,,,,
uniswap-v4,0xc2882d432196fbaa42b134873b4dec864b918ad5b765d75a46c699d791d86b93,2026-09-21T09:16:29+00:00,excluded,no_swap_in_complete_creation_to_snapshot_history,0,True,,,,,
uniswap-v4,0xf42c7a434194d88ec227b299806de0d9ec30d0395ca20957864120063848564c,2026-09-21T09:17:25+00:00,excluded,no_swap_in_complete_creation_to_snapshot_history,0,True,,,,,
uniswap-v4,0x3b84747db9dcfd7d7412cecfe4092373a3d560754f385096b7d6a46c35a0606b,2026-09-21T09:17:53+00:00,unresolved,token_lp_or_usd_conditions_unverified,1,True,,,,,
uniswap-v4,0x9417661de7260efc1ad986e64913f064b39674e74f120e1f80d9bf3d735286a9,2026-09-21T09:18:27+00:00,unresolved,token_lp_or_usd_conditions_unverified,1,True,,,,,
uniswap-v4,0xcb324860f0f26a39e354e081723ecfac589b1619dd67dd510e2f9fca878f421f,2026-09-21T09:18:31+00:00,excluded,no_swap_in_complete_creation_to_snapshot_history,0,True,,,,,
uniswap-v4,0xeee51341dc66528f3e6c404e689ae93d2fea9919c20d1102f873a3b2ea337652,2026-09-21T09:18:57+00:00,excluded,no_swap_in_complete_creation_to_snapshot_history,0,True,,,,,
uniswap-v4,0xe7f8e0d0716814451b2959ece3d03e1b5d6b78a4c19320c643963bc24f3216b0,2026-09-21T09:18:59+00:00,excluded,no_swap_in_complete_creation_to_snapshot_history,0,True,,,,,
uniswap-v4,0xd4bd990f3b0aa9c77a3af38279aec2583925e6135e22f59551ac384cf86578c5,2026-09-21T09:19:31+00:00,excluded,positive_lp_share_withdrawal_succeeded,131,True,,,,,
uniswap-v4,0x88de4166fb212286925d701bb7f86b1e2ad69a90a24e2b0b9b5e48bf922b2f59,2026-09-21T09:19:35+00:00,excluded,no_swap_in_complete_creation_to_snapshot_history,0,True,,,,,
uniswap-v4,0x093cb6ea568a554a161c71febd4f61a9269fe9b3595668da5f06bbf11c06ce7a,2026-09-21T09:20:31+00:00,excluded,no_swap_in_complete_creation_to_snapshot_history,0,True,,,,,
uniswap-v4,0xd9095e7c379bdb6c41bf100a4532dab69c296176120f6eda30b749445f8ae96f,2026-09-21T09:21:05+00:00,excluded,no_swap_in_complete_creation_to_snapshot_history,0,True,,,,,
uniswap-v4,0xfddc91cbc52496e24e8ce65cf63b27b49102b92b895144603dada56a0ef5f90a,2026-09-21T09:21:19+00:00,unresolved,token_lp_or_usd_conditions_unverified,3,True,,,,,
uniswap-v4,0x5b1bd5c186fb80d802817f6d96e82a3f5799b94b32857e1ff8cc42668afed0d3,2026-09-21T09:21:23+00:00,excluded,no_swap_in_complete_creation_to_snapshot_history,0,True,,,,,
uniswap-v4,0x7dea89815acc0c0cb081bab586798776aa02a9649bb47ec6a08427bb464b7031,2026-09-21T09:21:25+00:00,excluded,no_swap_in_complete_creation_to_snapshot_history,0,True,,,,,
uniswap-v4,0x788249cd141fab37354ff0f087ec12fb2628983a19d5e85c84ed64abd97dc8d2,2026-09-21T09:21:29+00:00,excluded,no_swap_in_complete_creation_to_snapshot_history,0,True,,,,,
uniswap-v4,0x39cc0901a31df4633cba3a3bbdd46a6174cc97ea4f8260c3d39d818db2b7353f,2026-09-21T09:21:43+00:00,excluded,no_swap_in_complete_creation_to_snapshot_history,0,True,,,,,
uniswap-v4,0xafe5c9c65f679440ed5f92c0bf48b743942ca5d5fd5e1697fe1a1145bdb91380,2026-09-21T09:22:39+00:00,excluded,no_remaining_lp_principal,5,True,,,,,
uniswap-v4,0xc08714239dd7c8ecb386682b09ff00f35af2e3c3a90f15e5fee1c4012f836a76,2026-09-21T09:23:27+00:00,excluded,no_swap_in_complete_creation_to_snapshot_history,0,True,,,,,
uniswap-v4,0x565072b85930a8f8be4abb09338d6fe47fe8e858317bf1bde520094ee1a59d1f,2026-09-21T09:24:47+00:00,excluded,no_swap_in_complete_creation_to_snapshot_history,0,True,,,,,
uniswap-v4,0xb805f1db00980bf9d2f5e35cd3a5a35f7462bb0b2c2ea6a9a7b253341a0a71ab,2026-09-21T09:24:51+00:00,excluded,no_swap_in_complete_creation_to_snapshot_history,0,True,,,,,
uniswap-v4,0x18919db6efcb3a2e29379f5441d19e39be0fb941aaeb755fbda0770cc249ac36,2026-09-21T09:25:41+00:00,excluded,positive_lp_share_withdrawal_succeeded,120,True,,,,,
uniswap-v4,0x7bca4efb4298bf85d31362373f833f90af7b4e747eb86bf393435a7185cbc400,2026-09-21T09:26:05+00:00,excluded,no_swap_in_complete_creation_to_snapshot_history,0,True,,,,,
uniswap-v4,0xac82572eff76de9847389241949fc7a268d20bad05c923a31450fc8830dc772e,2026-09-21T09:26:23+00:00,excluded,no_swap_in_complete_creation_to_snapshot_history,0,True,,,,,
uniswap-v4,0x0974cd9adc1a10705d89d2905cffe393100112d32c9e1a0d00bd81a944dd91f6,2026-09-21T09:28:17+00:00,excluded,positive_lp_share_withdrawal_succeeded,81,True,,,,,
uniswap-v4,0x272ae84df469d1aec44c2b9858afadfff64961063971bae852cc9948e90e69c0,2026-09-21T09:28:21+00:00,excluded,no_swap_in_complete_creation_to_snapshot_history,0,True,,,,,
uniswap-v4,0x1432496f68ec04bfcc3d0860908f55a54b7a2c5f6fe9dc5910a659fb29b8f811,2026-09-21T09:28:25+00:00,unresolved,token_lp_or_usd_conditions_unverified,1,True,,,,,
uniswap-v4,0x2b14b2f83725a5b32111bb7c70b6a7c8cba60b830b8908dfd36a4591fa91ec78,2026-09-21T09:28:57+00:00,unresolved,token_lp_or_usd_conditions_unverified,1,True,,,,,
uniswap-v4,0x93dc34fc09fe2412dbf446097ad64e6b77ac7e83140b4a93ffc6765796ea3a04,2026-09-21T09:29:09+00:00,unresolved,token_lp_or_usd_conditions_unverified,2,True,,,,,
uniswap-v4,0x857e3e599a539a29cb1bd574bfafc4b9795aba97803170070d5f1819f4e523bf,2026-09-21T09:29:13+00:00,excluded,no_swap_in_complete_creation_to_snapshot_history,0,True,,,,,
uniswap-v4,0x10b380a04b24e5e594b7ae2d3a999ed5e3838ed1705cc758a6b92c53565752e3,2026-09-21T09:29:47+00:00,excluded,no_swap_in_complete_creation_to_snapshot_history,0,True,,,,,
uniswap-v4,0x56a58c06593d9cd8aaf7740b51ae0688dc42af077bab470a5aad04f4ea73c553,2026-09-21T09:30:25+00:00,unresolved,token_lp_or_usd_conditions_unverified,1,True,,,,,
uniswap-v4,0x5856ea8f0a01c9a5d8feaca8b3a76b8d3a169a31beee15df70237fffa7a10373,2026-09-21T09:30:55+00:00,excluded,positive_lp_share_withdrawal_succeeded,29,True,,,,,
uniswap-v4,0x7af7916563d3c26f1f3b8bdd31a4474c4c37b3cc54140a9e131c472fc0d7e0e5,2026-09-21T09:31:49+00:00,excluded,no_swap_in_complete_creation_to_snapshot_history,0,True,,,,,
uniswap-v4,0x9c809c1e502be3cc13a4bb9107f85f361b33a41d1f783c21df1f6d2b291efb77,2026-09-21T09:31:53+00:00,excluded,no_swap_in_complete_creation_to_snapshot_history,0,True,,,,,
cetus-clmm,0xb36f68c90b84da8fdba66dcb30008112408f2a3c83756a1f051d8483219b3892,2026-09-20T10:58:55.307Z,unresolved,token_lp_or_usd_conditions_unverified,,,,,,,
cetus-clmm,0x17992daed7f8676530ee14b4fbbb9d2d7819e01c3970d4b7be24211fd65fe607,2026-09-20T14:54:52.782Z,unresolved,token_lp_or_usd_conditions_unverified,,,,,,,
cetus-clmm,0xe9857bbbe718b83908c5d5f861752e06d25c78b07b4c92bf283f158846f24ff3,2026-09-20T15:11:09.988Z,unresolved,token_lp_or_usd_conditions_unverified,,,,,,,
cetus-clmm,0x06a3705c6797604e2401a8b3b818162b7f32b90fc9c9db809fd1ac643114e1de,2026-09-20T20:11:18.492Z,unresolved,token_lp_or_usd_conditions_unverified,,,,,,,
cetus-clmm,0x1393795f9a23d2c41f0d1c760491111be1dacc86e82f41053ea48a9fe52b3a84,2026-09-21T01:21:47.937Z,unresolved,token_lp_or_usd_conditions_unverified,,,,,,,
cetus-clmm,0x7c2a102d4ae176727346ea732d7400a922d743ec0f46bfeee4e8d1008001e5a9,2026-09-21T01:22:02.907Z,unresolved,token_lp_or_usd_conditions_unverified,,,,,,,
cetus-clmm,0xaf69f16e9dd0afe3f7adf50f413c8bb35182ee5f0d306fcbe84a2e3c7d1bcdcf,2026-09-21T01:24:21.350Z,unresolved,token_lp_or_usd_conditions_unverified,,,,,,,
cetus-clmm,0x1f4082fca16445fec8add7dacfeb23398783fb329cb79f375b95addfe396b8c1,2026-09-21T01:32:24.515Z,unresolved,token_lp_or_usd_conditions_unverified,,,,,,,
cetus-clmm,0x50a248ec551f6d7e56a21563f2560c041e1d523e99637c0721ff9f865cc23316,2026-09-21T01:35:40.928Z,unresolved,token_lp_or_usd_conditions_unverified,,,,,,,
cetus-clmm,0xbce3b0bbd3a6ffb438807b4971f5d899458d4aa308fbaaf968f7de24e09d3383,2026-09-21T01:52:52.178Z,unresolved,token_lp_or_usd_conditions_unverified,,,,,,,
cetus-clmm,0xbc72ddc13f1cff52c42cbe47366ebd0b100fd40248dc3e94b8381d100cc9ead3,2026-09-21T03:05:28.698Z,unresolved,token_lp_or_usd_conditions_unverified,,,,,,,
cetus-clmm,0xfa8d549455c9e204567ac35a27ae8ee6134775a8d758417af28b8b036e8e51e2,2026-09-21T04:06:47.632Z,unresolved,token_lp_or_usd_conditions_unverified,,,,,,,
cetus-clmm,0xc67bb38e39f7b2991ec82b067d297b5efda0ce0256e2309f7ebf2418338494d2,2026-09-21T07:06:16.872Z,unresolved,token_lp_or_usd_conditions_unverified,,,,,,,
cetus-clmm,0x02b959188edcaf5ae4bdfc127c8bcf707c2173b986452aa69df83b09301c1e76,2026-09-21T07:33:45.532Z,unresolved,token_lp_or_usd_conditions_unverified,,,,,,,
cetus-clmm,0xc2dcaf39fd9e34a6f5ec0df8db731b8050282a5622764b11edd7c17e215ee5df,2026-09-21T07:44:03.867Z,unresolved,token_lp_or_usd_conditions_unverified,,,,,,,
